folder,file,instrument,level,lot,inkludert,ekskludert,mean_beregnet,mean_angitt,sd_beregnet,sd_angitt,cv_beregnet,cv_angitt,zstat,sd_ratio
Basophil,April 2026.xlsx,XR1,L1,60751101,23,0.0,0.153,0.15,0.006,0.008,3.65,5.33,1.825,1.3333333333333333
Basophil,April 2026.xlsx,XR2,L1,60751101,22,0.0,0.15,0.15,0.007,0.008,4.8,5.33,0.267,1.1428571428571428
Basophil,April 2026.xlsx,XR3,L1,60751101,22,0.0,0.149,0.15,0.005,0.008,3.53,5.33,-0.533,1.6
Basophil,April 2026.xlsx,XR1,L1,60191101,41,0.0,0.153,0.15,0.007,0.008,4.4,5.33,2.147,1.1428571428571428
Basophil,April 2026.xlsx,XR2,L1,60191101,38,0.0,0.149,0.15,0.005,0.008,3.46,5.33,-0.406,1.6
Basophil,April 2026.xlsx,XR3,L1,60191101,38,0.0,0.148,0.15,0.006,0.008,4.3,5.33,-1.217,1.3333333333333333
Basophil,April 2026.xlsx,XR1,L2,60751102,35,0.0,0.348,0.34,0.013,0.014,3.61,4.12,3.381,1.076923076923077
Basophil,April 2026.xlsx,XR2,L2,60751102,34,0.0,0.338,0.34,0.011,0.014,3.21,4.12,-0.735,1.272727272727273
Basophil,April 2026.xlsx,XR3,L2,60751102,32,0.0,0.339,0.34,0.01,0.014,3.08,4.12,-0.253,1.4
Basophil,April 2026.xlsx,XR1,L2,60191102,57,0.0,0.337,0.33,0.011,0.014,3.12,4.24,3.784,1.272727272727273
Basophil,April 2026.xlsx,XR2,L2,60191102,56,0.0,0.327,0.33,0.01,0.014,3.14,4.24,-1.623,1.4
Basophil,April 2026.xlsx,XR3,L2,60191102,55,0.0,0.328,0.33,0.008,0.014,2.58,4.24,-1.059,1.75
Basophil,April 2026.xlsx,XR1,L3,60751103,22,0.0,0.823,0.81,0.027,0.04,3.25,4.94,1.492,1.4814814814814816
Basophil,April 2026.xlsx,XR2,L3,60751103,22,0.0,0.797,0.81,0.026,0.04,3.27,4.94,-1.492,1.5384615384615385
Basophil,April 2026.xlsx,XR3,L3,60751103,21,0.0,0.796,0.81,0.017,0.04,2.16,4.94,-1.582,2.3529411764705883
Basophil,April 2026.xlsx,XR1,L3,60191103,38,0.0,0.798,0.78,0.024,0.04,3.04,5.13,2.798,1.6666666666666667
Basophil,April 2026.xlsx,XR2,L3,60191103,38,0.0,0.783,0.78,0.023,0.04,2.9,5.13,0.487,1.7391304347826089
Basophil,April 2026.xlsx,XR3,L3,60191103,42,0.0,0.789,0.78,0.019,0.04,2.43,5.13,1.389,2.1052631578947367
Basophil,April 2026.xlsx,XR3,L3,60191103,636,0.0,0.414,0.412,0.255,0.02,61.55,4.77,2.591,0.0784313725490196
Basophil,February 2026.xlsx,XR1,L1,60191101,12,0.0,0.149,0.15,0.005,0.008,3.45,5.33,-0.361,1.6
Basophil,February 2026.xlsx,XR2,L1,60191101,14,0.0,0.149,0.15,0.008,0.008,5.18,5.33,-0.668,1.0
Basophil,February 2026.xlsx,XR3,L1,60191101,14,0.0,0.149,0.15,0.005,0.008,3.18,5.33,-0.334,1.6
Basophil,February 2026.xlsx,XR1,L1,53281101,24,0.0,0.147,0.15,0.008,0.008,5.19,5.33,-2.041,1.0
Basophil,February 2026.xlsx,XR2,L1,53281101,25,0.0,0.147,0.15,0.007,0.008,4.61,5.33,-1.75,1.1428571428571428
Basophil,February 2026.xlsx,XR3,L1,53281101,27,0.0,0.144,0.15,0.006,0.008,4.43,5.33,-3.608,1.3333333333333333
Basophil,February 2026.xlsx,XR1,L2,60191102,19,0.0,0.327,0.33,0.007,0.014,2.24,4.24,-0.819,2.0
Basophil,February 2026.xlsx,XR2,L2,60191102,20,0.0,0.329,0.33,0.01,0.014,2.94,4.24,-0.319,1.4
Basophil,February 2026.xlsx,XR3,L2,60191102,19,0.0,0.327,0.33,0.009,0.014,2.89,4.24,-0.983,1.5555555555555558
Basophil,February 2026.xlsx,XR1,L2,53281102,65,0.0,0.336,0.34,0.011,0.014,3.4,4.12,-2.215,1.272727272727273
Basophil,February 2026.xlsx,XR2,L2,53281102,65,0.0,0.336,0.34,0.009,0.014,2.54,4.12,-2.038,1.5555555555555558
Basophil,February 2026.xlsx,XR3,L2,53281102,64,0.0,0.332,0.34,0.009,0.014,2.67,4.12,-4.375,1.5555555555555558
Basophil,February 2026.xlsx,XR1,L3,60191103,11,0.0,0.796,0.78,0.022,0.04,2.77,5.13,1.357,1.8181818181818183
Basophil,February 2026.xlsx,XR2,L3,60191103,12,0.0,0.785,0.78,0.029,0.04,3.74,5.13,0.433,1.379310344827586
Basophil,February 2026.xlsx,XR3,L3,60191103,11,0.0,0.784,0.78,0.014,0.04,1.74,5.13,0.302,2.857142857142857
Basophil,February 2026.xlsx,XR1,L3,53281103,22,0.0,0.803,0.8,0.022,0.04,2.78,5.0,0.373,1.8181818181818183
Basophil,February 2026.xlsx,XR2,L3,53281103,22,0.0,0.809,0.8,0.02,0.04,2.42,5.0,1.013,2.0
Basophil,February 2026.xlsx,XR3,L3,53281103,23,0.0,0.8,0.8,0.019,0.04,2.37,5.0,0.052,2.1052631578947367
Basophil,February 2026.xlsx,XR3,L3,53281103,469,0.0,0.387,0.389,0.229,0.018,59.17,4.63,-2.269,0.07860262008733623
Basophil,January 2026.xlsx,XR1,L1,53281101,31,0.0,0.146,0.15,0.005,0.008,3.32,5.33,-2.47,1.6
Basophil,January 2026.xlsx,XR2,L1,53281101,32,0.0,0.148,0.15,0.006,0.008,4.35,5.33,-1.326,1.3333333333333333
Basophil,January 2026.xlsx,XR3,L1,53281101,32,0.0,0.145,0.15,0.006,0.008,3.92,5.33,-3.536,1.3333333333333333
Basophil,January 2026.xlsx,XR1,L2,53281102,92,0.0,0.338,0.34,0.01,0.014,2.87,4.12,-1.713,1.4
Basophil,January 2026.xlsx,XR2,L2,53281102,92,0.0,0.336,0.34,0.01,0.014,2.84,4.12,-2.904,1.4
Basophil,January 2026.xlsx,XR3,L2,53281102,93,0.0,0.334,0.34,0.01,0.014,2.9,4.12,-4.148,1.4
Basophil,January 2026.xlsx,XR1,L3,53281103,31,0.0,0.801,0.8,0.018,0.04,2.19,5.0,0.135,2.2222222222222223
Basophil,January 2026.xlsx,XR2,L3,53281103,24,0.0,0.812,0.8,0.019,0.04,2.29,5.0,1.429,2.1052631578947367
Basophil,January 2026.xlsx,XR3,L3,53281103,31,0.0,0.801,0.8,0.015,0.04,1.92,5.0,0.135,2.666666666666667
Basophil,January 2026.xlsx,XR3,L3,53281103,458,0.0,0.384,0.387,0.216,0.018,56.06,4.54,-3.1,0.08333333333333333
Basophil,Juli 2026.xlsx,XR1,L1,61311101,64,0.0,0.153,0.15,0.007,0.008,4.36,5.33,3.281,1.1428571428571428
Basophil,Juli 2026.xlsx,XR2,L1,61311101,64,0.0,0.15,0.15,0.007,0.008,4.6,5.33,0.0,1.1428571428571428
Basophil,Juli 2026.xlsx,XR3,L1,61311101,62,0.0,0.149,0.15,0.006,0.008,4.35,5.33,-0.635,1.3333333333333333
Basophil,Juli 2026.xlsx,XR1,L2,61311102,94,0.0,0.335,0.33,0.012,0.014,3.6,4.24,3.684,1.1666666666666667
Basophil,Juli 2026.xlsx,XR2,L2,61311102,93,0.0,0.33,0.33,0.011,0.014,3.18,4.24,0.296,1.272727272727273
Basophil,Juli 2026.xlsx,XR3,L2,61311102,92,0.0,0.333,0.33,0.01,0.014,2.85,4.24,2.234,1.4
Basophil,Juli 2026.xlsx,XR1,L3,61311103,63,0.0,0.82,0.82,0.027,0.04,3.26,4.88,0.094,1.4814814814814816
Basophil,Juli 2026.xlsx,XR2,L3,61311103,62,0.0,0.811,0.82,0.024,0.04,2.91,4.88,-1.81,1.6666666666666667
Basophil,Juli 2026.xlsx,XR3,L3,61311103,62,0.0,0.817,0.82,0.018,0.04,2.21,4.88,-0.603,2.2222222222222223
Basophil,Juli 2026.xlsx,XR3,L3,61311103,656,0.0,0.418,0.418,0.263,0.02,62.95,4.74,0.556,0.07604562737642585
Basophil,June 2026.xlsx,XR1,L1,61311101,32,0.0,0.154,0.15,0.006,0.008,3.63,5.33,2.873,1.3333333333333333
Basophil,June 2026.xlsx,XR2,L1,61311101,34,0.0,0.15,0.15,0.008,0.008,5.44,5.33,0.0,1.0
Basophil,June 2026.xlsx,XR3,L1,61311101,33,0.0,0.15,0.15,0.006,0.008,3.73,5.33,0.0,1.3333333333333333
Basophil,June 2026.xlsx,XR3,L1,61311101,1,0.0,,,,,,,,
Basophil,June 2026.xlsx,XR1,L1,60751101,28,0.0,0.154,0.15,0.008,0.008,5.08,5.33,2.362,1.0
Basophil,June 2026.xlsx,XR2,L1,60751101,30,0.0,0.151,0.15,0.006,0.008,4.16,5.33,0.913,1.3333333333333333
Basophil,June 2026.xlsx,XR3,L1,60751101,29,0.0,0.15,0.15,0.005,0.008,3.33,5.33,-0.232,1.6
Basophil,June 2026.xlsx,XR1,L2,61311102,50,0.0,0.339,0.33,0.01,0.014,2.88,4.24,4.748,1.4
Basophil,June 2026.xlsx,XR2,L2,61311102,48,0.0,0.329,0.33,0.012,0.014,3.7,4.24,-0.412,1.1666666666666667
Basophil,June 2026.xlsx,XR3,L2,61311102,49,0.0,0.331,0.33,0.009,0.014,2.68,4.24,0.714,1.5555555555555558
Basophil,June 2026.xlsx,XR1,L2,60751102,42,0.0,0.346,0.34,0.011,0.014,3.18,4.12,2.976,1.272727272727273
Basophil,June 2026.xlsx,XR2,L2,60751102,42,0.0,0.338,0.34,0.01,0.014,3.08,4.12,-0.882,1.4
Basophil,June 2026.xlsx,XR3,L2,60751102,42,0.0,0.34,0.34,0.008,0.014,2.29,4.12,0.11,1.75
Basophil,June 2026.xlsx,XR1,L3,61311103,32,0.0,0.826,0.82,0.022,0.04,2.64,4.88,0.84,1.8181818181818183
Basophil,June 2026.xlsx,XR2,L3,61311103,32,0.0,0.813,0.82,0.021,0.04,2.54,4.88,-1.016,1.9047619047619047
Basophil,June 2026.xlsx,XR3,L3,61311103,33,0.0,0.815,0.82,0.017,0.04,2.06,4.88,-0.696,2.3529411764705883
Basophil,June 2026.xlsx,XR1,L3,60751103,28,0.0,0.81,0.81,0.024,0.04,2.99,4.94,0.0,1.6666666666666667
Basophil,June 2026.xlsx,XR2,L3,60751103,28,0.0,0.799,0.81,0.018,0.04,2.26,4.94,-1.417,2.2222222222222223
Basophil,June 2026.xlsx,XR3,L3,60751103,28,0.0,0.794,0.81,0.019,0.04,2.33,4.94,-2.126,2.1052631578947367
Basophil,June 2026.xlsx,XR3,L3,60751103,641,0.0,0.417,0.417,0.259,0.02,62.26,4.72,-0.517,0.07722007722007722
Basophil,Mai 2026.xlsx,XR1,L1,60751101,65,0.0,0.151,0.15,0.008,0.008,5.07,5.33,1.395,1.0
Basophil,Mai 2026.xlsx,XR2,L1,60751101,64,0.0,0.149,0.15,0.007,0.008,4.59,5.33,-0.938,1.1428571428571428
Basophil,Mai 2026.xlsx,XR3,L1,60751101,62,0.0,0.149,0.15,0.005,0.008,3.59,5.33,-0.953,1.6
Basophil,Mai 2026.xlsx,XR1,L2,60751102,95,0.0,0.345,0.34,0.013,0.014,3.68,4.12,3.518,1.076923076923077
Basophil,Mai 2026.xlsx,XR2,L2,60751102,93,0.0,0.34,0.34,0.01,0.014,2.86,4.12,-0.074,1.4
Basophil,Mai 2026.xlsx,XR3,L2,60751102,94,0.0,0.34,0.34,0.009,0.014,2.74,4.12,0.221,1.5555555555555558
Basophil,Mai 2026.xlsx,XR1,L3,60751103,63,0.0,0.812,0.81,0.024,0.04,3.0,4.94,0.441,1.6666666666666667
Basophil,Mai 2026.xlsx,XR2,L3,60751103,62,0.0,0.796,0.81,0.023,0.04,2.92,4.94,-2.731,1.7391304347826089
Basophil,Mai 2026.xlsx,XR3,L3,60751103,63,0.0,0.803,0.81,0.017,0.04,2.06,4.94,-1.386,2.3529411764705883
Basophil,Mai 2026.xlsx,XR3,L3,60751103,661,0.0,0.418,0.419,0.257,0.02,61.46,4.7,-1.365,0.07782101167315175
Basophil,March 2026.xlsx,XR1,L1,60191101,64,0.0,0.152,0.15,0.006,0.008,4.27,5.33,1.563,1.3333333333333333
Basophil,March 2026.xlsx,XR2,L1,60191101,63,0.0,0.15,0.15,0.006,0.008,4.13,5.33,0.315,1.3333333333333333
Basophil,March 2026.xlsx,XR3,L1,60191101,64,0.0,0.148,0.15,0.005,0.008,3.3,5.33,-1.719,1.6
Basophil,March 2026.xlsx,XR1,L2,60191102,89,2.0,0.329,0.33,0.012,0.014,3.63,4.24,-0.454,1.1666666666666667
Basophil,March 2026.xlsx,XR2,L2,60191102,93,0.0,0.327,0.33,0.01,0.014,3.2,4.24,-2.296,1.4
Basophil,March 2026.xlsx,XR3,L2,60191102,95,0.0,0.327,0.33,0.01,0.014,2.99,4.24,-2.052,1.4
Basophil,March 2026.xlsx,XR1,L3,60191103,64,0.0,0.787,0.78,0.026,0.04,3.35,5.13,1.438,1.5384615384615385
Basophil,March 2026.xlsx,XR2,L3,60191103,62,0.0,0.782,0.78,0.02,0.04,2.51,5.13,0.349,2.0
Basophil,March 2026.xlsx,XR3,L3,60191103,64,0.0,0.78,0.78,0.018,0.04,2.3,5.13,0.0,2.2222222222222223
Basophil,March 2026.xlsx,XR3,L3,60191103,658,2.0,0.408,0.408,0.251,0.02,61.55,4.81,-0.138,0.0796812749003984
Hb,Hb_April_Mai 2026.xlsx,XR1,L1,60751101,88,0.0,6.24,6.2,0.05,0.09,0.87,1.45,4.619,1.7999999999999998
Hb,Hb_April_Mai 2026.xlsx,XR2,L1,60751101,84,2.0,6.27,6.2,0.06,0.09,0.88,1.45,7.274,1.5
Hb,Hb_April_Mai 2026.xlsx,XR3,L1,60751101,84,0.0,6.21,6.2,0.05,0.09,0.84,1.45,0.849,1.7999999999999998
Hb,Hb_April_Mai 2026.xlsx,XR1,L1,60191101,41,0.0,6.31,6.3,0.05,0.09,0.84,1.43,1.041,1.7999999999999998
Hb,Hb_April_Mai 2026.xlsx,XR2,L1,60191101,38,0.0,6.32,6.3,0.07,0.09,1.11,1.43,1.442,1.2857142857142856
Hb,Hb_April_Mai 2026.xlsx,XR3,L1,60191101,38,0.0,6.25,6.3,0.06,0.09,0.97,1.43,-3.605,1.5
Hb,Hb_April_Mai 2026.xlsx,XR1,L2,60751102,132,0.0,11.96,12.0,0.07,0.1,0.61,0.83,-4.874,1.4285714285714286
Hb,Hb_April_Mai 2026.xlsx,XR2,L2,60751102,127,0.0,12.01,12.0,0.08,0.1,0.7,0.83,1.509,1.25
Hb,Hb_April_Mai 2026.xlsx,XR3,L2,60751102,126,0.0,11.95,12.0,0.08,0.1,0.66,0.83,-5.702,1.25
Hb,Hb_April_Mai 2026.xlsx,XR1,L2,60191102,58,0.0,11.79,11.8,0.06,0.1,0.51,0.85,-1.05,1.6666666666666667
Hb,Hb_April_Mai 2026.xlsx,XR2,L2,60191102,56,0.0,11.8,11.8,0.08,0.1,0.67,0.85,0.267,1.25
Hb,Hb_April_Mai 2026.xlsx,XR3,L2,60191102,55,0.0,11.74,11.8,0.09,0.1,0.73,0.85,-4.315,1.1111111111111112
Hb,Hb_April_Mai 2026.xlsx,XR1,L3,60751103,85,0.0,15.38,15.5,0.09,0.2,0.56,1.29,-5.586,2.2222222222222223
Hb,Hb_April_Mai 2026.xlsx,XR2,L3,60751103,84,0.0,15.47,15.5,0.08,0.2,0.54,1.29,-1.418,2.5
Hb,Hb_April_Mai 2026.xlsx,XR3,L3,60751103,84,0.0,15.44,15.5,0.1,0.2,0.63,1.29,-2.891,2.0
Hb,Hb_April_Mai 2026.xlsx,XR1,L3,60191103,38,0.0,15.43,15.5,0.08,0.2,0.51,1.29,-2.028,2.5
Hb,Hb_April_Mai 2026.xlsx,XR2,L3,60191103,38,0.0,15.49,15.5,0.09,0.2,0.6,1.29,-0.406,2.2222222222222223
Hb,Hb_April_Mai 2026.xlsx,XR3,L3,60191103,42,0.0,15.5,15.5,0.12,0.2,0.78,1.29,0.0,1.6666666666666667
Hb,Hb_April_Mai 2026.xlsx,XR3,L3,60191103,1298,2.0,11.3,11.32,3.52,0.13,31.16,1.14,-5.586,0.036931818181818184
Hb,Hb_January_March2026.xlsx,XR1,L1,60191101,78,0.0,6.34,6.3,0.05,0.09,0.86,1.43,4.152,1.7999999999999998
Hb,Hb_January_March2026.xlsx,XR2,L1,60191101,77,0.0,6.31,6.3,0.08,0.09,1.2,1.43,1.14,1.125
Hb,Hb_January_March2026.xlsx,XR3,L1,60191101,78,0.0,6.27,6.3,0.06,0.09,0.97,1.43,-2.894,1.5
Hb,Hb_January_March2026.xlsx,XR1,L1,53281101,55,0.0,6.28,6.2,0.05,0.09,0.85,1.45,6.892,1.7999999999999998
Hb,Hb_January_March2026.xlsx,XR2,L1,53281101,57,0.0,6.22,6.2,0.07,0.09,1.06,1.45,1.472,1.2857142857142856
Hb,Hb_January_March2026.xlsx,XR3,L1,53281101,59,0.0,6.19,6.2,0.05,0.09,0.78,1.45,-0.868,1.7999999999999998
Hb,Hb_January_March2026.xlsx,XR1,L2,60191102,110,0.0,11.83,11.8,0.07,0.1,0.62,0.85,3.146,1.4285714285714286
Hb,Hb_January_March2026.xlsx,XR2,L2,60191102,113,0.0,11.76,11.8,0.08,0.1,0.67,0.85,-4.327,1.25
Hb,Hb_January_March2026.xlsx,XR3,L2,60191102,114,0.0,11.79,11.8,0.08,0.1,0.64,0.85,-0.937,1.25
Hb,Hb_January_March2026.xlsx,XR1,L2,53281102,157,0.0,11.96,11.9,0.06,0.1,0.52,0.84,7.103,1.6666666666666667
Hb,Hb_January_March2026.xlsx,XR2,L2,53281102,157,0.0,11.86,11.9,0.08,0.1,0.67,0.84,-5.507,1.25
Hb,Hb_January_March2026.xlsx,XR3,L2,53281102,157,0.0,11.91,11.9,0.08,0.1,0.64,0.84,1.038,1.25
Hb,Hb_January_March2026.xlsx,XR1,L3,60191103,75,0.0,15.54,15.5,0.08,0.2,0.53,1.29,1.559,2.5
Hb,Hb_January_March2026.xlsx,XR2,L3,60191103,74,0.0,15.44,15.5,0.1,0.2,0.62,1.29,-2.732,2.0
Hb,Hb_January_March2026.xlsx,XR3,L3,60191103,75,0.0,15.53,15.5,0.11,0.2,0.68,1.29,1.386,1.8181818181818183
Hb,Hb_January_March2026.xlsx,XR1,L3,53281103,53,0.0,15.43,15.3,0.07,0.2,0.46,1.31,4.876,2.857142857142857
Hb,Hb_January_March2026.xlsx,XR2,L3,53281103,46,0.0,15.31,15.3,0.08,0.2,0.5,1.31,0.221,2.5
Hb,Hb_January_March2026.xlsx,XR3,L3,53281103,54,0.0,15.43,15.3,0.1,0.2,0.62,1.31,4.899,2.0
Hb,Hb_January_March2026.xlsx,XR3,L3,53281103,1589,0.0,11.29,11.28,3.27,0.12,28.96,1.1,4.741,0.03669724770642201
Hb,Hb_JuniJuli.xlsx,XR1,L1,61311101,96,0.0,6.27,6.2,0.05,0.09,0.83,1.45,7.144,1.7999999999999998
Hb,Hb_JuniJuli.xlsx,XR2,L1,61311101,96,2.0,6.29,6.2,0.05,0.09,0.84,1.45,10.093,1.7999999999999998
Hb,Hb_JuniJuli.xlsx,XR3,L1,61311101,95,0.0,6.21,6.2,0.05,0.09,0.75,1.45,0.798,1.7999999999999998
Hb,Hb_JuniJuli.xlsx,XR3,L1,61311101,1,0.0,,,,,,,,
Hb,Hb_JuniJuli.xlsx,XR1,L1,60751101,10,0.0,6.26,6.2,0.05,0.09,0.82,1.45,2.108,1.7999999999999998
Hb,Hb_JuniJuli.xlsx,XR1,L1,60751101,18,0.0,6.24,6.25,0.05,0.09,0.8,1.44,-0.524,1.7999999999999998
Hb,Hb_JuniJuli.xlsx,XR1,L1,60751101,28,0.0,6.25,6.23,0.05,0.09,0.81,1.44,0.84,1.7999999999999998
Hb,Hb_JuniJuli.xlsx,XR2,L1,60751101,10,1.0,6.34,6.2,0.05,0.09,0.81,1.45,4.919,1.7999999999999998
Hb,Hb_JuniJuli.xlsx,XR2,L1,60751101,20,0.0,6.33,6.25,0.06,0.09,0.87,1.44,3.727,1.5
Hb,Hb_JuniJuli.xlsx,XR2,L1,60751101,30,1.0,6.33,6.23,0.05,0.09,0.85,1.44,5.883,1.7999999999999998
Hb,Hb_JuniJuli.xlsx,XR3,L1,60751101,10,0.0,6.22,6.2,0.04,0.09,0.68,1.45,0.703,2.25
Hb,Hb_JuniJuli.xlsx,XR3,L1,60751101,19,0.0,6.22,6.25,0.06,0.09,1.01,1.44,-1.402,1.5
Hb,Hb_JuniJuli.xlsx,XR3,L1,60751101,29,0.0,6.22,6.23,0.06,0.09,0.9,1.44,-0.722,1.5
Hb,Hb_JuniJuli.xlsx,XR1,L2,61311102,144,0.0,11.84,11.9,0.06,0.1,0.53,0.84,-7.667,1.6666666666666667
Hb,Hb_JuniJuli.xlsx,XR2,L2,61311102,141,0.0,11.9,11.9,0.08,0.1,0.65,0.84,0.59,1.25
Hb,Hb_JuniJuli.xlsx,XR3,L2,61311102,141,0.0,11.8,11.9,0.09,0.1,0.75,0.84,-11.369,1.1111111111111112
Hb,Hb_JuniJuli.xlsx,XR1,L2,60751102,42,0.0,11.96,12.0,0.07,0.1,0.61,0.83,-2.623,1.4285714285714286
Hb,Hb_JuniJuli.xlsx,XR2,L2,60751102,42,0.0,12.05,12.0,0.07,0.1,0.61,0.83,2.932,1.4285714285714286
Hb,Hb_JuniJuli.xlsx,XR3,L2,60751102,42,0.0,11.94,12.0,0.1,0.1,0.82,0.83,-4.166,1.0
Hb,Hb_JuniJuli.xlsx,XR1,L3,61311103,95,0.0,15.19,15.3,0.08,0.2,0.51,1.31,-5.284,2.5
Hb,Hb_JuniJuli.xlsx,XR2,L3,61311103,94,0.0,15.3,15.3,0.08,0.2,0.55,1.31,0.052,2.5
Hb,Hb_JuniJuli.xlsx,XR3,L3,61311103,95,0.0,15.21,15.3,0.1,0.2,0.63,1.31,-4.309,2.0
Hb,Hb_JuniJuli.xlsx,XR1,L3,60751103,28,0.0,15.4,15.5,0.09,0.2,0.57,1.29,-2.551,2.2222222222222223
Hb,Hb_JuniJuli.xlsx,XR2,L3,60751103,28,0.0,15.49,15.5,0.09,0.2,0.58,1.29,-0.378,2.2222222222222223
Hb,Hb_JuniJuli.xlsx,XR3,L3,60751103,28,0.0,15.4,15.5,0.07,0.2,0.43,1.29,-2.646,2.857142857142857
Hb,Hb_JuniJuli.xlsx,XR3,L3,60751103,1295,3.0,11.22,11.24,3.47,0.13,30.9,1.15,-7.79,0.037463976945244955
Htc,Htc April Mai 2026.xlsx,XR1,L1,60751101,5,0.0,0.185,0.191,0.002,0.008,1.12,4.19,-1.789,4.0
Htc,Htc April Mai 2026.xlsx,XR1,L1,60751101,83,0.0,0.187,0.187,0.002,0.008,1.14,4.28,0.302,4.0
Htc,Htc April Mai 2026.xlsx,XR1,L1,60751101,88,0.0,0.187,0.187,0.002,0.008,1.18,4.27,-0.133,4.0
Htc,Htc April Mai 2026.xlsx,XR2,L1,60751101,6,0.0,0.186,0.191,0.001,0.008,0.74,4.19,-1.684,8.0
Htc,Htc April Mai 2026.xlsx,XR2,L1,60751101,80,0.0,0.188,0.187,0.002,0.008,1.32,4.28,1.048,4.0
Htc,Htc April Mai 2026.xlsx,XR2,L1,60751101,86,0.0,0.188,0.187,0.003,0.008,1.33,4.27,0.566,2.6666666666666665
Htc,Htc April Mai 2026.xlsx,XR3,L1,60751101,6,0.0,0.188,0.191,0.004,0.008,2.09,4.19,-0.816,2.0
Htc,Htc April Mai 2026.xlsx,XR3,L1,60751101,78,0.0,0.189,0.187,0.002,0.008,1.3,4.28,2.576,4.0
Htc,Htc April Mai 2026.xlsx,XR3,L1,60751101,84,0.0,0.189,0.187,0.003,0.008,1.36,4.27,2.264,2.6666666666666665
Htc,Htc April Mai 2026.xlsx,XR1,L1,60191101,41,0.0,0.189,0.193,0.002,0.008,1.23,4.15,-2.811,4.0
Htc,Htc April Mai 2026.xlsx,XR2,L1,60191101,38,0.0,0.191,0.193,0.003,0.008,1.64,4.15,-1.724,2.6666666666666665
Htc,Htc April Mai 2026.xlsx,XR3,L1,60191101,38,0.0,0.193,0.193,0.002,0.008,1.28,4.15,-0.041,4.0
Htc,Htc April Mai 2026.xlsx,XR1,L2,60751102,132,0.0,0.352,0.358,0.004,0.008,1.14,2.23,-9.15,2.0
Htc,Htc April Mai 2026.xlsx,XR2,L2,60751102,127,0.0,0.353,0.358,0.004,0.008,1.11,2.23,-7.188,2.0
Htc,Htc April Mai 2026.xlsx,XR3,L2,60751102,126,0.0,0.356,0.358,0.004,0.008,1.07,2.23,-2.316,2.0
Htc,Htc April Mai 2026.xlsx,XR1,L2,60191102,58,0.0,0.346,0.352,0.004,0.008,1.12,2.27,-5.712,2.0
Htc,Htc April Mai 2026.xlsx,XR2,L2,60191102,56,0.0,0.347,0.352,0.003,0.008,0.93,2.27,-4.56,2.6666666666666665
Htc,Htc April Mai 2026.xlsx,XR3,L2,60191102,55,0.0,0.354,0.352,0.003,0.008,0.99,2.27,1.854,2.6666666666666665
Htc,Htc April Mai 2026.xlsx,XR1,L3,60751103,5,0.0,0.443,0.455,0.002,0.007,0.48,1.54,-3.833,3.5
Htc,Htc April Mai 2026.xlsx,XR1,L3,60751103,60,0.0,0.446,0.447,0.004,0.007,0.9,1.57,-0.664,1.75
Htc,Htc April Mai 2026.xlsx,XR1,L3,60751103,21,0.0,0.449,0.455,0.004,0.007,0.8,1.54,-3.616,1.75
Htc,Htc April Mai 2026.xlsx,XR1,L3,60751103,86,0.0,0.447,0.449,0.004,0.007,0.93,1.56,-3.266,1.75
Htc,Htc April Mai 2026.xlsx,XR2,L3,60751103,6,0.0,0.444,0.455,0.003,0.007,0.6,1.54,-3.849,2.3333333333333335
Htc,Htc April Mai 2026.xlsx,XR2,L3,60751103,57,0.0,0.446,0.447,0.004,0.007,0.9,1.57,-0.965,1.75
Htc,Htc April Mai 2026.xlsx,XR2,L3,60751103,21,0.0,0.449,0.455,0.004,0.007,0.8,1.54,-4.177,1.75
Htc,Htc April Mai 2026.xlsx,XR2,L3,60751103,84,0.0,0.447,0.45,0.004,0.007,0.9,1.56,-3.912,1.75
Htc,Htc April Mai 2026.xlsx,XR3,L3,60751103,5,0.0,0.449,0.455,0.005,0.007,1.09,1.54,-1.917,1.4
Htc,Htc April Mai 2026.xlsx,XR3,L3,60751103,56,0.0,0.453,0.447,0.005,0.007,1.05,1.57,6.701,1.4
Htc,Htc April Mai 2026.xlsx,XR3,L3,60751103,22,2.0,0.457,0.455,0.006,0.007,1.4,1.54,1.127,1.1666666666666667
Htc,Htc April Mai 2026.xlsx,XR3,L3,60751103,83,2.0,0.454,0.45,0.006,0.007,1.22,1.56,5.614,1.1666666666666667
Htc,Htc April Mai 2026.xlsx,XR1,L3,60191103,38,0.0,0.45,0.451,0.005,0.007,1.09,1.55,-0.904,1.4
Htc,Htc April Mai 2026.xlsx,XR2,L3,60191103,38,0.0,0.451,0.451,0.004,0.007,0.96,1.55,-0.301,1.75
Htc,Htc April Mai 2026.xlsx,XR3,L3,60191103,39,3.0,0.461,0.451,0.004,0.007,0.96,1.55,9.104,1.75
Htc,Htc April Mai 2026.xlsx,XR3,L3,60191103,1297,5.0,0.333,0.334,0.101,0.008,30.21,2.62,-7.197,0.07920792079207921
Htc,Htc January_March 2026.xlsx,XR1,L1,60191101,78,0.0,0.19,0.193,0.003,0.008,1.43,4.15,-2.986,2.6666666666666665
Htc,Htc January_March 2026.xlsx,XR2,L1,60191101,77,0.0,0.189,0.193,0.003,0.008,1.53,4.15,-4.259,2.6666666666666665
Htc,Htc January_March 2026.xlsx,XR3,L1,60191101,78,0.0,0.19,0.193,0.003,0.008,1.32,4.15,-3.1,2.6666666666666665
Htc,Htc January_March 2026.xlsx,XR1,L1,53281101,55,0.0,0.193,0.188,0.003,0.008,1.4,4.26,4.247,2.6666666666666665
Htc,Htc January_March 2026.xlsx,XR2,L1,53281101,57,0.0,0.19,0.188,0.004,0.008,2.17,4.26,1.854,2.0
Htc,Htc January_March 2026.xlsx,XR3,L1,53281101,59,0.0,0.192,0.188,0.003,0.008,1.75,4.26,3.548,2.6666666666666665
Htc,Htc January_March 2026.xlsx,XR1,L2,60191102,110,0.0,0.347,0.352,0.004,0.008,1.01,2.27,-6.043,2.0
Htc,Htc January_March 2026.xlsx,XR2,L2,60191102,113,0.0,0.345,0.352,0.003,0.008,0.87,2.27,-9.913,2.6666666666666665
Htc,Htc January_March 2026.xlsx,XR3,L2,60191102,114,0.0,0.35,0.352,0.004,0.008,1.17,2.27,-3.243,2.0
Htc,Htc January_March 2026.xlsx,XR1,L2,53281102,157,0.0,0.357,0.355,0.004,0.008,1.03,2.25,2.993,2.0
Htc,Htc January_March 2026.xlsx,XR2,L2,53281102,157,0.0,0.353,0.355,0.004,0.008,1.08,2.25,-3.721,2.0
Htc,Htc January_March 2026.xlsx,XR3,L2,53281102,157,0.0,0.358,0.355,0.003,0.008,0.97,2.25,5.237,2.6666666666666665
Htc,Htc January_March 2026.xlsx,XR1,L3,60191103,14,0.0,0.451,0.457,0.003,0.007,0.65,1.53,-3.322,2.3333333333333335
Htc,Htc January_March 2026.xlsx,XR1,L3,60191103,61,0.0,0.452,0.451,0.004,0.007,0.98,1.55,0.933,1.75
Htc,Htc January_March 2026.xlsx,XR1,L3,60191103,75,0.0,0.452,0.452,0.004,0.007,0.93,1.55,-0.594,1.75
Htc,Htc January_March 2026.xlsx,XR2,L3,60191103,14,0.0,0.447,0.457,0.004,0.007,0.9,1.53,-5.231,1.75
Htc,Htc January_March 2026.xlsx,XR2,L3,60191103,60,1.0,0.447,0.451,0.004,0.007,0.9,1.55,-4.187,1.75
Htc,Htc January_March 2026.xlsx,XR2,L3,60191103,74,1.0,0.447,0.452,0.004,0.007,0.89,1.55,-6.045,1.75
Htc,Htc January_March 2026.xlsx,XR3,L3,60191103,14,0.0,0.454,0.457,0.004,0.007,0.89,1.53,-1.68,1.75
Htc,Htc January_March 2026.xlsx,XR3,L3,60191103,61,0.0,0.456,0.451,0.005,0.007,1.01,1.55,5.871,1.4
Htc,Htc January_March 2026.xlsx,XR3,L3,60191103,75,0.0,0.456,0.452,0.005,0.007,1.01,1.55,4.569,1.4
Htc,Htc January_March 2026.xlsx,XR1,L3,53281103,53,0.0,0.45,0.45,0.005,0.007,1.12,1.56,-0.098,1.4
Htc,Htc January_March 2026.xlsx,XR2,L3,53281103,46,0.0,0.446,0.45,0.005,0.007,1.06,1.56,-4.171,1.4
Htc,Htc January_March 2026.xlsx,XR3,L3,53281103,54,0.0,0.452,0.45,0.004,0.007,0.87,1.56,1.847,1.75
Htc,Htc January_March 2026.xlsx,XR3,L3,53281103,1589,1.0,0.334,0.335,0.093,0.008,27.83,2.58,-5.019,0.08602150537634409
Htc,Htc JuniJuli.xlsx,XR1,L1,61311101,96,0.0,0.19,0.193,0.002,0.008,1.31,4.15,-3.33,4.0
Htc,Htc JuniJuli.xlsx,XR2,L1,61311101,98,0.0,0.19,0.193,0.003,0.008,1.44,4.15,-3.119,2.6666666666666665
Htc,Htc JuniJuli.xlsx,XR3,L1,61311101,95,0.0,0.192,0.193,0.002,0.008,1.27,4.15,-1.68,4.0
Htc,Htc JuniJuli.xlsx,XR3,L1,61311101,1,0.0,,,,,,,,
Htc,Htc JuniJuli.xlsx,XR1,L1,60751101,28,0.0,0.188,0.187,0.002,0.008,1.23,4.28,0.52,4.0
Htc,Htc JuniJuli.xlsx,XR2,L1,60751101,30,0.0,0.189,0.187,0.003,0.008,1.4,4.28,1.324,2.6666666666666665
Htc,Htc JuniJuli.xlsx,XR3,L1,60751101,29,0.0,0.191,0.187,0.003,0.008,1.5,4.28,2.368,2.6666666666666665
Htc,Htc JuniJuli.xlsx,XR1,L2,61311102,144,0.0,0.351,0.355,0.004,0.008,1.08,2.25,-5.562,2.0
Htc,Htc JuniJuli.xlsx,XR2,L2,61311102,141,0.0,0.351,0.355,0.004,0.008,1.16,2.25,-5.832,2.0
Htc,Htc JuniJuli.xlsx,XR3,L2,61311102,141,0.0,0.354,0.355,0.004,0.008,1.14,2.25,-0.758,2.0
Htc,Htc JuniJuli.xlsx,XR1,L2,60751102,42,0.0,0.354,0.358,0.003,0.008,0.93,2.23,-3.24,2.6666666666666665
Htc,Htc JuniJuli.xlsx,XR2,L2,60751102,42,0.0,0.354,0.358,0.004,0.008,1.04,2.23,-2.874,2.0
Htc,Htc JuniJuli.xlsx,XR3,L2,60751102,42,0.0,0.358,0.358,0.004,0.008,1.25,2.23,-0.039,2.0
Htc,Htc JuniJuli.xlsx,XR1,L3,61311103,95,0.0,0.441,0.446,0.004,0.007,0.93,1.57,-6.654,1.75
Htc,Htc JuniJuli.xlsx,XR2,L3,61311103,94,0.0,0.441,0.446,0.004,0.007,0.93,1.57,-6.66,1.75
Htc,Htc JuniJuli.xlsx,XR3,L3,61311103,95,0.0,0.447,0.446,0.005,0.007,1.04,1.57,1.026,1.4
Htc,Htc JuniJuli.xlsx,XR1,L3,60751103,28,0.0,0.449,0.455,0.004,0.007,0.98,1.54,-4.887,1.75
Htc,Htc JuniJuli.xlsx,XR2,L3,60751103,28,0.0,0.45,0.455,0.004,0.007,0.88,1.54,-3.915,1.75
Htc,Htc JuniJuli.xlsx,XR3,L3,60751103,28,0.0,0.456,0.455,0.004,0.007,0.95,1.54,0.864,1.75
Htc,Htc JuniJuli.xlsx,XR3,L3,60751103,1297,0.0,0.332,0.334,0.098,0.008,29.63,2.61,-11.553,0.08163265306122448
Lymph,Lmyph# JuniJuli.xlsx,XR1,L1,61311101,96,0.0,1.093,1.08,0.042,0.1,3.81,9.26,1.296,2.380952380952381
Lymph,Lmyph# JuniJuli.xlsx,XR2,L1,61311101,98,0.0,1.081,1.08,0.035,0.1,3.24,9.26,0.051,2.857142857142857
Lymph,Lmyph# JuniJuli.xlsx,XR3,L1,61311101,95,0.0,1.061,1.08,0.037,0.1,3.46,9.26,-1.826,2.702702702702703
Lymph,Lmyph# JuniJuli.xlsx,XR3,L1,61311101,1,0.0,,,,,,,,
Lymph,Lmyph# JuniJuli.xlsx,XR1,L1,60751101,28,0.0,1.186,1.15,0.042,0.1,3.51,8.7,1.89,2.380952380952381
Lymph,Lmyph# JuniJuli.xlsx,XR2,L1,60751101,30,0.0,1.148,1.15,0.038,0.1,3.34,8.7,-0.128,2.6315789473684212
Lymph,Lmyph# JuniJuli.xlsx,XR3,L1,60751101,29,0.0,1.135,1.15,0.045,0.1,4.01,8.7,-0.817,2.2222222222222223
Lymph,Lmyph# JuniJuli.xlsx,XR1,L2,61311102,144,0.0,2.141,2.13,0.057,0.15,2.67,7.04,0.867,2.631578947368421
Lymph,Lmyph# JuniJuli.xlsx,XR2,L2,61311102,141,0.0,2.107,2.13,0.052,0.15,2.46,7.04,-1.836,2.8846153846153846
Lymph,Lmyph# JuniJuli.xlsx,XR3,L2,61311102,141,0.0,2.105,2.13,0.047,0.15,2.25,7.04,-1.982,3.1914893617021276
Lymph,Lmyph# JuniJuli.xlsx,XR1,L2,60751102,42,0.0,2.257,2.23,0.055,0.15,2.42,6.73,1.183,2.727272727272727
Lymph,Lmyph# JuniJuli.xlsx,XR2,L2,60751102,42,0.0,2.206,2.23,0.054,0.15,2.46,6.73,-1.039,2.7777777777777777
Lymph,Lmyph# JuniJuli.xlsx,XR3,L2,60751102,42,0.0,2.187,2.23,0.039,0.15,1.79,6.73,-1.841,3.846153846153846
Lymph,Lmyph# JuniJuli.xlsx,XR1,L3,61311103,95,0.0,4.401,4.39,0.085,0.2,1.93,4.56,0.544,2.3529411764705883
Lymph,Lmyph# JuniJuli.xlsx,XR2,L3,61311103,94,0.0,4.335,4.39,0.078,0.2,1.79,4.56,-2.671,2.5641025641025643
Lymph,Lmyph# JuniJuli.xlsx,XR3,L3,61311103,95,0.0,4.303,4.39,0.076,0.2,1.78,4.56,-4.217,2.6315789473684212
Lymph,Lmyph# JuniJuli.xlsx,XR1,L3,60751103,28,0.0,4.346,4.32,0.076,0.2,1.74,4.63,0.69,2.6315789473684212
Lymph,Lmyph# JuniJuli.xlsx,XR2,L3,60751103,28,0.0,4.243,4.32,0.079,0.2,1.86,4.63,-2.032,2.5316455696202533
Lymph,Lmyph# JuniJuli.xlsx,XR3,L3,60751103,28,0.0,4.236,4.32,0.071,0.2,1.66,4.63,-2.23,2.8169014084507045
Lymph,Lmyph# JuniJuli.xlsx,XR3,L3,60751103,1297,0.0,2.458,2.477,1.258,0.15,51.19,6.92,-4.537,0.1192368839427663
Lymph,Lymp_JanuaryMars.xlsx,XR1,L1,60191101,76,0.0,1.178,1.16,0.038,0.1,3.23,8.62,1.571,2.6315789473684212
Lymph,Lymp_JanuaryMars.xlsx,XR2,L1,60191101,77,0.0,1.157,1.16,0.036,0.1,3.11,8.62,-0.239,2.777777777777778
Lymph,Lymp_JanuaryMars.xlsx,XR3,L1,60191101,78,0.0,1.132,1.16,0.036,0.1,3.18,8.62,-2.514,2.777777777777778
Lymph,Lymp_JanuaryMars.xlsx,XR1,L1,53281101,55,0.0,1.185,1.17,0.039,0.1,3.28,8.55,1.119,2.5641025641025643
Lymph,Lymp_JanuaryMars.xlsx,XR2,L1,53281101,57,0.0,1.194,1.17,0.046,0.1,3.89,8.55,1.815,2.173913043478261
Lymph,Lymp_JanuaryMars.xlsx,XR3,L1,53281101,59,0.0,1.155,1.17,0.035,0.1,3.06,8.55,-1.12,2.857142857142857
Lymph,Lymp_JanuaryMars.xlsx,XR1,L2,60191102,110,0.0,2.15,2.16,0.064,0.15,2.97,6.94,-0.718,2.34375
Lymph,Lymp_JanuaryMars.xlsx,XR2,L2,60191102,113,0.0,2.134,2.16,0.048,0.15,2.26,6.94,-1.825,3.125
Lymph,Lymp_JanuaryMars.xlsx,XR3,L2,60191102,114,0.0,2.117,2.16,0.059,0.15,2.77,6.94,-3.072,2.542372881355932
Lymph,Lymp_JanuaryMars.xlsx,XR1,L2,53281102,157,0.0,2.23,2.22,0.059,0.15,2.63,6.76,0.83,2.542372881355932
Lymph,Lymp_JanuaryMars.xlsx,XR2,L2,53281102,157,0.0,2.223,2.22,0.053,0.15,2.38,6.76,0.282,2.830188679245283
Lymph,Lymp_JanuaryMars.xlsx,XR3,L2,53281102,157,0.0,2.197,2.22,0.057,0.15,2.6,6.76,-1.931,2.631578947368421
Lymph,Lymp_JanuaryMars.xlsx,XR1,L3,60191103,75,0.0,4.012,4.06,0.117,0.2,2.91,4.93,-2.084,1.7094017094017093
Lymph,Lymp_JanuaryMars.xlsx,XR2,L3,60191103,74,0.0,4.002,4.06,0.071,0.2,1.78,4.93,-2.488,2.8169014084507045
Lymph,Lymp_JanuaryMars.xlsx,XR3,L3,60191103,75,0.0,3.961,4.06,0.071,0.2,1.78,4.93,-4.301,2.8169014084507045
Lymph,Lymp_JanuaryMars.xlsx,XR1,L3,53281103,53,0.0,4.35,4.35,0.072,0.2,1.64,4.6,-0.007,2.777777777777778
Lymph,Lymp_JanuaryMars.xlsx,XR2,L3,53281103,46,0.0,4.353,4.35,0.078,0.2,1.8,4.6,0.096,2.5641025641025643
Lymph,Lymp_JanuaryMars.xlsx,XR3,L3,53281103,54,0.0,4.302,4.35,0.092,0.2,2.14,4.6,-1.762,2.173913043478261
Lymph,Lymp_JanuaryMars.xlsx,XR3,L3,53281103,1587,0.0,2.387,2.405,1.065,0.149,44.61,6.8,-4.716,0.13990610328638498
Lymph,Lymph#AprilMai.xlsx,XR1,L1,60751101,88,0.0,1.18,1.15,0.046,0.1,3.93,8.7,2.804,2.173913043478261
Lymph,Lymph#AprilMai.xlsx,XR2,L1,60751101,86,0.0,1.149,1.15,0.036,0.1,3.12,8.7,-0.075,2.777777777777778
Lymph,Lymph#AprilMai.xlsx,XR3,L1,60751101,84,0.0,1.137,1.15,0.038,0.1,3.38,8.7,-1.222,2.6315789473684212
Lymph,Lymph#AprilMai.xlsx,XR1,L1,60191101,41,0.0,1.187,1.16,0.03,0.1,2.56,8.62,1.702,3.3333333333333335
Lymph,Lymph#AprilMai.xlsx,XR2,L1,60191101,38,0.0,1.151,1.16,0.036,0.1,3.16,8.62,-0.584,2.777777777777778
Lymph,Lymph#AprilMai.xlsx,XR3,L1,60191101,38,0.0,1.149,1.16,0.036,0.1,3.12,8.62,-0.649,2.777777777777778
Lymph,Lymph#AprilMai.xlsx,XR1,L2,60751102,130,0.0,2.248,2.23,0.064,0.15,2.86,6.73,1.333,2.34375
Lymph,Lymph#AprilMai.xlsx,XR2,L2,60751102,127,0.0,2.214,2.23,0.059,0.15,2.69,6.73,-1.219,2.542372881355932
Lymph,Lymph#AprilMai.xlsx,XR3,L2,60751102,126,0.0,2.191,2.23,0.054,0.15,2.49,6.73,-2.916,2.7777777777777777
Lymph,Lymph#AprilMai.xlsx,XR1,L2,60191102,57,0.0,2.179,2.16,0.056,0.15,2.56,6.94,0.945,2.6785714285714284
Lymph,Lymph#AprilMai.xlsx,XR2,L2,60191102,56,0.0,2.124,2.16,0.047,0.15,2.22,6.94,-1.817,3.1914893617021276
Lymph,Lymph#AprilMai.xlsx,XR3,L2,60191102,55,0.0,2.118,2.16,0.054,0.15,2.55,6.94,-2.086,2.7777777777777777
Lymph,Lymph#AprilMai.xlsx,XR1,L3,60751103,85,0.0,4.331,4.32,0.094,0.2,2.18,4.63,0.521,2.127659574468085
Lymph,Lymph#AprilMai.xlsx,XR2,L3,60751103,84,0.0,4.262,4.32,0.08,0.2,1.87,4.63,-2.657,2.5
Lymph,Lymph#AprilMai.xlsx,XR3,L3,60751103,84,0.0,4.216,4.32,0.061,0.2,1.44,4.63,-4.784,3.278688524590164
Lymph,Lymph#AprilMai.xlsx,XR1,L3,60191103,38,0.0,4.074,4.06,0.056,0.2,1.38,4.93,0.438,3.5714285714285716
Lymph,Lymph#AprilMai.xlsx,XR2,L3,60191103,38,0.0,4.033,4.06,0.094,0.2,2.33,4.93,-0.835,2.127659574468085
Lymph,Lymph#AprilMai.xlsx,XR3,L3,60191103,42,0.0,3.972,4.06,0.082,0.2,2.07,4.93,-2.855,2.4390243902439024
Lymph,Lymph#AprilMai.xlsx,XR3,L3,60191103,1297,0.0,2.466,2.484,1.178,0.15,47.78,6.75,-4.277,0.1273344651952462
MCH,MCH April og Mai 2026.xlsx,XR1,L1,60751101,88,0.0,23.67,23.5,0.23,0.32,0.98,1.36,4.864,1.391304347826087
MCH,MCH April og Mai 2026.xlsx,XR2,L1,60751101,86,0.0,23.84,23.5,0.21,0.32,0.9,1.36,9.806,1.523809523809524
MCH,MCH April og Mai 2026.xlsx,XR3,L1,60751101,84,0.0,23.47,23.5,0.2,0.32,0.84,1.36,-0.818,1.5999999999999999
MCH,MCH April og Mai 2026.xlsx,XR1,L1,60191101,41,0.0,23.83,23.7,0.24,0.32,1.02,1.35,2.684,1.3333333333333335
MCH,MCH April og Mai 2026.xlsx,XR2,L1,60191101,38,0.0,23.92,23.7,0.2,0.32,0.85,1.35,4.157,1.5999999999999999
MCH,MCH April og Mai 2026.xlsx,XR3,L1,60191101,38,0.0,23.43,23.7,0.25,0.32,1.05,1.35,-5.272,1.28
MCH,MCH April og Mai 2026.xlsx,XR1,L2,60751102,132,0.0,28.1,28.1,0.23,0.4,0.82,1.42,0.065,1.7391304347826086
MCH,MCH April og Mai 2026.xlsx,XR2,L2,60751102,127,0.0,28.29,28.1,0.21,0.4,0.73,1.42,5.435,1.9047619047619049
MCH,MCH April og Mai 2026.xlsx,XR3,L2,60751102,126,0.0,27.88,28.1,0.22,0.4,0.77,1.42,-6.036,1.8181818181818183
MCH,MCH April og Mai 2026.xlsx,XR1,L2,60191102,58,0.0,27.81,27.6,0.21,0.4,0.76,1.45,3.939,1.9047619047619049
MCH,MCH April og Mai 2026.xlsx,XR2,L2,60191102,56,0.0,27.96,27.6,0.21,0.4,0.76,1.45,6.682,1.9047619047619049
MCH,MCH April og Mai 2026.xlsx,XR3,L2,60191102,55,0.0,27.35,27.6,0.22,0.4,0.8,1.45,-4.652,1.8181818181818183
MCH,MCH April og Mai 2026.xlsx,XR1,L3,60751103,85,0.0,30.35,30.5,0.22,0.4,0.71,1.31,-3.471,1.8181818181818183
MCH,MCH April og Mai 2026.xlsx,XR2,L3,60751103,84,0.0,30.78,30.5,0.18,0.4,0.59,1.31,6.328,2.2222222222222223
MCH,MCH April og Mai 2026.xlsx,XR3,L3,60751103,84,0.0,30.19,30.5,0.19,0.4,0.64,1.31,-7.174,2.1052631578947367
MCH,MCH April og Mai 2026.xlsx,XR1,L3,60191103,38,0.0,29.7,29.5,0.2,0.4,0.67,1.36,3.123,2.0
MCH,MCH April og Mai 2026.xlsx,XR2,L3,60191103,38,0.0,30.02,29.5,0.19,0.4,0.62,1.36,7.989,2.1052631578947367
MCH,MCH April og Mai 2026.xlsx,XR3,L3,60191103,42,0.0,29.35,29.5,0.21,0.4,0.72,1.36,-2.469,1.9047619047619049
MCH,MCH April og Mai 2026.xlsx,XR3,L3,60191103,1300,0.0,27.37,27.32,2.55,0.38,9.32,1.38,4.827,0.14901960784313728
MCH,MCH JuniJuli2026.xlsx,XR1,L1,61311101,96,0.0,23.77,23.7,0.24,0.32,1.0,1.35,2.105,1.3333333333333335
MCH,MCH JuniJuli2026.xlsx,XR2,L1,61311101,97,1.0,23.99,23.7,0.22,0.32,0.91,1.35,8.979,1.4545454545454546
MCH,MCH JuniJuli2026.xlsx,XR3,L1,61311101,95,0.0,23.58,23.7,0.2,0.32,0.87,1.35,-3.559,1.5999999999999999
MCH,MCH JuniJuli2026.xlsx,XR3,L1,61311101,1,0.0,,,,,,,,
MCH,MCH JuniJuli2026.xlsx,XR1,L1,60751101,10,0.0,23.68,23.5,0.2,0.32,0.84,1.36,1.779,1.5999999999999999
MCH,MCH JuniJuli2026.xlsx,XR1,L1,60751101,18,0.0,23.69,23.67,0.26,0.32,1.08,1.35,0.324,1.2307692307692308
MCH,MCH JuniJuli2026.xlsx,XR1,L1,60751101,28,0.0,23.69,23.61,0.23,0.32,0.98,1.35,1.323,1.391304347826087
MCH,MCH JuniJuli2026.xlsx,XR2,L1,60751101,11,0.0,24.03,23.5,0.18,0.32,0.77,1.36,5.465,1.777777777777778
MCH,MCH JuniJuli2026.xlsx,XR2,L1,60751101,19,1.0,24.05,23.67,0.26,0.32,1.07,1.35,5.14,1.2307692307692308
MCH,MCH JuniJuli2026.xlsx,XR2,L1,60751101,30,1.0,24.04,23.61,0.23,0.32,0.96,1.35,7.4,1.391304347826087
MCH,MCH JuniJuli2026.xlsx,XR3,L1,60751101,10,0.0,23.45,23.5,0.21,0.32,0.9,1.36,-0.494,1.523809523809524
MCH,MCH JuniJuli2026.xlsx,XR3,L1,60751101,19,0.0,23.4,23.67,0.17,0.32,0.74,1.35,-3.678,1.8823529411764706
MCH,MCH JuniJuli2026.xlsx,XR3,L1,60751101,29,0.0,23.42,23.61,0.19,0.32,0.79,1.35,-3.267,1.6842105263157894
MCH,MCH JuniJuli2026.xlsx,XR1,L2,61311102,144,0.0,27.18,27.3,0.21,0.4,0.78,1.47,-3.708,1.9047619047619049
MCH,MCH JuniJuli2026.xlsx,XR2,L2,61311102,141,0.0,27.48,27.3,0.23,0.4,0.85,1.47,5.306,1.7391304347826086
MCH,MCH JuniJuli2026.xlsx,XR3,L2,61311102,141,0.0,27.0,27.3,0.18,0.4,0.68,1.47,-8.906,2.2222222222222223
MCH,MCH JuniJuli2026.xlsx,XR1,L2,60751102,42,0.0,28.09,28.1,0.21,0.4,0.76,1.42,-0.231,1.9047619047619049
MCH,MCH JuniJuli2026.xlsx,XR2,L2,60751102,42,0.0,28.44,28.1,0.17,0.4,0.61,1.42,5.516,2.3529411764705883
MCH,MCH JuniJuli2026.xlsx,XR3,L2,60751102,42,0.0,27.88,28.1,0.23,0.4,0.83,1.42,-3.626,1.7391304347826086
MCH,MCH JuniJuli2026.xlsx,XR1,L3,61311103,95,0.0,30.0,30.2,0.19,0.4,0.64,1.32,-4.771,2.1052631578947367
MCH,MCH JuniJuli2026.xlsx,XR2,L3,61311103,94,0.0,30.42,30.2,0.17,0.4,0.57,1.32,5.415,2.3529411764705883
MCH,MCH JuniJuli2026.xlsx,XR3,L3,61311103,95,0.0,29.85,30.2,0.23,0.4,0.77,1.32,-8.644,1.7391304347826086
MCH,MCH JuniJuli2026.xlsx,XR1,L3,60751103,28,0.0,30.51,30.5,0.21,0.4,0.7,1.31,0.094,1.9047619047619049
MCH,MCH JuniJuli2026.xlsx,XR2,L3,60751103,28,0.0,30.85,30.5,0.22,0.4,0.71,1.31,4.63,1.8181818181818183
MCH,MCH JuniJuli2026.xlsx,XR3,L3,60751103,28,0.0,30.22,30.5,0.17,0.4,0.58,1.31,-3.732,2.3529411764705883
MCH,MCH JuniJuli2026.xlsx,XR3,L3,60751103,1296,2.0,27.15,27.17,2.48,0.38,9.13,1.39,-2.204,0.1532258064516129
MCH,MCH_January March 2026.xlsx,XR1,L1,60191101,78,0.0,23.97,23.7,0.21,0.32,0.88,1.35,7.431,1.523809523809524
MCH,MCH_January March 2026.xlsx,XR2,L1,60191101,77,0.0,23.66,23.7,0.28,0.32,1.19,1.35,-1.175,1.1428571428571428
MCH,MCH_January March 2026.xlsx,XR3,L1,60191101,78,0.0,23.65,23.7,0.28,0.32,1.2,1.35,-1.274,1.1428571428571428
MCH,MCH_January March 2026.xlsx,XR1,L1,53281101,55,0.0,23.85,23.8,0.24,0.32,0.99,1.34,1.096,1.3333333333333335
MCH,MCH_January March 2026.xlsx,XR2,L1,53281101,55,2.0,23.53,23.8,0.21,0.32,0.9,1.34,-6.236,1.523809523809524
MCH,MCH_January March 2026.xlsx,XR3,L1,53281101,59,0.0,23.55,23.8,0.21,0.32,0.9,1.34,-5.981,1.523809523809524
MCH,MCH_January March 2026.xlsx,XR1,L2,60191102,110,0.0,27.92,27.6,0.22,0.4,0.79,1.45,8.319,1.8181818181818183
MCH,MCH_January March 2026.xlsx,XR2,L2,60191102,113,0.0,27.61,27.6,0.26,0.4,0.93,1.45,0.282,1.5384615384615385
MCH,MCH_January March 2026.xlsx,XR3,L2,60191102,114,0.0,27.56,27.6,0.23,0.4,0.83,1.45,-1.171,1.7391304347826086
MCH,MCH_January March 2026.xlsx,XR1,L2,53281102,157,0.0,27.43,27.2,0.2,0.4,0.71,1.47,7.143,2.0
MCH,MCH_January March 2026.xlsx,XR2,L2,53281102,157,0.0,27.03,27.2,0.23,0.4,0.85,1.47,-5.267,1.7391304347826086
MCH,MCH_January March 2026.xlsx,XR3,L2,53281102,157,0.0,27.06,27.2,0.19,0.4,0.71,1.47,-4.489,2.1052631578947367
MCH,MCH_January March 2026.xlsx,XR1,L3,60191103,75,0.0,29.95,29.5,0.19,0.4,0.63,1.36,9.757,2.1052631578947367
MCH,MCH_January March 2026.xlsx,XR2,L3,60191103,74,0.0,29.65,29.5,0.26,0.4,0.86,1.36,3.168,1.5384615384615385
MCH,MCH_January March 2026.xlsx,XR3,L3,60191103,75,0.0,29.52,29.5,0.24,0.4,0.82,1.36,0.491,1.6666666666666667
MCH,MCH_January March 2026.xlsx,XR1,L3,53281103,53,0.0,30.52,30.1,0.25,0.4,0.8,1.33,7.589,1.6
MCH,MCH_January March 2026.xlsx,XR2,L3,53281103,46,0.0,30.05,30.1,0.23,0.4,0.75,1.33,-0.774,1.7391304347826086
MCH,MCH_January March 2026.xlsx,XR3,L3,53281103,54,0.0,30.19,30.1,0.23,0.4,0.77,1.33,1.599,1.7391304347826086
MCH,MCH_January March 2026.xlsx,XR3,L3,53281103,1587,2.0,27.06,27.01,2.23,0.38,8.26,1.41,5.044,0.17040358744394618
MCHC,MCHC April og Mai 2026.xlsx,XR1,L1,60751101,88,0.0,33.38,32.5,0.42,0.9,1.25,2.77,9.168,2.142857142857143
MCHC,MCHC April og Mai 2026.xlsx,XR2,L1,60751101,86,0.0,33.42,32.5,0.41,0.9,1.24,2.77,9.525,2.1951219512195124
MCHC,MCHC April og Mai 2026.xlsx,XR3,L1,60751101,84,0.0,32.8,32.0,0.41,0.9,1.25,2.81,8.195,2.1951219512195124
MCHC,MCHC April og Mai 2026.xlsx,XR1,L1,60191101,41,0.0,33.33,32.6,0.46,0.9,1.37,2.76,5.188,1.9565217391304348
MCHC,MCHC April og Mai 2026.xlsx,XR2,L1,60191101,38,0.0,33.14,32.6,0.42,0.9,1.25,2.76,3.677,2.142857142857143
MCHC,MCHC April og Mai 2026.xlsx,XR3,L1,60191101,38,0.0,32.39,32.6,0.36,0.9,1.1,2.76,-1.46,2.5
MCHC,MCHC April og Mai 2026.xlsx,XR1,L2,60751102,132,0.0,34.01,33.5,0.41,0.64,1.2,1.91,9.18,1.5609756097560976
MCHC,MCHC April og Mai 2026.xlsx,XR2,L2,60751102,127,0.0,34.05,33.5,0.37,0.64,1.09,1.91,9.705,1.7297297297297298
MCHC,MCHC April og Mai 2026.xlsx,XR3,L2,60751102,126,0.0,33.52,33.5,0.33,0.64,0.99,1.91,0.418,1.9393939393939394
MCHC,MCHC April og Mai 2026.xlsx,XR1,L2,60191102,58,0.0,34.06,33.5,0.37,0.64,1.09,1.91,6.647,1.7297297297297298
MCHC,MCHC April og Mai 2026.xlsx,XR2,L2,60191102,56,0.0,34.0,33.5,0.35,0.64,1.04,1.91,5.846,1.8285714285714287
MCHC,MCHC April og Mai 2026.xlsx,XR3,L2,60191102,55,0.0,33.17,33.5,0.34,0.64,1.03,1.91,-3.835,1.8823529411764706
MCHC,MCHC April og Mai 2026.xlsx,XR1,L3,60751103,85,0.0,34.41,34.1,0.31,0.9,0.91,2.64,3.145,2.903225806451613
MCHC,MCHC April og Mai 2026.xlsx,XR2,L3,60751103,84,0.0,34.64,34.1,0.31,0.9,0.88,2.64,5.516,2.903225806451613
MCHC,MCHC April og Mai 2026.xlsx,XR3,L3,60751103,84,0.0,34.0,34.1,0.34,0.9,1.0,2.64,-0.97,2.6470588235294117
MCHC,MCHC April og Mai 2026.xlsx,XR1,L3,60191103,38,0.0,34.31,33.9,0.33,0.9,0.96,2.65,2.794,2.727272727272727
MCHC,MCHC April og Mai 2026.xlsx,XR2,L3,60191103,38,0.0,34.36,33.9,0.29,0.9,0.84,2.65,3.172,3.1034482758620694
MCHC,MCHC April og Mai 2026.xlsx,XR3,L3,60191103,42,0.0,33.57,33.9,0.3,0.9,0.89,2.65,-2.366,3.0
MCHC,MCHC April og Mai 2026.xlsx,XR3,L3,60191103,1300,0.0,33.75,33.34,0.65,0.79,1.93,2.37,18.707,1.2153846153846155
MCHC,MCHC Juni Juli.xlsx,XR1,L1,61311101,96,0.0,32.93,32.1,0.48,0.9,1.47,2.8,9.061,1.8750000000000002
MCHC,MCHC Juni Juli.xlsx,XR2,L1,61311101,98,0.0,33.06,32.1,0.42,0.9,1.28,2.8,10.539,2.142857142857143
MCHC,MCHC Juni Juli.xlsx,XR3,L1,61311101,95,0.0,32.4,32.1,0.36,0.9,1.11,2.8,3.249,2.5
MCHC,MCHC Juni Juli.xlsx,XR3,L1,61311101,1,0.0,,,,,,,,
MCHC,MCHC Juni Juli.xlsx,XR1,L1,60751101,28,0.0,33.27,32.5,0.45,0.9,1.35,2.77,4.536,2.0
MCHC,MCHC Juni Juli.xlsx,XR2,L1,60751101,30,0.0,33.51,32.5,0.5,0.9,1.48,2.77,6.167,1.8
MCHC,MCHC Juni Juli.xlsx,XR3,L1,60751101,29,0.0,32.66,32.0,0.4,0.9,1.21,2.81,3.92,2.25
MCHC,MCHC Juni Juli.xlsx,XR1,L2,61311102,144,0.0,33.69,33.5,0.39,0.64,1.17,1.91,3.477,1.641025641025641
MCHC,MCHC Juni Juli.xlsx,XR2,L2,61311102,141,0.0,33.91,33.5,0.41,0.64,1.22,1.91,7.579,1.5609756097560976
MCHC,MCHC Juni Juli.xlsx,XR3,L2,61311102,141,0.0,33.29,33.5,0.33,0.64,0.98,1.91,-3.895,1.9393939393939394
MCHC,MCHC Juni Juli.xlsx,XR1,L2,60751102,42,0.0,33.78,33.5,0.32,0.64,0.96,1.91,2.821,2.0
MCHC,MCHC Juni Juli.xlsx,XR2,L2,60751102,42,0.0,33.99,33.5,0.38,0.64,1.11,1.91,4.967,1.6842105263157894
MCHC,MCHC Juni Juli.xlsx,XR3,L2,60751102,42,0.0,33.34,33.5,0.37,0.64,1.11,1.91,-1.615,1.7297297297297298
MCHC,MCHC Juni Juli.xlsx,XR1,L3,61311103,95,0.0,34.43,34.3,0.29,0.9,0.85,2.62,1.459,3.1034482758620694
MCHC,MCHC Juni Juli.xlsx,XR2,L3,61311103,94,0.0,34.69,34.3,0.29,0.9,0.84,2.62,4.229,3.1034482758620694
MCHC,MCHC Juni Juli.xlsx,XR3,L3,61311103,95,0.0,34.06,34.3,0.31,0.9,0.92,2.62,-2.611,2.903225806451613
MCHC,MCHC Juni Juli.xlsx,XR1,L3,60751103,28,0.0,34.35,34.1,0.39,0.9,1.13,2.64,1.449,2.3076923076923075
MCHC,MCHC Juni Juli.xlsx,XR2,L3,60751103,28,0.0,34.43,34.1,0.32,0.9,0.92,2.64,1.932,2.8125
MCHC,MCHC Juni Juli.xlsx,XR3,L3,60751103,28,0.0,33.76,34.1,0.33,0.9,0.98,2.64,-1.995,2.727272727272727
MCHC,MCHC Juni Juli.xlsx,XR3,L3,60751103,1297,0.0,33.62,33.32,0.73,0.79,2.17,2.37,13.59,1.082191780821918
MCHC,MCHC_January_March 2026.xlsx,XR1,L1,60191101,78,0.0,33.33,32.6,0.41,0.9,1.23,2.76,7.209,2.1951219512195124
MCHC,MCHC_January_March 2026.xlsx,XR2,L1,60191101,77,0.0,33.38,32.6,0.44,0.9,1.33,2.76,7.648,2.0454545454545454
MCHC,MCHC_January_March 2026.xlsx,XR3,L1,60191101,78,0.0,32.98,32.6,0.45,0.9,1.35,2.76,3.686,2.0
MCHC,MCHC_January_March 2026.xlsx,XR1,L1,53281101,50,2.0,32.72,33.0,0.53,0.6,1.62,1.82,-3.276,1.1320754716981132
MCHC,MCHC_January_March 2026.xlsx,XR1,L1,53281101,3,0.0,32.07,33.0,0.25,0.9,0.78,2.73,-1.796,3.6
MCHC,MCHC_January_March 2026.xlsx,XR1,L1,53281101,53,2.0,32.68,33.0,0.54,0.62,1.65,1.87,-3.718,1.1481481481481481
MCHC,MCHC_January_March 2026.xlsx,XR2,L1,53281101,52,1.0,32.82,33.0,0.53,0.6,1.62,1.82,-2.173,1.1320754716981132
MCHC,MCHC_January_March 2026.xlsx,XR2,L1,53281101,4,0.0,32.3,33.0,0.29,0.9,0.91,2.73,-1.556,3.1034482758620694
MCHC,MCHC_January_March 2026.xlsx,XR2,L1,53281101,56,1.0,32.78,33.0,0.53,0.62,1.63,1.89,-2.623,1.169811320754717
MCHC,MCHC_January_March 2026.xlsx,XR3,L1,53281101,52,3.0,32.4,33.0,0.49,0.6,1.5,1.82,-7.188,1.2244897959183674
MCHC,MCHC_January_March 2026.xlsx,XR3,L1,53281101,4,1.0,31.55,33.0,0.29,0.9,0.91,2.73,-3.222,3.1034482758620694
MCHC,MCHC_January_March 2026.xlsx,XR3,L1,53281101,56,4.0,32.34,33.0,0.52,0.62,1.62,1.89,-7.935,1.1923076923076923
MCHC,MCHC_January_March 2026.xlsx,XR1,L2,60191102,110,0.0,34.05,33.5,0.33,0.64,0.98,1.91,9.043,1.9393939393939394
MCHC,MCHC_January_March 2026.xlsx,XR2,L2,60191102,113,0.0,34.12,33.5,0.34,0.64,1.0,1.91,10.363,1.8823529411764706
MCHC,MCHC_January_March 2026.xlsx,XR3,L2,60191102,114,0.0,33.72,33.5,0.38,0.64,1.13,1.91,3.702,1.6842105263157894
MCHC,MCHC_January_March 2026.xlsx,XR1,L2,53281102,157,0.0,33.49,33.5,0.37,0.64,1.1,1.91,-0.125,1.7297297297297298
MCHC,MCHC_January_March 2026.xlsx,XR2,L2,53281102,157,0.0,33.61,33.5,0.4,0.64,1.2,1.91,2.207,1.5999999999999999
MCHC,MCHC_January_March 2026.xlsx,XR3,L2,53281102,157,0.0,33.23,33.5,0.33,0.64,0.98,1.91,-5.325,1.9393939393939394
MCHC,MCHC_January_March 2026.xlsx,XR1,L3,60191103,75,0.0,34.4,33.9,0.28,0.9,0.8,2.65,4.811,3.214285714285714
MCHC,MCHC_January_March 2026.xlsx,XR2,L3,60191103,74,0.0,34.52,33.9,0.27,0.9,0.79,2.65,5.903,3.333333333333333
MCHC,MCHC_January_March 2026.xlsx,XR3,L3,60191103,75,0.0,34.08,33.9,0.36,0.9,1.04,2.65,1.706,2.5
MCHC,MCHC_January_March 2026.xlsx,XR1,L3,53281103,53,0.0,34.31,34.0,0.43,0.9,1.25,2.65,2.518,2.0930232558139537
MCHC,MCHC_January_March 2026.xlsx,XR2,L3,53281103,46,0.0,34.35,34.0,0.37,0.9,1.07,2.65,2.605,2.4324324324324325
MCHC,MCHC_January_March 2026.xlsx,XR3,L3,53281103,54,0.0,34.16,34.0,0.28,0.9,0.82,2.65,1.315,3.214285714285714
MCHC,MCHC_January_March 2026.xlsx,XR3,L3,53281103,1583,7.0,33.64,33.42,0.67,0.74,2.0,2.21,11.894,1.1044776119402984
MCV,April 2026.xlsx,XR1,L1,60751101,5,0.0,70.1,72.5,0.4,1.33,0.53,1.83,-4.035,3.325
MCV,April 2026.xlsx,XR1,L1,60751101,19,0.0,70.6,70.6,0.6,1.33,0.83,1.88,-0.017,2.216666666666667
MCV,April 2026.xlsx,XR1,L1,60751101,24,0.0,70.5,71.0,0.6,1.33,0.82,1.87,-1.857,2.216666666666667
MCV,April 2026.xlsx,XR2,L1,60751101,6,0.0,70.4,72.5,0.4,1.33,0.5,1.83,-3.868,3.325
MCV,April 2026.xlsx,XR2,L1,60751101,16,0.0,71.3,70.6,0.6,1.33,0.79,1.88,1.955,2.216666666666667
MCV,April 2026.xlsx,XR2,L1,60751101,22,0.0,71.0,71.1,0.6,1.33,0.9,1.87,-0.353,2.216666666666667
MCV,April 2026.xlsx,XR3,L1,60751101,6,0.0,70.9,72.5,0.7,1.33,1.02,1.83,-2.885,1.9000000000000001
MCV,April 2026.xlsx,XR3,L1,60751101,16,0.0,71.2,70.6,0.8,1.33,1.06,1.88,1.898,1.6625
MCV,April 2026.xlsx,XR3,L1,60751101,22,0.0,71.2,71.1,0.7,1.33,1.04,1.87,0.112,1.9000000000000001
MCV,April 2026.xlsx,XR1,L1,60191101,41,0.0,71.5,72.5,0.5,1.33,0.76,1.83,-5.037,2.66
MCV,April 2026.xlsx,XR2,L1,60191101,38,0.0,72.2,72.5,0.5,1.33,0.73,1.83,-1.622,2.66
MCV,April 2026.xlsx,XR3,L1,60191101,38,0.0,72.4,72.5,0.6,1.33,0.81,1.83,-0.634,2.216666666666667
MCV,April 2026.xlsx,XR1,L2,60751102,35,0.0,82.3,83.9,0.5,1.5,0.59,1.79,-6.119,3.0
MCV,April 2026.xlsx,XR2,L2,60751102,34,0.0,82.9,83.9,0.5,1.5,0.59,1.79,-3.75,3.0
MCV,April 2026.xlsx,XR3,L2,60751102,32,0.0,82.9,83.9,0.5,1.5,0.66,1.79,-3.889,3.0
MCV,April 2026.xlsx,XR1,L2,60191102,58,0.0,81.6,82.3,0.5,1.5,0.63,1.82,-3.466,3.0
MCV,April 2026.xlsx,XR2,L2,60191102,56,0.0,82.2,82.3,0.5,1.5,0.65,1.82,-0.526,3.0
MCV,April 2026.xlsx,XR3,L2,60191102,55,0.0,82.4,82.3,0.5,1.5,0.62,1.82,0.683,3.0
MCV,April 2026.xlsx,XR1,L3,60751103,22,0.0,87.7,89.4,0.5,1.6,0.56,1.79,-5.13,3.2
MCV,April 2026.xlsx,XR2,L3,60751103,22,0.0,88.5,89.4,0.6,1.6,0.63,1.79,-2.772,2.666666666666667
MCV,April 2026.xlsx,XR3,L3,60751103,21,0.0,88.2,89.4,0.6,1.6,0.71,1.79,-3.355,2.666666666666667
MCV,April 2026.xlsx,XR1,L3,60191103,38,0.0,86.6,87.0,0.4,1.6,0.48,1.84,-1.612,4.0
MCV,April 2026.xlsx,XR2,L3,60191103,38,0.0,87.4,87.0,0.5,1.6,0.59,1.84,1.359,3.2
MCV,April 2026.xlsx,XR3,L3,60191103,42,0.0,87.4,87.0,0.5,1.6,0.56,1.84,1.688,3.2
MCV,April 2026.xlsx,XR3,L3,60191103,638,0.0,80.7,81.2,6.3,1.5,7.75,1.82,-8.079,0.2380952380952381
MCV,February 2026.xlsx,XR1,L1,60191101,12,0.0,71.9,72.5,0.4,1.33,0.61,1.83,-1.563,3.325
MCV,February 2026.xlsx,XR2,L1,60191101,14,0.0,70.6,72.5,0.3,1.33,0.46,1.83,-5.486,4.433333333333334
MCV,February 2026.xlsx,XR3,L1,60191101,14,0.0,71.6,72.5,0.6,1.33,0.77,1.83,-2.653,2.216666666666667
MCV,February 2026.xlsx,XR1,L1,53281101,24,0.0,73.8,71.9,0.5,1.33,0.67,1.85,7.014,2.66
MCV,February 2026.xlsx,XR2,L1,53281101,25,0.0,72.6,71.9,0.7,1.33,1.0,1.85,2.752,1.9000000000000001
MCV,February 2026.xlsx,XR3,L1,53281101,26,1.0,73.6,71.9,0.7,1.33,0.95,1.85,6.444,1.9000000000000001
MCV,February 2026.xlsx,XR1,L2,60191102,19,0.0,81.8,82.3,0.4,1.5,0.52,1.82,-1.315,3.75
MCV,February 2026.xlsx,XR2,L2,60191102,20,0.0,80.5,82.3,0.4,1.5,0.44,1.82,-5.426,3.75
MCV,February 2026.xlsx,XR3,L2,60191102,19,0.0,81.4,82.3,0.5,1.5,0.59,1.82,-2.524,3.0
MCV,February 2026.xlsx,XR1,L2,53281102,65,0.0,82.2,81.1,0.5,1.5,0.62,1.85,6.036,3.0
MCV,February 2026.xlsx,XR2,L2,53281102,65,0.0,80.8,81.1,0.5,1.5,0.64,1.85,-1.852,3.0
MCV,February 2026.xlsx,XR3,L2,53281102,64,0.0,81.7,81.1,0.5,1.5,0.65,1.85,3.275,3.0
MCV,February 2026.xlsx,XR1,L3,60191103,11,0.0,87.1,87.0,0.3,1.6,0.33,1.84,0.132,5.333333333333334
MCV,February 2026.xlsx,XR2,L3,60191103,12,0.0,85.7,87.0,0.4,1.6,0.45,1.84,-2.923,4.0
MCV,February 2026.xlsx,XR3,L3,60191103,11,0.0,86.4,87.0,0.2,1.6,0.28,1.84,-1.187,8.0
MCV,February 2026.xlsx,XR1,L3,53281103,22,0.0,89.4,88.5,0.4,1.6,0.42,1.81,2.625,4.0
MCV,February 2026.xlsx,XR2,L3,53281103,22,0.0,87.9,88.5,0.4,1.6,0.47,1.81,-1.852,4.0
MCV,February 2026.xlsx,XR3,L3,53281103,23,0.0,88.8,88.5,0.4,1.6,0.48,1.81,0.873,4.0
MCV,February 2026.xlsx,XR3,L3,53281103,468,1.0,80.7,80.5,5.4,1.5,6.64,1.84,2.471,0.27777777777777773
MCV,Juli 2026.xlsx,XR1,L1,61311101,64,0.0,72.3,73.5,0.6,1.33,0.83,1.81,-7.481,2.216666666666667
MCV,Juli 2026.xlsx,XR2,L1,61311101,64,0.0,72.7,73.5,0.7,1.33,0.94,1.81,-4.746,1.9000000000000001
MCV,Juli 2026.xlsx,XR3,L1,61311101,62,0.0,72.9,73.5,0.6,1.33,0.77,1.81,-3.504,2.216666666666667
MCV,Juli 2026.xlsx,XR1,L2,61311102,94,0.0,80.7,81.4,0.6,1.5,0.69,1.84,-4.229,2.5
MCV,Juli 2026.xlsx,XR2,L2,61311102,93,0.0,81.2,81.4,0.5,1.5,0.68,1.84,-1.521,3.0
MCV,Juli 2026.xlsx,XR3,L2,61311102,92,0.0,81.2,81.4,0.5,1.5,0.67,1.84,-1.056,3.0
MCV,Juli 2026.xlsx,XR1,L3,61311103,63,0.0,87.3,87.9,0.5,1.6,0.57,1.82,-2.85,3.2
MCV,Juli 2026.xlsx,XR2,L3,61311103,62,0.0,87.9,87.9,0.6,1.6,0.66,1.82,-0.23,2.666666666666667
MCV,Juli 2026.xlsx,XR3,L3,61311103,62,0.0,87.8,87.9,0.5,1.6,0.61,1.82,-0.46,3.2
MCV,Juli 2026.xlsx,XR3,L3,61311103,656,0.0,80.5,81.0,5.8,1.5,7.15,1.83,-8.193,0.25862068965517243
MCV,June 2026.xlsx,XR1,L1,61311101,32,0.0,71.9,73.5,0.6,1.33,0.77,1.81,-6.805,2.216666666666667
MCV,June 2026.xlsx,XR2,L1,61311101,34,0.0,72.4,73.5,0.7,1.33,0.9,1.81,-4.668,1.9000000000000001
MCV,June 2026.xlsx,XR3,L1,61311101,33,0.0,72.4,73.5,0.6,1.33,0.86,1.81,-4.542,2.216666666666667
MCV,June 2026.xlsx,XR3,L1,61311101,1,0.0,,,,,,,,
MCV,June 2026.xlsx,XR1,L1,60751101,28,0.0,71.2,70.6,0.5,1.33,0.71,1.88,2.33,2.66
MCV,June 2026.xlsx,XR2,L1,60751101,30,0.0,71.7,70.6,0.6,1.33,0.77,1.88,4.654,2.216666666666667
MCV,June 2026.xlsx,XR3,L1,60751101,29,0.0,71.7,70.6,0.5,1.33,0.75,1.88,4.594,2.66
MCV,June 2026.xlsx,XR1,L2,61311102,50,0.0,80.4,81.4,0.6,1.5,0.68,1.84,-4.61,2.5
MCV,June 2026.xlsx,XR2,L2,61311102,48,0.0,80.8,81.4,0.6,1.5,0.69,1.84,-2.848,2.5
MCV,June 2026.xlsx,XR3,L2,61311102,49,0.0,80.8,81.4,0.5,1.5,0.62,1.84,-2.819,3.0
MCV,June 2026.xlsx,XR1,L2,60751102,42,0.0,83.1,83.9,0.5,1.5,0.63,1.79,-3.312,3.0
MCV,June 2026.xlsx,XR2,L2,60751102,42,0.0,83.7,83.9,0.6,1.5,0.72,1.79,-0.844,2.5
MCV,June 2026.xlsx,XR3,L2,60751102,42,0.0,83.6,83.9,0.6,1.5,0.72,1.79,-1.276,2.5
MCV,June 2026.xlsx,XR1,L3,61311103,32,0.0,86.8,87.9,0.4,1.6,0.49,1.82,-3.933,4.0
MCV,June 2026.xlsx,XR2,L3,61311103,32,0.0,87.4,87.9,0.4,1.6,0.51,1.82,-1.701,4.0
MCV,June 2026.xlsx,XR3,L3,61311103,33,0.0,87.3,87.9,0.4,1.6,0.51,1.82,-1.98,4.0
MCV,June 2026.xlsx,XR1,L3,60751103,28,0.0,88.8,89.4,0.5,1.6,0.62,1.79,-1.925,3.2
MCV,June 2026.xlsx,XR2,L3,60751103,28,0.0,89.6,89.4,0.5,1.6,0.59,1.79,0.756,3.2
MCV,June 2026.xlsx,XR3,L3,60751103,28,0.0,89.5,89.4,0.6,1.6,0.63,1.79,0.343,2.666666666666667
MCV,June 2026.xlsx,XR3,L3,60751103,641,0.0,80.8,81.2,6.4,1.5,7.87,1.82,-7.605,0.234375
MCV,Mai 2026.xlsx,XR1,L1,60751101,65,0.0,71.0,70.6,0.5,1.33,0.73,1.88,2.304,2.66
MCV,Mai 2026.xlsx,XR2,L1,60751101,64,0.0,71.4,70.6,0.5,1.33,0.69,1.88,4.746,2.66
MCV,Mai 2026.xlsx,XR3,L1,60751101,62,0.0,71.7,70.6,0.5,1.33,0.69,1.88,6.331,2.66
MCV,Mai 2026.xlsx,XR1,L2,60751102,97,0.0,82.7,83.9,0.5,1.5,0.66,1.79,-7.608,3.0
MCV,Mai 2026.xlsx,XR2,L2,60751102,93,0.0,83.2,83.9,0.5,1.5,0.64,1.79,-4.59,3.0
MCV,Mai 2026.xlsx,XR3,L2,60751102,94,0.0,83.3,83.9,0.5,1.5,0.62,1.79,-4.16,3.0
MCV,Mai 2026.xlsx,XR1,L3,60751103,63,0.0,88.4,89.4,0.5,1.6,0.53,1.79,-4.953,3.2
MCV,Mai 2026.xlsx,XR2,L3,60751103,62,0.0,89.0,89.4,0.5,1.6,0.52,1.79,-2.103,3.2
MCV,Mai 2026.xlsx,XR3,L3,60751103,63,0.0,89.0,89.4,0.5,1.6,0.57,1.79,-2.181,3.2
MCV,Mai 2026.xlsx,XR3,L3,60751103,663,0.0,81.3,81.6,6.8,1.5,8.35,1.82,-5.642,0.22058823529411764
MCV,March 2026.xlsx,XR1,L1,60191101,66,0.0,71.9,72.5,0.8,1.33,1.16,1.83,-3.85,1.6625
MCV,March 2026.xlsx,XR2,L1,60191101,63,0.0,70.9,72.5,0.7,1.33,1.03,1.83,-9.331,1.9000000000000001
MCV,March 2026.xlsx,XR3,L1,60191101,64,0.0,71.7,72.5,0.6,1.33,0.9,1.83,-4.521,2.216666666666667
MCV,March 2026.xlsx,XR1,L2,60191102,91,0.0,82.0,82.3,0.7,1.5,0.85,1.82,-1.922,2.142857142857143
MCV,March 2026.xlsx,XR2,L2,60191102,93,0.0,81.0,82.3,0.7,1.5,0.8,1.82,-8.372,2.142857142857143
MCV,March 2026.xlsx,XR3,L2,60191102,95,0.0,81.7,82.3,0.6,1.5,0.7,1.82,-3.598,2.5
MCV,March 2026.xlsx,XR1,L3,60191103,64,0.0,87.1,87.0,0.6,1.6,0.7,1.84,0.281,2.666666666666667
MCV,March 2026.xlsx,XR2,L3,60191103,62,0.0,85.9,87.0,0.6,1.6,0.73,1.84,-5.231,2.666666666666667
MCV,March 2026.xlsx,XR3,L3,60191103,64,0.0,86.7,87.0,0.5,1.6,0.62,1.84,-1.563,3.2
MCV,March 2026.xlsx,XR3,L3,60191103,662,0.0,80.1,80.8,5.9,1.5,7.39,1.83,-12.394,0.2542372881355932
MCV,Ocak 2026.xlsx,XR1,L1,53281101,31,0.0,72.5,71.9,0.5,1.33,0.64,1.85,2.39,2.66
MCV,Ocak 2026.xlsx,XR2,L1,53281101,32,0.0,71.1,71.9,0.5,1.33,0.69,1.85,-3.336,2.66
MCV,Ocak 2026.xlsx,XR3,L1,53281101,32,0.0,72.2,71.9,0.5,1.33,0.7,1.85,1.396,2.66
MCV,Ocak 2026.xlsx,XR1,L2,53281102,92,0.0,81.6,81.1,0.6,1.5,0.74,1.85,3.51,2.5
MCV,Ocak 2026.xlsx,XR2,L2,53281102,92,0.0,80.1,81.1,0.5,1.5,0.68,1.85,-6.193,3.0
MCV,Ocak 2026.xlsx,XR3,L2,53281102,93,0.0,81.2,81.1,0.5,1.5,0.67,1.85,0.83,3.0
MCV,Ocak 2026.xlsx,XR1,L3,53281103,31,0.0,88.6,88.5,0.5,1.6,0.56,1.81,0.359,3.2
MCV,Ocak 2026.xlsx,XR2,L3,53281103,24,0.0,87.2,88.5,0.6,1.6,0.65,1.81,-4.095,2.666666666666667
MCV,Ocak 2026.xlsx,XR3,L3,53281103,31,0.0,88.0,88.5,0.5,1.6,0.53,1.81,-1.706,3.2
MCV,Ocak 2026.xlsx,XR3,L3,53281103,458,0.0,80.4,80.6,5.2,1.5,6.42,1.84,-2.129,0.28846153846153844
MPV,MPV April og Mai 2026.xlsx,XR1,L1,60751101,88,0.0,8.82,8.6,0.18,1.0,1.99,11.63,2.068,5.555555555555555
MPV,MPV April og Mai 2026.xlsx,XR2,L1,60751101,86,0.0,8.68,8.6,0.19,1.0,2.22,11.63,0.722,5.2631578947368425
MPV,MPV April og Mai 2026.xlsx,XR3,L1,60751101,84,0.0,8.66,8.6,0.18,1.0,2.08,11.63,0.546,5.555555555555555
MPV,MPV April og Mai 2026.xlsx,XR1,L1,60191101,41,0.0,8.74,8.6,0.16,1.0,1.84,11.63,0.89,6.25
MPV,MPV April og Mai 2026.xlsx,XR2,L1,60191101,38,0.0,8.66,8.6,0.17,1.0,2.02,11.63,0.389,5.88235294117647
MPV,MPV April og Mai 2026.xlsx,XR3,L1,60191101,38,0.0,8.67,8.6,0.19,1.0,2.17,11.63,0.454,5.2631578947368425
MPV,MPV April og Mai 2026.xlsx,XR1,L2,60751102,132,0.0,9.4,9.3,0.12,1.0,1.31,10.75,1.175,8.333333333333334
MPV,MPV April og Mai 2026.xlsx,XR2,L2,60751102,127,0.0,9.24,9.3,0.11,1.0,1.21,10.75,-0.63,9.090909090909092
MPV,MPV April og Mai 2026.xlsx,XR3,L2,60751102,126,0.0,9.25,9.3,0.11,1.0,1.24,10.75,-0.535,9.090909090909092
MPV,MPV April og Mai 2026.xlsx,XR1,L2,60191102,58,0.0,9.93,9.7,0.14,1.0,1.36,10.31,1.773,7.142857142857142
MPV,MPV April og Mai 2026.xlsx,XR2,L2,60191102,56,0.0,9.76,9.7,0.14,1.0,1.43,10.31,0.468,7.142857142857142
MPV,MPV April og Mai 2026.xlsx,XR3,L2,60191102,55,0.0,9.8,9.7,0.15,1.0,1.53,10.31,0.728,6.666666666666667
MPV,MPV April og Mai 2026.xlsx,XR1,L3,60751103,85,0.0,9.19,9.2,0.06,1.0,0.66,10.87,-0.054,16.666666666666668
MPV,MPV April og Mai 2026.xlsx,XR2,L3,60751103,84,0.0,9.05,9.2,0.08,1.0,0.85,10.87,-1.408,12.5
MPV,MPV April og Mai 2026.xlsx,XR3,L3,60751103,84,0.0,9.05,9.2,0.07,1.0,0.78,10.87,-1.397,14.285714285714285
MPV,MPV April og Mai 2026.xlsx,XR1,L3,60191103,38,0.0,9.67,9.5,0.06,1.0,0.64,10.53,1.038,16.666666666666668
MPV,MPV April og Mai 2026.xlsx,XR2,L3,60191103,38,0.0,9.5,9.5,0.08,1.0,0.86,10.53,0.016,12.5
MPV,MPV April og Mai 2026.xlsx,XR3,L3,60191103,42,0.0,9.52,9.5,0.07,1.0,0.74,10.53,0.123,14.285714285714285
MPV,MPV April og Mai 2026.xlsx,XR3,L3,60191103,1300,0.0,9.18,9.15,0.4,1.0,4.35,10.95,1.273,2.5
MPV,MPV Juni Juli.xlsx,XR1,L1,61311101,96,0.0,8.68,8.5,0.17,1.0,1.98,11.76,1.766,5.88235294117647
MPV,MPV Juni Juli.xlsx,XR2,L1,61311101,98,0.0,8.6,8.5,0.2,1.0,2.37,11.76,0.99,5.0
MPV,MPV Juni Juli.xlsx,XR3,L1,61311101,95,0.0,8.57,8.5,0.23,1.0,2.63,11.76,0.718,4.3478260869565215
MPV,MPV Juni Juli.xlsx,XR3,L1,61311101,1,0.0,,,,,,,,
MPV,MPV Juni Juli.xlsx,XR1,L1,60751101,28,0.0,8.85,8.6,0.17,1.0,1.88,11.63,1.304,5.88235294117647
MPV,MPV Juni Juli.xlsx,XR2,L1,60751101,30,0.0,8.75,8.6,0.14,1.0,1.58,11.63,0.84,7.142857142857142
MPV,MPV Juni Juli.xlsx,XR3,L1,60751101,29,0.0,8.73,8.6,0.16,1.0,1.89,11.63,0.706,6.25
MPV,MPV Juni Juli.xlsx,XR1,L2,61311102,144,0.0,9.31,9.2,0.13,1.0,1.44,10.87,1.325,7.692307692307692
MPV,MPV Juni Juli.xlsx,XR2,L2,61311102,141,0.0,9.15,9.2,0.13,1.0,1.39,10.87,-0.606,7.692307692307692
MPV,MPV Juni Juli.xlsx,XR3,L2,61311102,141,0.0,9.18,9.2,0.14,1.0,1.51,10.87,-0.253,7.142857142857142
MPV,MPV Juni Juli.xlsx,XR1,L2,60751102,42,0.0,9.43,9.3,0.17,1.0,1.81,10.75,0.864,5.88235294117647
MPV,MPV Juni Juli.xlsx,XR2,L2,60751102,42,0.0,9.28,9.3,0.11,1.0,1.23,10.75,-0.139,9.090909090909092
MPV,MPV Juni Juli.xlsx,XR3,L2,60751102,42,0.0,9.27,9.3,0.11,1.0,1.19,10.75,-0.17,9.090909090909092
MPV,MPV Juni Juli.xlsx,XR1,L3,61311103,95,0.0,9.08,9.0,0.07,1.0,0.76,11.11,0.749,14.285714285714285
MPV,MPV Juni Juli.xlsx,XR2,L3,61311103,94,0.0,8.94,9.0,0.07,1.0,0.76,11.11,-0.547,14.285714285714285
MPV,MPV Juni Juli.xlsx,XR3,L3,61311103,95,0.0,8.94,9.0,0.06,1.0,0.69,11.11,-0.554,16.666666666666668
MPV,MPV Juni Juli.xlsx,XR1,L3,60751103,28,0.0,9.23,9.2,0.06,1.0,0.7,10.87,0.132,16.666666666666668
MPV,MPV Juni Juli.xlsx,XR2,L3,60751103,28,0.0,9.09,9.2,0.08,1.0,0.89,10.87,-0.567,12.5
MPV,MPV Juni Juli.xlsx,XR3,L3,60751103,28,0.0,9.08,9.2,0.07,1.0,0.8,10.87,-0.624,14.285714285714285
MPV,MPV Juni Juli.xlsx,XR3,L3,60751103,1297,0.0,9.01,8.97,0.29,1.0,3.25,11.16,1.37,3.4482758620689657
MPV,MPVJanuarMarch2026.xlsx,XR1,L1,60191101,78,0.0,8.52,8.6,0.19,1.0,2.25,11.63,-0.679,5.2631578947368425
MPV,MPVJanuarMarch2026.xlsx,XR2,L1,60191101,77,0.0,8.38,8.6,0.18,1.0,2.21,11.63,-1.96,5.555555555555555
MPV,MPVJanuarMarch2026.xlsx,XR3,L1,60191101,78,0.0,8.39,8.6,0.19,1.0,2.28,11.63,-1.812,5.2631578947368425
MPV,MPVJanuarMarch2026.xlsx,XR1,L1,53281101,55,0.0,8.36,8.4,0.15,1.0,1.79,11.9,-0.31,6.666666666666667
MPV,MPVJanuarMarch2026.xlsx,XR2,L1,53281101,57,0.0,8.29,8.4,0.19,1.0,2.3,11.9,-0.861,5.2631578947368425
MPV,MPVJanuarMarch2026.xlsx,XR3,L1,53281101,59,0.0,8.28,8.4,0.17,1.0,2.04,11.9,-0.95,5.88235294117647
MPV,MPVJanuarMarch2026.xlsx,XR1,L2,60191102,110,0.0,9.65,9.7,0.18,1.0,1.89,10.31,-0.543,5.555555555555555
MPV,MPVJanuarMarch2026.xlsx,XR2,L2,60191102,113,0.0,9.46,9.7,0.17,1.0,1.8,10.31,-2.512,5.88235294117647
MPV,MPVJanuarMarch2026.xlsx,XR3,L2,60191102,114,0.0,9.48,9.7,0.17,1.0,1.76,10.31,-2.36,5.88235294117647
MPV,MPVJanuarMarch2026.xlsx,XR1,L2,53281102,157,0.0,9.92,10.1,0.1,1.0,1.0,9.9,-2.243,10.0
MPV,MPVJanuarMarch2026.xlsx,XR2,L2,53281102,157,0.0,9.73,10.1,0.09,1.0,0.96,9.9,-4.637,11.11111111111111
MPV,MPVJanuarMarch2026.xlsx,XR3,L2,53281102,157,0.0,9.77,10.1,0.11,1.0,1.15,9.9,-4.094,9.090909090909092
MPV,MPVJanuarMarch2026.xlsx,XR1,L3,60191103,75,0.0,9.43,9.5,0.15,1.0,1.57,10.53,-0.624,6.666666666666667
MPV,MPVJanuarMarch2026.xlsx,XR2,L3,60191103,74,0.0,9.25,9.5,0.15,1.0,1.59,10.53,-2.127,6.666666666666667
MPV,MPVJanuarMarch2026.xlsx,XR3,L3,60191103,75,0.0,9.28,9.5,0.14,1.0,1.55,10.53,-1.928,7.142857142857142
MPV,MPVJanuarMarch2026.xlsx,XR1,L3,53281103,53,0.0,9.75,9.9,0.07,1.0,0.77,10.1,-1.058,14.285714285714285
MPV,MPVJanuarMarch2026.xlsx,XR2,L3,53281103,46,0.0,9.58,9.9,0.06,1.0,0.62,10.1,-2.138,16.666666666666668
MPV,MPVJanuarMarch2026.xlsx,XR3,L3,53281103,54,0.0,9.59,9.9,0.07,1.0,0.69,10.1,-2.286,14.285714285714285
MPV,MPVJanuarMarch2026.xlsx,XR3,L3,53281103,1589,0.0,9.3,9.51,0.59,1.0,6.3,10.56,-8.273,1.6949152542372883
Mono,Mono April mai 2026.xlsx,XR1,L1,60751101,88,0.0,0.26,0.24,0.018,0.06,7.1,25.0,3.18,3.3333333333333335
Mono,Mono April mai 2026.xlsx,XR2,L1,60751101,86,0.0,0.256,0.24,0.015,0.06,6.02,25.0,2.498,4.0
Mono,Mono April mai 2026.xlsx,XR3,L1,60751101,84,0.0,0.248,0.2,0.018,0.06,7.43,30.0,7.274,3.3333333333333335
Mono,Mono April mai 2026.xlsx,XR1,L1,60191101,41,0.0,0.238,0.21,0.014,0.06,6.01,28.57,2.941,4.285714285714286
Mono,Mono April mai 2026.xlsx,XR2,L1,60191101,38,0.0,0.228,0.21,0.016,0.06,7.12,28.57,1.866,3.75
Mono,Mono April mai 2026.xlsx,XR3,L1,60191101,38,0.0,0.23,0.21,0.02,0.06,8.58,28.57,2.055,3.0
Mono,Mono April mai 2026.xlsx,XR1,L2,60751102,130,0.0,0.485,0.49,0.038,0.1,7.93,20.41,-0.614,2.6315789473684212
Mono,Mono April mai 2026.xlsx,XR2,L2,60751102,127,0.0,0.471,0.49,0.039,0.1,8.23,20.41,-2.183,2.5641025641025643
Mono,Mono April mai 2026.xlsx,XR3,L2,60751102,126,0.0,0.468,0.49,0.038,0.1,8.18,20.41,-2.423,2.6315789473684212
Mono,Mono April mai 2026.xlsx,XR1,L2,60191102,57,0.0,0.564,0.5,0.046,0.1,8.11,20.0,4.808,2.173913043478261
Mono,Mono April mai 2026.xlsx,XR2,L2,60191102,56,0.0,0.545,0.5,0.037,0.1,6.82,20.0,3.394,2.702702702702703
Mono,Mono April mai 2026.xlsx,XR3,L2,60191102,55,0.0,0.548,0.5,0.032,0.1,5.76,20.0,3.573,3.125
Mono,Mono April mai 2026.xlsx,XR1,L3,60751103,85,0.0,1.525,1.47,0.076,0.24,4.96,16.33,2.124,3.1578947368421053
Mono,Mono April mai 2026.xlsx,XR2,L3,60751103,84,0.0,1.477,1.47,0.057,0.24,3.87,16.33,0.277,4.2105263157894735
Mono,Mono April mai 2026.xlsx,XR3,L3,60751103,84,0.0,1.455,1.47,0.083,0.24,5.67,16.33,-0.577,2.8915662650602405
Mono,Mono April mai 2026.xlsx,XR1,L3,60191103,38,0.0,1.48,1.39,0.063,0.24,4.23,17.27,2.312,3.8095238095238093
Mono,Mono April mai 2026.xlsx,XR2,L3,60191103,38,0.0,1.436,1.39,0.077,0.24,5.36,17.27,1.183,3.1168831168831166
Mono,Mono April mai 2026.xlsx,XR3,L3,60191103,42,0.0,1.442,1.39,0.077,0.24,5.35,17.27,1.414,3.1168831168831166
Mono,Mono April mai 2026.xlsx,XR3,L3,60191103,1297,0.0,0.705,0.687,0.502,0.128,71.11,21.25,5.211,0.2549800796812749
Mono,Mono Juni Juli.xlsx,XR1,L1,61311101,96,0.0,0.242,0.22,0.017,0.06,6.86,27.27,3.606,3.529411764705882
Mono,Mono Juni Juli.xlsx,XR2,L1,61311101,98,0.0,0.235,0.22,0.016,0.06,6.96,27.27,2.542,3.75
Mono,Mono Juni Juli.xlsx,XR3,L1,61311101,95,0.0,0.234,0.22,0.016,0.06,6.81,27.27,2.343,3.75
Mono,Mono Juni Juli.xlsx,XR3,L1,61311101,1,0.0,,,,,,,,
Mono,Mono Juni Juli.xlsx,XR1,L1,60751101,28,0.0,0.265,0.24,0.021,0.06,7.99,25.0,2.205,2.8571428571428568
Mono,Mono Juni Juli.xlsx,XR2,L1,60751101,30,0.0,0.265,0.24,0.017,0.06,6.48,25.0,2.282,3.529411764705882
Mono,Mono Juni Juli.xlsx,XR3,L1,60751101,29,0.0,0.255,0.2,0.019,0.06,7.6,30.0,4.952,3.1578947368421053
Mono,Mono Juni Juli.xlsx,XR1,L2,61311102,144,0.0,0.631,0.61,0.032,0.1,5.12,16.39,2.467,3.125
Mono,Mono Juni Juli.xlsx,XR2,L2,61311102,141,0.0,0.623,0.61,0.03,0.1,4.81,16.39,1.533,3.3333333333333335
Mono,Mono Juni Juli.xlsx,XR3,L2,61311102,141,0.0,0.619,0.61,0.031,0.1,5.07,16.39,1.07,3.2258064516129035
Mono,Mono Juni Juli.xlsx,XR1,L2,60751102,42,0.0,0.485,0.49,0.041,0.1,8.38,20.41,-0.324,2.4390243902439024
Mono,Mono Juni Juli.xlsx,XR2,L2,60751102,42,0.0,0.479,0.49,0.038,0.1,7.91,20.41,-0.741,2.6315789473684212
Mono,Mono Juni Juli.xlsx,XR3,L2,60751102,42,0.0,0.461,0.49,0.036,0.1,7.73,20.41,-1.852,2.777777777777778
Mono,Mono Juni Juli.xlsx,XR1,L3,61311103,95,0.0,1.394,1.32,0.055,0.24,3.96,18.18,3.01,4.363636363636363
Mono,Mono Juni Juli.xlsx,XR2,L3,61311103,94,0.0,1.367,1.32,0.066,0.24,4.84,18.18,1.895,3.6363636363636362
Mono,Mono Juni Juli.xlsx,XR3,L3,61311103,95,0.0,1.366,1.32,0.054,0.24,3.96,18.18,1.851,4.444444444444445
Mono,Mono Juni Juli.xlsx,XR1,L3,60751103,28,0.0,1.501,1.47,0.072,0.24,4.8,16.33,0.693,3.3333333333333335
Mono,Mono Juni Juli.xlsx,XR2,L3,60751103,28,0.0,1.473,1.47,0.072,0.24,4.89,16.33,0.063,3.3333333333333335
Mono,Mono Juni Juli.xlsx,XR3,L3,60751103,28,0.0,1.468,1.47,0.078,0.24,5.28,16.33,-0.047,3.0769230769230766
Mono,Mono Juni Juli.xlsx,XR3,L3,60751103,1297,0.0,0.719,0.697,0.457,0.128,63.52,20.29,6.157,0.2800875273522976
Mono,MonoJanuaryMarch2026.xlsx,XR1,L1,60191101,76,0.0,0.234,0.21,0.021,0.06,8.96,28.57,3.556,2.8571428571428568
Mono,MonoJanuaryMarch2026.xlsx,XR2,L1,60191101,77,0.0,0.227,0.21,0.016,0.06,7.19,28.57,2.469,3.75
Mono,MonoJanuaryMarch2026.xlsx,XR3,L1,60191101,78,0.0,0.228,0.21,0.017,0.06,7.26,28.57,2.585,3.529411764705882
Mono,MonoJanuaryMarch2026.xlsx,XR1,L1,53281101,55,0.0,0.178,0.22,0.019,0.06,10.61,27.27,-5.236,3.1578947368421053
Mono,MonoJanuaryMarch2026.xlsx,XR2,L1,53281101,57,0.0,0.179,0.22,0.02,0.06,10.91,27.27,-5.166,3.0
Mono,MonoJanuaryMarch2026.xlsx,XR3,L1,53281101,59,0.0,0.176,0.22,0.023,0.06,13.33,27.27,-5.663,2.608695652173913
Mono,MonoJanuaryMarch2026.xlsx,XR1,L2,60191102,110,0.0,0.54,0.5,0.039,0.1,7.15,20.0,4.176,2.5641025641025643
Mono,MonoJanuaryMarch2026.xlsx,XR2,L2,60191102,113,0.0,0.535,0.5,0.03,0.1,5.65,20.0,3.706,3.3333333333333335
Mono,MonoJanuaryMarch2026.xlsx,XR3,L2,60191102,114,0.0,0.53,0.5,0.032,0.1,5.96,20.0,3.231,3.125
Mono,MonoJanuaryMarch2026.xlsx,XR1,L2,53281102,157,0.0,0.457,0.52,0.041,0.1,9.06,19.23,-7.845,2.4390243902439024
Mono,MonoJanuaryMarch2026.xlsx,XR2,L2,53281102,157,0.0,0.462,0.52,0.044,0.1,9.45,19.23,-7.279,2.272727272727273
Mono,MonoJanuaryMarch2026.xlsx,XR3,L2,53281102,157,0.0,0.451,0.52,0.047,0.1,10.41,19.23,-8.619,2.127659574468085
Mono,MonoJanuaryMarch2026.xlsx,XR1,L3,60191103,75,0.0,1.467,1.39,0.069,0.24,4.68,17.27,2.766,3.478260869565217
Mono,MonoJanuaryMarch2026.xlsx,XR2,L3,60191103,74,0.0,1.445,1.39,0.071,0.24,4.91,17.27,1.976,3.3802816901408455
Mono,MonoJanuaryMarch2026.xlsx,XR3,L3,60191103,75,0.0,1.436,1.39,0.072,0.24,5.0,17.27,1.674,3.3333333333333335
Mono,MonoJanuaryMarch2026.xlsx,XR1,L3,53281103,53,0.0,1.266,1.37,0.101,0.24,7.99,17.52,-3.154,2.376237623762376
Mono,MonoJanuaryMarch2026.xlsx,XR2,L3,53281103,46,0.0,1.262,1.37,0.104,0.24,8.21,17.52,-3.053,2.307692307692308
Mono,MonoJanuaryMarch2026.xlsx,XR3,L3,53281103,54,0.0,1.257,1.37,0.12,0.24,9.51,17.52,-3.459,2.0
Mono,MonoJanuaryMarch2026.xlsx,XR3,L3,53281103,1587,0.0,0.628,0.643,0.439,0.123,69.84,21.18,-4.893,0.28018223234624146
NRBC#,NRBC#AprilMay2026.xlsx,XR1,L1,60751101,86,2.0,0.153,0.14,0.014,0.017,9.39,12.14,6.914,1.2142857142857144
NRBC#,NRBC#AprilMay2026.xlsx,XR2,L1,60751101,86,0.0,0.15,0.14,0.015,0.017,9.91,12.14,5.265,1.1333333333333335
NRBC#,NRBC#AprilMay2026.xlsx,XR3,L1,60751101,84,0.0,0.148,0.14,0.012,0.017,8.22,12.14,4.364,1.4166666666666667
NRBC#,NRBC#AprilMay2026.xlsx,XR1,L1,60191101,40,1.0,0.154,0.14,0.015,0.017,9.62,12.14,5.022,1.1333333333333335
NRBC#,NRBC#AprilMay2026.xlsx,XR2,L1,60191101,38,0.0,0.145,0.14,0.013,0.017,8.76,12.14,1.718,1.307692307692308
NRBC#,NRBC#AprilMay2026.xlsx,XR3,L1,60191101,38,0.0,0.149,0.14,0.012,0.017,8.08,12.14,3.244,1.4166666666666667
NRBC#,NRBC#AprilMay2026.xlsx,XR1,L2,60751102,130,0.0,0.446,0.44,0.025,0.03,5.53,6.82,2.193,1.2
NRBC#,NRBC#AprilMay2026.xlsx,XR2,L2,60751102,127,0.0,0.438,0.44,0.025,0.03,5.7,6.82,-0.621,1.2
NRBC#,NRBC#AprilMay2026.xlsx,XR3,L2,60751102,126,0.0,0.436,0.44,0.024,0.03,5.47,6.82,-1.604,1.25
NRBC#,NRBC#AprilMay2026.xlsx,XR1,L2,60191102,58,0.0,0.434,0.42,0.023,0.03,5.25,7.14,3.589,1.3043478260869565
NRBC#,NRBC#AprilMay2026.xlsx,XR2,L2,60191102,56,0.0,0.429,0.42,0.021,0.03,5.01,7.14,2.183,1.4285714285714284
NRBC#,NRBC#AprilMay2026.xlsx,XR3,L2,60191102,55,0.0,0.425,0.42,0.022,0.03,5.2,7.14,1.169,1.3636363636363638
NRBC#,NRBC#AprilMay2026.xlsx,XR1,L3,60751103,85,0.0,1.127,1.11,0.036,0.04,3.24,3.6,3.851,1.1111111111111112
NRBC#,NRBC#AprilMay2026.xlsx,XR2,L3,60751103,84,0.0,1.107,1.11,0.036,0.04,3.21,3.6,-0.764,1.1111111111111112
NRBC#,NRBC#AprilMay2026.xlsx,XR3,L3,60751103,84,0.0,1.104,1.11,0.031,0.04,2.8,3.6,-1.473,1.2903225806451613
NRBC#,NRBC#AprilMay2026.xlsx,XR1,L3,60191103,38,0.0,1.079,1.06,0.047,0.04,4.32,3.77,3.001,0.851063829787234
NRBC#,NRBC#AprilMay2026.xlsx,XR2,L3,60191103,38,0.0,1.059,1.06,0.037,0.04,3.49,3.77,-0.081,1.0810810810810811
NRBC#,NRBC#AprilMay2026.xlsx,XR3,L3,60191103,42,0.0,1.055,1.06,0.032,0.04,3.08,3.77,-0.887,1.25
NRBC#,NRBC#AprilMay2026.xlsx,XR3,L3,60191103,1295,3.0,0.543,0.539,0.372,0.029,68.38,7.48,6.029,0.07795698924731183
NRBC#,NRBC#JanuaryMarch2026.xlsx,XR1,L1,60191101,76,0.0,0.147,0.14,0.013,0.017,8.8,12.14,3.644,1.307692307692308
NRBC#,NRBC#JanuaryMarch2026.xlsx,XR2,L1,60191101,77,0.0,0.149,0.14,0.013,0.017,8.85,12.14,4.827,1.307692307692308
NRBC#,NRBC#JanuaryMarch2026.xlsx,XR3,L1,60191101,78,0.0,0.144,0.14,0.013,0.017,9.31,12.14,2.265,1.307692307692308
NRBC#,NRBC#JanuaryMarch2026.xlsx,XR1,L1,53281101,55,0.0,0.158,0.15,0.014,0.017,9.18,11.33,3.411,1.2142857142857144
NRBC#,NRBC#JanuaryMarch2026.xlsx,XR2,L1,53281101,57,0.0,0.154,0.15,0.014,0.017,8.92,11.33,1.558,1.2142857142857144
NRBC#,NRBC#JanuaryMarch2026.xlsx,XR3,L1,53281101,59,0.0,0.151,0.15,0.016,0.017,10.27,11.33,0.459,1.0625
NRBC#,NRBC#JanuaryMarch2026.xlsx,XR1,L2,60191102,110,0.0,0.429,0.42,0.021,0.03,4.94,7.14,3.21,1.4285714285714284
NRBC#,NRBC#JanuaryMarch2026.xlsx,XR2,L2,60191102,113,0.0,0.428,0.42,0.023,0.03,5.45,7.14,2.822,1.3043478260869565
NRBC#,NRBC#JanuaryMarch2026.xlsx,XR3,L2,60191102,114,0.0,0.424,0.42,0.023,0.03,5.38,7.14,1.499,1.3043478260869565
NRBC#,NRBC#JanuaryMarch2026.xlsx,XR1,L2,53281102,157,0.0,0.439,0.44,0.026,0.03,5.83,6.82,-0.452,1.153846153846154
NRBC#,NRBC#JanuaryMarch2026.xlsx,XR2,L2,53281102,157,0.0,0.439,0.44,0.021,0.03,4.84,6.82,-0.426,1.4285714285714284
NRBC#,NRBC#JanuaryMarch2026.xlsx,XR3,L2,53281102,157,0.0,0.438,0.44,0.023,0.03,5.22,6.82,-0.771,1.3043478260869565
NRBC#,NRBC#JanuaryMarch2026.xlsx,XR1,L3,60191103,74,1.0,1.065,1.06,0.043,0.04,3.99,3.77,1.017,0.930232558139535
NRBC#,NRBC#JanuaryMarch2026.xlsx,XR2,L3,60191103,74,0.0,1.062,1.06,0.03,0.04,2.84,3.77,0.436,1.3333333333333335
NRBC#,NRBC#JanuaryMarch2026.xlsx,XR3,L3,60191103,75,0.0,1.059,1.06,0.038,0.04,3.6,3.77,-0.318,1.0526315789473684
NRBC#,NRBC#JanuaryMarch2026.xlsx,XR1,L3,53281103,53,0.0,1.104,1.1,0.039,0.04,3.51,3.64,0.652,1.0256410256410258
NRBC#,NRBC#JanuaryMarch2026.xlsx,XR2,L3,53281103,46,0.0,1.107,1.1,0.039,0.04,3.56,3.64,1.143,1.0256410256410258
NRBC#,NRBC#JanuaryMarch2026.xlsx,XR3,L3,53281103,54,0.0,1.093,1.1,0.04,0.04,3.7,3.64,-1.327,1.0
NRBC#,NRBC#JanuaryMarch2026.xlsx,XR3,L3,53281103,1586,1.0,0.515,0.512,0.336,0.029,65.34,7.41,3.938,0.08630952380952381
NRBC#,NRBC#JuniJuli.xlsx,XR1,L1,61311101,96,0.0,0.144,0.14,0.013,0.017,9.32,12.14,2.281,1.307692307692308
NRBC#,NRBC#JuniJuli.xlsx,XR2,L1,61311101,98,0.0,0.142,0.14,0.013,0.017,8.9,12.14,1.367,1.307692307692308
NRBC#,NRBC#JuniJuli.xlsx,XR3,L1,61311101,95,0.0,0.142,0.14,0.013,0.017,9.41,12.14,1.267,1.307692307692308
NRBC#,NRBC#JuniJuli.xlsx,XR3,L1,61311101,1,0.0,,,,,,,,
NRBC#,NRBC#JuniJuli.xlsx,XR1,L1,60751101,28,0.0,0.15,0.14,0.017,0.017,11.37,12.14,3.224,1.0
NRBC#,NRBC#JuniJuli.xlsx,XR2,L1,60751101,30,0.0,0.149,0.14,0.012,0.017,8.14,12.14,2.9,1.4166666666666667
NRBC#,NRBC#JuniJuli.xlsx,XR3,L1,60751101,29,0.0,0.152,0.14,0.011,0.017,7.06,12.14,3.714,1.5454545454545456
NRBC#,NRBC#JuniJuli.xlsx,XR1,L2,61311102,144,0.0,0.437,0.43,0.022,0.03,5.1,6.98,2.972,1.3636363636363638
NRBC#,NRBC#JuniJuli.xlsx,XR2,L2,61311102,141,0.0,0.432,0.43,0.025,0.03,5.82,6.98,0.814,1.2
NRBC#,NRBC#JuniJuli.xlsx,XR3,L2,61311102,141,0.0,0.433,0.43,0.022,0.03,5.04,6.98,1.207,1.3636363636363638
NRBC#,NRBC#JuniJuli.xlsx,XR1,L2,60751102,42,0.0,0.443,0.44,0.02,0.03,4.44,6.82,0.566,1.5
NRBC#,NRBC#JuniJuli.xlsx,XR2,L2,60751102,42,0.0,0.443,0.44,0.025,0.03,5.76,6.82,0.566,1.2
NRBC#,NRBC#JuniJuli.xlsx,XR3,L2,60751102,42,0.0,0.439,0.44,0.019,0.03,4.36,6.82,-0.257,1.5789473684210527
NRBC#,NRBC#JuniJuli.xlsx,XR1,L3,61311103,95,0.0,1.121,1.11,0.037,0.04,3.27,3.6,2.796,1.0810810810810811
NRBC#,NRBC#JuniJuli.xlsx,XR2,L3,61311103,94,0.0,1.106,1.11,0.035,0.04,3.2,3.6,-0.902,1.1428571428571428
NRBC#,NRBC#JuniJuli.xlsx,XR3,L3,61311103,95,0.0,1.103,1.11,0.041,0.04,3.71,3.6,-1.795,0.975609756097561
NRBC#,NRBC#JuniJuli.xlsx,XR1,L3,60751103,28,0.0,1.145,1.11,0.038,0.04,3.36,3.6,4.677,1.0526315789473684
NRBC#,NRBC#JuniJuli.xlsx,XR2,L3,60751103,28,0.0,1.09,1.11,0.034,0.04,3.11,3.6,-2.599,1.1764705882352942
NRBC#,NRBC#JuniJuli.xlsx,XR3,L3,60751103,28,0.0,1.101,1.11,0.039,0.04,3.5,3.6,-1.228,1.0256410256410258
NRBC#,NRBC#JuniJuli.xlsx,XR3,L3,60751103,1297,0.0,0.543,0.54,0.379,0.029,69.75,7.5,3.353,0.07651715039577836
Neutrophil,Neut#AprilMai.xlsx,XR1,L1,60751101,88,0.0,1.29,1.28,0.042,0.05,3.26,3.91,1.919,1.1904761904761905
Neutrophil,Neut#AprilMai.xlsx,XR2,L1,60751101,86,0.0,1.251,1.28,0.049,0.05,3.91,3.91,-5.392,1.0204081632653061
Neutrophil,Neut#AprilMai.xlsx,XR3,L1,60751101,84,0.0,1.247,1.28,0.038,0.05,3.05,3.91,-6.023,1.3157894736842106
Neutrophil,Neut#AprilMai.xlsx,XR1,L1,60191101,39,2.0,1.318,1.27,0.038,0.05,2.86,3.94,6.053,1.3157894736842106
Neutrophil,Neut#AprilMai.xlsx,XR2,L1,60191101,38,0.0,1.283,1.27,0.036,0.05,2.84,3.94,1.557,1.388888888888889
Neutrophil,Neut#AprilMai.xlsx,XR3,L1,60191101,38,0.0,1.26,1.27,0.04,0.05,3.15,3.94,-1.2,1.25
Neutrophil,Neut#AprilMai.xlsx,XR1,L2,60751102,129,1.0,3.333,3.3,0.095,0.1,2.86,3.03,3.804,1.0526315789473684
Neutrophil,Neut#AprilMai.xlsx,XR2,L2,60751102,127,0.0,3.268,3.3,0.078,0.1,2.37,3.03,-3.585,1.2820512820512822
Neutrophil,Neut#AprilMai.xlsx,XR3,L2,60751102,126,0.0,3.249,3.3,0.076,0.1,2.34,3.03,-5.684,1.3157894736842106
Neutrophil,Neut#AprilMai.xlsx,XR1,L2,60191102,57,0.0,3.151,3.09,0.084,0.1,2.66,3.24,4.596,1.1904761904761905
Neutrophil,Neut#AprilMai.xlsx,XR2,L2,60191102,56,0.0,3.103,3.09,0.077,0.1,2.47,3.24,0.949,1.2987012987012987
Neutrophil,Neut#AprilMai.xlsx,XR3,L2,60191102,55,0.0,3.083,3.09,0.09,0.1,2.93,3.24,-0.512,1.1111111111111112
Neutrophil,Neut#AprilMai.xlsx,XR1,L3,60751103,85,0.0,8.342,8.26,0.229,0.25,2.74,3.03,3.037,1.0917030567685588
Neutrophil,Neut#AprilMai.xlsx,XR2,L3,60751103,84,0.0,8.189,8.26,0.171,0.25,2.09,3.03,-2.588,1.461988304093567
Neutrophil,Neut#AprilMai.xlsx,XR3,L3,60751103,84,0.0,8.099,8.26,0.15,0.25,1.86,3.03,-5.918,1.6666666666666667
Neutrophil,Neut#AprilMai.xlsx,XR1,L3,60191103,38,0.0,8.273,8.16,0.153,0.25,1.84,3.06,2.777,1.6339869281045751
Neutrophil,Neut#AprilMai.xlsx,XR2,L3,60191103,38,0.0,8.145,8.16,0.175,0.25,2.15,3.06,-0.37,1.4285714285714286
Neutrophil,Neut#AprilMai.xlsx,XR3,L3,60191103,42,0.0,8.118,8.16,0.161,0.25,1.98,3.06,-1.092,1.5527950310559007
Neutrophil,Neut#AprilMai.xlsx,XR3,L3,60191103,1294,3.0,4.091,4.103,2.733,0.129,66.82,3.32,-3.288,0.047200878155872664
Neutrophil,Neut#JanuaryMarch.xlsx,XR1,L1,60191101,76,0.0,1.297,1.27,0.044,0.05,3.42,3.94,4.657,1.1363636363636365
Neutrophil,Neut#JanuaryMarch.xlsx,XR2,L1,60191101,77,0.0,1.287,1.27,0.04,0.05,3.08,3.94,3.054,1.25
Neutrophil,Neut#JanuaryMarch.xlsx,XR3,L1,60191101,78,0.0,1.262,1.27,0.033,0.05,2.63,3.94,-1.472,1.5151515151515151
Neutrophil,Neut#JanuaryMarch.xlsx,XR1,L1,53281101,55,0.0,1.253,1.22,0.043,0.05,3.46,4.1,4.908,1.1627906976744187
Neutrophil,Neut#JanuaryMarch.xlsx,XR2,L1,53281101,56,1.0,1.257,1.22,0.037,0.05,2.98,4.1,5.532,1.3513513513513515
Neutrophil,Neut#JanuaryMarch.xlsx,XR3,L1,53281101,59,0.0,1.238,1.22,0.04,0.05,3.25,4.1,2.76,1.25
Neutrophil,Neut#JanuaryMarch.xlsx,XR1,L2,60191102,108,2.0,3.118,3.09,0.08,0.1,2.56,3.24,2.906,1.25
Neutrophil,Neut#JanuaryMarch.xlsx,XR2,L2,60191102,113,0.0,3.088,3.09,0.08,0.1,2.58,3.24,-0.226,1.25
Neutrophil,Neut#JanuaryMarch.xlsx,XR3,L2,60191102,114,0.0,3.054,3.09,0.091,0.1,2.99,3.24,-3.877,1.098901098901099
Neutrophil,Neut#JanuaryMarch.xlsx,XR1,L2,53281102,157,0.0,3.178,3.13,0.086,0.1,2.7,3.19,5.978,1.1627906976744187
Neutrophil,Neut#JanuaryMarch.xlsx,XR2,L2,53281102,157,0.0,3.186,3.13,0.079,0.1,2.49,3.19,6.967,1.2658227848101267
Neutrophil,Neut#JanuaryMarch.xlsx,XR3,L2,53281102,157,0.0,3.132,3.13,0.075,0.1,2.41,3.19,0.223,1.3333333333333335
Neutrophil,Neut#JanuaryMarch.xlsx,XR1,L3,60191103,72,3.0,8.153,8.16,0.209,0.25,2.57,3.06,-0.25,1.1961722488038278
Neutrophil,Neut#JanuaryMarch.xlsx,XR2,L3,60191103,74,0.0,8.109,8.16,0.155,0.25,1.91,3.06,-1.744,1.6129032258064517
Neutrophil,Neut#JanuaryMarch.xlsx,XR3,L3,60191103,75,0.0,8.014,8.16,0.145,0.25,1.81,3.06,-5.058,1.7241379310344829
Neutrophil,Neut#JanuaryMarch.xlsx,XR1,L3,53281103,53,0.0,8.278,8.22,0.193,0.25,2.33,3.04,1.703,1.2953367875647668
Neutrophil,Neut#JanuaryMarch.xlsx,XR2,L3,53281103,46,0.0,8.271,8.22,0.161,0.25,1.95,3.04,1.386,1.5527950310559007
Neutrophil,Neut#JanuaryMarch.xlsx,XR3,L3,53281103,54,0.0,8.171,8.22,0.167,0.25,2.05,3.04,-1.448,1.497005988023952
Neutrophil,Neut#JanuaryMarch.xlsx,XR3,L3,53281103,1581,6.0,3.847,3.84,2.52,0.123,65.5,3.38,2.124,0.04880952380952381
Neutrophil,Neut#JuniJuli.xlsx,XR1,L1,61311101,96,0.0,1.378,1.35,0.047,0.05,3.38,3.7,5.491,1.0638297872340425
Neutrophil,Neut#JuniJuli.xlsx,XR2,L1,61311101,98,0.0,1.352,1.35,0.048,0.05,3.56,3.7,0.444,1.0416666666666667
Neutrophil,Neut#JuniJuli.xlsx,XR3,L1,61311101,95,0.0,1.342,1.35,0.042,0.05,3.16,3.7,-1.601,1.1904761904761905
Neutrophil,Neut#JuniJuli.xlsx,XR3,L1,61311101,1,0.0,,,,,,,,
Neutrophil,Neut#JuniJuli.xlsx,XR1,L1,60751101,28,0.0,1.281,1.28,0.04,0.05,3.13,3.91,0.113,1.25
Neutrophil,Neut#JuniJuli.xlsx,XR2,L1,60751101,30,0.0,1.254,1.28,0.039,0.05,3.09,3.91,-2.812,1.2820512820512822
Neutrophil,Neut#JuniJuli.xlsx,XR3,L1,60751101,29,0.0,1.238,1.28,0.037,0.05,2.98,3.91,-4.494,1.3513513513513515
Neutrophil,Neut#JuniJuli.xlsx,XR1,L2,61311102,144,0.0,3.152,3.12,0.08,0.1,2.54,3.21,3.883,1.25
Neutrophil,Neut#JuniJuli.xlsx,XR2,L2,61311102,141,0.0,3.093,3.12,0.079,0.1,2.55,3.21,-3.225,1.2658227848101267
Neutrophil,Neut#JuniJuli.xlsx,XR3,L2,61311102,141,0.0,3.104,3.12,0.075,0.1,2.42,3.21,-1.844,1.3333333333333335
Neutrophil,Neut#JuniJuli.xlsx,XR1,L2,60751102,42,0.0,3.338,3.3,0.088,0.1,2.65,3.03,2.438,1.1363636363636365
Neutrophil,Neut#JuniJuli.xlsx,XR2,L2,60751102,42,0.0,3.252,3.3,0.078,0.1,2.4,3.03,-3.086,1.2820512820512822
Neutrophil,Neut#JuniJuli.xlsx,XR3,L2,60751102,42,0.0,3.256,3.3,0.063,0.1,1.92,3.03,-2.855,1.5873015873015874
Neutrophil,Neut#JuniJuli.xlsx,XR1,L3,61311103,95,0.0,8.49,8.42,0.174,0.25,2.05,2.97,2.713,1.4367816091954024
Neutrophil,Neut#JuniJuli.xlsx,XR2,L3,61311103,94,0.0,8.405,8.42,0.165,0.25,1.96,2.97,-0.582,1.5151515151515151
Neutrophil,Neut#JuniJuli.xlsx,XR3,L3,61311103,95,0.0,8.371,8.42,0.161,0.25,1.93,2.97,-1.904,1.5527950310559007
Neutrophil,Neut#JuniJuli.xlsx,XR1,L3,60751103,28,0.0,8.326,8.26,0.161,0.25,1.93,3.03,1.406,1.5527950310559007
Neutrophil,Neut#JuniJuli.xlsx,XR2,L3,60751103,28,0.0,8.144,8.26,0.174,0.25,2.14,3.03,-2.464,1.4367816091954024
Neutrophil,Neut#JuniJuli.xlsx,XR3,L3,60751103,28,0.0,8.11,8.26,0.122,0.25,1.5,3.03,-3.182,2.0491803278688523
Neutrophil,Neut#JuniJuli.xlsx,XR3,L3,60751103,1297,0.0,4.105,4.114,2.793,0.128,68.03,3.28,-2.437,0.04582885785893304
PLT-F,April 2026.xlsx,XR2,L1,60751101,22,0.0,79.18,79.0,1.59,5.7,2.01,7.22,0.15,3.5849056603773586
PLT-F,April 2026.xlsx,XR3,L1,60751101,22,0.0,77.73,79.0,1.67,5.7,2.14,7.22,-1.047,3.413173652694611
PLT-F,April 2026.xlsx,XR2,L1,60191101,38,0.0,78.29,78.0,1.49,5.7,1.9,7.31,0.313,3.825503355704698
PLT-F,April 2026.xlsx,XR3,L1,60191101,38,0.0,76.87,78.0,1.19,5.7,1.55,7.31,-1.224,4.789915966386555
PLT-F,April 2026.xlsx,XR2,L2,60751102,34,0.0,260.79,264.0,4.57,20.0,1.75,7.58,-0.935,4.3763676148796495
PLT-F,April 2026.xlsx,XR3,L2,60751102,32,0.0,265.72,264.0,6.5,20.0,2.44,7.58,0.486,3.076923076923077
PLT-F,April 2026.xlsx,XR2,L2,60191102,56,0.0,262.3,260.0,3.6,20.0,1.37,7.69,0.862,5.555555555555555
PLT-F,April 2026.xlsx,XR3,L2,60191102,55,0.0,266.55,260.0,7.98,20.0,2.99,7.69,2.427,2.506265664160401
PLT-F,April 2026.xlsx,XR2,L3,60751103,22,0.0,544.59,550.0,6.88,22.0,1.26,4.0,-1.153,3.197674418604651
PLT-F,April 2026.xlsx,XR3,L3,60751103,21,0.0,539.1,550.0,4.97,22.0,0.92,4.0,-2.271,4.4265593561368215
PLT-F,April 2026.xlsx,XR2,L3,60191103,38,0.0,543.82,532.0,6.19,22.0,1.14,4.14,3.311,3.554119547657512
PLT-F,April 2026.xlsx,XR3,L3,60191103,42,0.0,535.81,532.0,5.66,22.0,1.06,4.14,1.122,3.8869257950530036
PLT-F,April 2026.xlsx,XR3,L3,60191103,420,0.0,291.76,290.23,177.79,16.5,60.94,6.5,1.893,0.09280611957927892
PLT-F,February 2026.xlsx,XR2,L1,60191101,14,0.0,80.79,78.0,1.81,5.7,2.23,7.31,1.829,3.149171270718232
PLT-F,February 2026.xlsx,XR3,L1,60191101,14,0.0,81.29,78.0,1.33,5.7,1.63,7.31,2.157,4.285714285714286
PLT-F,February 2026.xlsx,XR2,L1,53281101,25,0.0,85.56,80.0,1.45,5.7,1.69,7.13,4.877,3.931034482758621
PLT-F,February 2026.xlsx,XR3,L1,53281101,27,0.0,84.74,80.0,1.26,5.7,1.49,7.13,4.322,4.523809523809524
PLT-F,February 2026.xlsx,XR2,L2,60191102,20,0.0,260.9,260.0,3.8,20.0,1.46,7.69,0.201,5.2631578947368425
PLT-F,February 2026.xlsx,XR3,L2,60191102,19,0.0,270.05,260.0,4.18,20.0,1.55,7.69,2.191,4.784688995215311
PLT-F,February 2026.xlsx,XR2,L2,53281102,65,0.0,284.83,265.0,5.34,20.0,1.87,7.55,7.994,3.7453183520599254
PLT-F,February 2026.xlsx,XR3,L2,53281102,64,0.0,291.77,265.0,8.11,20.0,2.78,7.55,10.706,2.466091245376079
PLT-F,February 2026.xlsx,XR2,L3,60191103,12,0.0,551.33,532.0,4.16,22.0,0.76,4.14,3.044,5.288461538461538
PLT-F,February 2026.xlsx,XR3,L3,60191103,11,0.0,553.27,532.0,6.28,22.0,1.13,4.14,3.207,3.503184713375796
PLT-F,February 2026.xlsx,XR2,L3,53281103,12,0.0,562.25,524.0,5.51,22.0,0.98,4.2,6.023,3.9927404718693285
PLT-F,February 2026.xlsx,XR2,L3,53281103,10,0.0,566.8,554.0,4.69,22.0,0.83,3.97,1.84,4.6908315565031975
PLT-F,February 2026.xlsx,XR2,L3,53281103,22,0.0,564.32,537.64,5.54,22.0,0.98,4.1,5.689,3.9711191335740073
PLT-F,February 2026.xlsx,XR3,L3,53281103,11,1.0,561.36,524.0,8.35,22.0,1.49,4.2,5.633,2.6347305389221556
PLT-F,February 2026.xlsx,XR3,L3,53281103,12,0.0,571.0,554.0,7.72,22.0,1.35,3.97,2.677,2.849740932642487
PLT-F,February 2026.xlsx,XR3,L3,53281103,23,1.0,566.39,539.65,9.26,22.0,1.63,4.08,5.829,2.375809935205184
PLT-F,February 2026.xlsx,XR3,L3,53281103,316,1.0,292.33,275.78,163.63,16.81,55.97,6.74,17.505,0.10273177290227953
PLT-F,January 2026.xlsx,XR2,L1,53281101,32,0.0,85.41,80.0,1.21,5.7,1.42,7.13,5.365,4.710743801652892
PLT-F,January 2026.xlsx,XR3,L1,53281101,32,0.0,84.59,80.0,1.95,5.7,2.3,7.13,4.559,2.9230769230769234
PLT-F,January 2026.xlsx,XR2,L2,53281102,92,0.0,276.02,265.0,4.49,20.0,1.63,7.55,5.286,4.4543429844097995
PLT-F,January 2026.xlsx,XR3,L2,53281102,93,0.0,276.22,265.0,5.01,20.0,1.81,7.55,5.408,3.9920159680638725
PLT-F,January 2026.xlsx,XR2,L3,53281103,24,0.0,554.42,524.0,7.17,22.0,1.29,4.2,6.773,3.0683403068340307
PLT-F,January 2026.xlsx,XR3,L3,53281103,31,0.0,548.48,524.0,6.07,22.0,1.11,4.2,6.196,3.6243822075782535
PLT-F,January 2026.xlsx,XR3,L3,53281103,304,0.0,285.63,272.91,146.19,17.35,51.18,6.86,12.779,0.11868116834256791
PLT-F,Juli 2026.xlsx,XR2,L1,61311101,64,0.0,81.11,79.0,1.44,5.7,1.77,7.22,2.961,3.9583333333333335
PLT-F,Juli 2026.xlsx,XR3,L1,61311101,62,0.0,78.6,79.0,1.4,5.7,1.78,7.22,-0.557,4.071428571428572
PLT-F,Juli 2026.xlsx,XR2,L2,61311102,93,0.0,264.11,260.0,4.0,20.0,1.52,7.69,1.981,5.0
PLT-F,Juli 2026.xlsx,XR3,L2,61311102,92,0.0,271.84,260.0,6.92,20.0,2.54,7.69,5.677,2.8901734104046244
PLT-F,Juli 2026.xlsx,XR2,L3,61311103,62,0.0,551.69,535.0,6.13,22.0,1.11,4.11,5.975,3.5889070146818924
PLT-F,Juli 2026.xlsx,XR3,L3,61311103,62,0.0,543.92,535.0,6.57,22.0,1.21,4.11,3.192,3.34855403348554
PLT-F,Juli 2026.xlsx,XR3,L3,61311103,435,0.0,293.25,285.96,179.0,16.43,61.04,6.53,9.249,0.0917877094972067
PLT-F,Juni 2026.xlsx,XR2,L1,61311101,34,0.0,80.97,79.0,1.19,5.7,1.47,7.22,2.016,4.789915966386555
PLT-F,Juni 2026.xlsx,XR3,L1,61311101,33,0.0,78.33,79.0,1.16,5.7,1.49,7.22,-0.672,4.913793103448277
PLT-F,Juni 2026.xlsx,XR3,L1,61311101,1,0.0,,,,,,,,
PLT-F,Juni 2026.xlsx,XR2,L1,60751101,30,0.0,80.13,79.0,1.33,5.7,1.66,7.22,1.089,4.285714285714286
PLT-F,Juni 2026.xlsx,XR3,L1,60751101,29,0.0,77.83,79.0,1.47,5.7,1.88,7.22,-1.108,3.8775510204081636
PLT-F,Juni 2026.xlsx,XR2,L2,61311102,48,0.0,257.04,260.0,3.31,20.0,1.29,7.69,-1.025,6.042296072507553
PLT-F,Juni 2026.xlsx,XR3,L2,61311102,49,0.0,262.45,260.0,6.55,20.0,2.5,7.69,0.857,3.053435114503817
PLT-F,Juni 2026.xlsx,XR2,L2,60751102,42,0.0,276.0,264.0,4.41,20.0,1.6,7.58,3.888,4.535147392290249
PLT-F,Juni 2026.xlsx,XR3,L2,60751102,42,0.0,283.29,264.0,7.46,20.0,2.63,7.58,6.249,2.680965147453083
PLT-F,Juni 2026.xlsx,XR2,L3,61311103,32,0.0,542.34,535.0,4.76,22.0,0.88,4.11,1.888,4.621848739495799
PLT-F,Juni 2026.xlsx,XR3,L3,61311103,33,0.0,536.48,535.0,5.87,22.0,1.09,4.11,0.388,3.7478705281090288
PLT-F,Juni 2026.xlsx,XR2,L3,60751103,28,0.0,563.32,550.0,5.44,22.0,0.97,4.0,3.204,4.044117647058823
PLT-F,Juni 2026.xlsx,XR3,L3,60751103,28,0.0,556.57,550.0,7.84,22.0,1.41,4.0,1.581,2.806122448979592
PLT-F,Juni 2026.xlsx,XR3,L3,60751103,429,0.0,291.79,287.21,180.01,16.36,61.69,6.5,5.809,0.09088383978667852
PLT-F,Mai 2026.xlsx,XR2,L1,60751101,64,0.0,79.53,79.0,1.43,5.7,1.79,7.22,0.746,3.9860139860139863
PLT-F,Mai 2026.xlsx,XR3,L1,60751101,62,0.0,77.42,79.0,1.21,5.7,1.56,7.22,-2.184,4.710743801652892
PLT-F,Mai 2026.xlsx,XR2,L2,60751102,93,0.0,271.85,264.0,4.68,20.0,1.72,7.58,3.785,4.273504273504273
PLT-F,Mai 2026.xlsx,XR3,L2,60751102,94,0.0,278.6,264.0,8.76,20.0,3.14,7.58,7.076,2.2831050228310503
PLT-F,Mai 2026.xlsx,XR2,L3,60751103,62,0.0,555.03,550.0,6.11,22.0,1.1,4.0,1.801,3.6006546644844515
PLT-F,Mai 2026.xlsx,XR3,L3,60751103,63,0.0,549.27,550.0,7.14,22.0,1.3,4.0,-0.263,3.081232492997199
PLT-F,Mai 2026.xlsx,XR3,L3,60751103,438,0.0,297.66,292.4,180.63,16.46,60.68,6.45,6.689,0.09112550517632731
PLT-F,March 2026.xlsx,XR2,L1,60191101,63,0.0,81.14,78.0,1.97,5.7,2.43,7.31,4.376,2.8934010152284264
PLT-F,March 2026.xlsx,XR3,L1,60191101,64,0.0,79.98,78.0,2.27,5.7,2.84,7.31,2.785,2.511013215859031
PLT-F,March 2026.xlsx,XR2,L2,60191102,93,0.0,264.23,260.0,4.92,20.0,1.86,7.69,2.038,4.065040650406504
PLT-F,March 2026.xlsx,XR3,L2,60191102,95,0.0,271.22,260.0,11.26,20.0,4.15,7.69,5.468,1.7761989342806395
PLT-F,March 2026.xlsx,XR2,L3,60191103,62,0.0,553.06,532.0,9.72,22.0,1.76,4.14,7.539,2.2633744855967075
PLT-F,March 2026.xlsx,XR3,L3,60191103,64,0.0,550.05,532.0,14.58,22.0,2.65,4.14,6.563,1.5089163237311385
PLT-F,March 2026.xlsx,XR3,L3,60191103,441,0.0,294.93,285.3,180.33,16.45,61.14,6.57,12.286,0.09122164919869127
PLT,PLT JuniJuli.xlsx,XR1,L1,61311101,96,0.0,92.8,87.0,3.3,5.2,3.56,5.98,10.854,1.575757575757576
PLT,PLT JuniJuli.xlsx,XR2,L1,61311101,96,2.0,92.9,87.0,3.5,5.2,3.73,5.98,11.207,1.4857142857142858
PLT,PLT JuniJuli.xlsx,XR3,L1,61311101,95,0.0,92.4,87.0,4.0,5.2,4.3,5.98,10.161,1.3
PLT,PLT JuniJuli.xlsx,XR3,L1,61311101,1,0.0,,,,,,,,
PLT,PLT JuniJuli.xlsx,XR1,L1,60751101,28,0.0,89.9,86.0,3.5,5.2,3.91,6.05,3.925,1.4857142857142858
PLT,PLT JuniJuli.xlsx,XR2,L1,60751101,29,1.0,89.1,86.0,3.4,5.2,3.76,6.05,3.214,1.5294117647058825
PLT,PLT JuniJuli.xlsx,XR3,L1,60751101,29,0.0,88.5,86.0,2.9,5.2,3.23,6.05,2.571,1.793103448275862
PLT,PLT JuniJuli.xlsx,XR1,L2,61311102,144,0.0,238.4,233.0,5.8,10.0,2.44,4.29,6.492,1.7241379310344829
PLT,PLT JuniJuli.xlsx,XR2,L2,61311102,141,0.0,239.0,233.0,5.6,10.0,2.34,4.29,7.184,1.7857142857142858
PLT,PLT JuniJuli.xlsx,XR3,L2,61311102,141,0.0,237.7,233.0,6.4,10.0,2.68,4.29,5.609,1.5625
PLT,PLT JuniJuli.xlsx,XR1,L2,60751102,42,0.0,243.6,238.0,5.8,10.0,2.4,4.2,3.642,1.7241379310344829
PLT,PLT JuniJuli.xlsx,XR2,L2,60751102,42,0.0,245.2,238.0,5.7,10.0,2.33,4.2,4.645,1.7543859649122806
PLT,PLT JuniJuli.xlsx,XR3,L2,60751102,42,0.0,246.5,238.0,5.4,10.0,2.21,4.2,5.478,1.8518518518518516
PLT,PLT JuniJuli.xlsx,XR1,L3,61311103,95,0.0,541.0,534.0,7.6,19.0,1.41,3.56,3.613,2.5
PLT,PLT JuniJuli.xlsx,XR2,L3,61311103,94,0.0,542.4,534.0,7.7,19.0,1.42,3.56,4.278,2.4675324675324677
PLT,PLT JuniJuli.xlsx,XR3,L3,61311103,95,0.0,543.6,534.0,8.5,19.0,1.56,3.56,4.925,2.235294117647059
PLT,PLT JuniJuli.xlsx,XR1,L3,60751103,28,0.0,551.1,540.0,7.1,19.0,1.28,3.52,3.083,2.676056338028169
PLT,PLT JuniJuli.xlsx,XR2,L3,60751103,28,0.0,551.7,540.0,8.3,19.0,1.51,3.52,3.262,2.2891566265060237
PLT,PLT JuniJuli.xlsx,XR3,L3,60751103,28,0.0,554.3,540.0,6.9,19.0,1.24,3.52,3.969,2.753623188405797
PLT,PLT JuniJuli.xlsx,XR3,L3,60751103,1294,3.0,283.8,277.4,175.7,11.2,61.92,4.56,20.715,0.06374501992031872
PLT,PLT_April_May 2026.xlsx,XR1,L1,60751101,88,0.0,88.8,86.0,3.3,5.2,3.76,6.05,5.105,1.575757575757576
PLT,PLT_April_May 2026.xlsx,XR2,L1,60751101,86,0.0,89.3,86.0,3.6,5.2,4.04,6.05,5.869,1.4444444444444444
PLT,PLT_April_May 2026.xlsx,XR3,L1,60751101,84,0.0,88.1,86.0,3.3,5.2,3.73,6.05,3.63,1.575757575757576
PLT,PLT_April_May 2026.xlsx,XR1,L1,60191101,41,0.0,88.6,85.0,3.3,5.2,3.69,6.12,4.385,1.575757575757576
PLT,PLT_April_May 2026.xlsx,XR2,L1,60191101,38,0.0,90.0,85.0,3.6,5.2,3.95,6.12,5.927,1.4444444444444444
PLT,PLT_April_May 2026.xlsx,XR3,L1,60191101,38,0.0,89.8,85.0,3.4,5.2,3.82,6.12,5.678,1.5294117647058825
PLT,PLT_April_May 2026.xlsx,XR1,L2,60751102,132,0.0,242.0,238.0,5.2,10.0,2.16,4.2,4.622,1.923076923076923
PLT,PLT_April_May 2026.xlsx,XR2,L2,60751102,127,0.0,244.3,238.0,5.6,10.0,2.28,4.2,7.054,1.7857142857142858
PLT,PLT_April_May 2026.xlsx,XR3,L2,60751102,126,0.0,244.1,238.0,5.8,10.0,2.37,4.2,6.824,1.7241379310344829
PLT,PLT_April_May 2026.xlsx,XR1,L2,60191102,58,0.0,237.9,236.0,5.1,10.0,2.15,4.24,1.484,1.9607843137254903
PLT,PLT_April_May 2026.xlsx,XR2,L2,60191102,56,0.0,239.3,236.0,6.0,10.0,2.52,4.24,2.432,1.6666666666666667
PLT,PLT_April_May 2026.xlsx,XR3,L2,60191102,55,0.0,239.5,236.0,7.0,10.0,2.91,4.24,2.589,1.4285714285714286
PLT,PLT_April_May 2026.xlsx,XR1,L3,60751103,85,0.0,550.7,540.0,8.2,19.0,1.48,3.52,5.195,2.3170731707317076
PLT,PLT_April_May 2026.xlsx,XR2,L3,60751103,84,0.0,551.9,540.0,7.2,19.0,1.3,3.52,5.748,2.638888888888889
PLT,PLT_April_May 2026.xlsx,XR3,L3,60751103,84,0.0,557.0,540.0,9.2,19.0,1.65,3.52,8.177,2.065217391304348
PLT,PLT_April_May 2026.xlsx,XR1,L3,60191103,38,0.0,544.8,534.0,10.0,19.0,1.84,3.56,3.492,1.9
PLT,PLT_April_May 2026.xlsx,XR2,L3,60191103,38,0.0,546.5,534.0,7.0,19.0,1.29,3.56,4.064,2.7142857142857144
PLT,PLT_April_May 2026.xlsx,XR3,L3,60191103,42,0.0,549.9,534.0,8.0,19.0,1.45,3.56,5.417,2.375
PLT,PLT_April_May 2026.xlsx,XR3,L3,60191103,1300,0.0,286.1,279.4,179.4,11.2,62.69,4.55,21.548,0.06243032329988851
PLT,PLT_January-March 2026.xlsx,XR1,L1,60191101,78,0.0,87.5,85.0,3.3,5.2,3.72,6.12,4.29,1.575757575757576
PLT,PLT_January-March 2026.xlsx,XR2,L1,60191101,77,0.0,86.8,85.0,3.3,5.2,3.84,6.12,3.112,1.575757575757576
PLT,PLT_January-March 2026.xlsx,XR3,L1,60191101,78,0.0,87.2,85.0,3.2,5.2,3.7,6.12,3.811,1.625
PLT,PLT_January-March 2026.xlsx,XR1,L1,53281101,55,0.0,92.6,87.0,3.3,5.2,3.61,5.98,7.987,1.575757575757576
PLT,PLT_January-March 2026.xlsx,XR2,L1,53281101,56,1.0,91.2,87.0,4.1,5.2,4.49,5.98,5.988,1.2682926829268295
PLT,PLT_January-March 2026.xlsx,XR3,L1,53281101,57,2.0,91.1,87.0,3.5,5.2,3.85,5.98,5.935,1.4857142857142858
PLT,PLT_January-March 2026.xlsx,XR1,L2,60191102,110,0.0,234.2,236.0,5.3,10.0,2.27,4.24,-1.84,1.8867924528301887
PLT,PLT_January-March 2026.xlsx,XR2,L2,60191102,113,0.0,235.2,236.0,5.3,10.0,2.27,4.24,-0.828,1.8867924528301887
PLT,PLT_January-March 2026.xlsx,XR3,L2,60191102,114,0.0,235.8,236.0,6.3,10.0,2.68,4.24,-0.197,1.5873015873015874
PLT,PLT_January-March 2026.xlsx,XR1,L2,53281102,157,0.0,250.0,249.0,5.6,10.0,2.22,4.02,1.293,1.7857142857142858
PLT,PLT_January-March 2026.xlsx,XR2,L2,53281102,157,0.0,248.9,249.0,5.6,10.0,2.24,4.02,-0.128,1.7857142857142858
PLT,PLT_January-March 2026.xlsx,XR3,L2,53281102,157,0.0,250.8,249.0,5.0,10.0,1.97,4.02,2.314,2.0
PLT,PLT_January-March 2026.xlsx,XR1,L3,60191103,75,0.0,539.2,534.0,7.1,19.0,1.32,3.56,2.352,2.676056338028169
PLT,PLT_January-March 2026.xlsx,XR2,L3,60191103,74,0.0,536.3,534.0,10.2,19.0,1.91,3.56,1.052,1.8627450980392157
PLT,PLT_January-March 2026.xlsx,XR3,L3,60191103,75,0.0,544.7,534.0,8.2,19.0,1.51,3.56,4.874,2.3170731707317076
PLT,PLT_January-March 2026.xlsx,XR1,L3,53281103,53,0.0,541.2,540.0,7.5,19.0,1.39,3.52,0.448,2.533333333333333
PLT,PLT_January-March 2026.xlsx,XR2,L3,53281103,46,0.0,539.4,540.0,6.6,19.0,1.22,3.52,-0.217,2.878787878787879
PLT,PLT_January-March 2026.xlsx,XR3,L3,53281103,54,0.0,546.4,540.0,8.3,19.0,1.53,3.52,2.471,2.2891566265060237
PLT,PLT_January-March 2026.xlsx,XR3,L3,53281103,1586,3.0,275.3,273.3,161.7,10.9,58.74,4.47,7.267,0.06740878169449599
RBC,RBC_April_Mai2026.xlsx,XR1,L1,60751101,88,0.0,2.64,2.64,0.02,0.033,0.74,1.25,0.129,1.6500000000000001
RBC,RBC_April_Mai2026.xlsx,XR2,L1,60751101,86,0.0,2.634,2.64,0.022,0.033,0.85,1.25,-1.765,1.5000000000000002
RBC,RBC_April_Mai2026.xlsx,XR3,L1,60751101,84,0.0,2.646,2.64,0.022,0.033,0.83,1.25,1.62,1.5000000000000002
RBC,RBC_April_Mai2026.xlsx,XR1,L1,60191101,41,0.0,2.652,2.66,0.019,0.033,0.71,1.24,-1.609,1.736842105263158
RBC,RBC_April_Mai2026.xlsx,XR2,L1,60191101,38,0.0,2.644,2.66,0.031,0.033,1.18,1.24,-2.999,1.0645161290322582
RBC,RBC_April_Mai2026.xlsx,XR3,L1,60191101,38,0.0,2.666,2.66,0.024,0.033,0.91,1.24,1.18,1.375
RBC,RBC_April_Mai2026.xlsx,XR1,L2,60751102,132,0.0,4.255,4.27,0.03,0.06,0.71,1.41,-2.901,2.0
RBC,RBC_April_Mai2026.xlsx,XR2,L2,60751102,127,0.0,4.245,4.27,0.03,0.06,0.7,1.41,-4.614,2.0
RBC,RBC_April_Mai2026.xlsx,XR3,L2,60751102,126,0.0,4.285,4.27,0.031,0.06,0.72,1.41,2.791,1.9354838709677418
RBC,RBC_April_Mai2026.xlsx,XR1,L2,60191102,58,0.0,4.24,4.28,0.032,0.06,0.76,1.4,-5.121,1.875
RBC,RBC_April_Mai2026.xlsx,XR2,L2,60191102,56,0.0,4.223,4.28,0.026,0.06,0.6,1.4,-7.082,2.307692307692308
RBC,RBC_April_Mai2026.xlsx,XR3,L2,60191102,55,0.0,4.294,4.28,0.036,0.06,0.84,1.4,1.708,1.6666666666666667
RBC,RBC_April_Mai2026.xlsx,XR1,L3,60751103,85,0.0,5.068,5.09,0.027,0.06,0.52,1.18,-3.453,2.2222222222222223
RBC,RBC_April_Mai2026.xlsx,XR2,L3,60751103,84,0.0,5.027,5.09,0.031,0.09,0.62,1.77,-6.413,2.903225806451613
RBC,RBC_April_Mai2026.xlsx,XR3,L3,60751103,84,0.0,5.114,5.09,0.04,0.06,0.79,1.18,3.655,1.5
RBC,RBC_April_Mai2026.xlsx,XR1,L3,60191103,38,0.0,5.197,5.25,0.04,0.06,0.77,1.14,-5.488,1.5
RBC,RBC_April_Mai2026.xlsx,XR2,L3,60191103,38,0.0,5.159,5.25,0.034,0.09,0.67,1.71,-6.255,2.6470588235294117
RBC,RBC_April_Mai2026.xlsx,XR3,L3,60191103,42,0.0,5.282,5.25,0.035,0.06,0.67,1.14,3.42,1.714285714285714
RBC,RBC_April_Mai2026.xlsx,XR3,L3,60191103,1300,0.0,4.038,4.051,0.957,0.055,23.71,1.35,-9.113,0.05747126436781609
RBC,RBC_January_March 2026.xlsx,XR1,L1,60191101,78,0.0,2.648,2.66,0.021,0.033,0.81,1.24,-3.26,1.5714285714285714
RBC,RBC_January_March 2026.xlsx,XR2,L1,60191101,75,2.0,2.666,2.66,0.027,0.033,1.01,1.24,1.61,1.2222222222222223
RBC,RBC_January_March 2026.xlsx,XR3,L1,60191101,78,0.0,2.652,2.66,0.022,0.033,0.83,1.24,-2.127,1.5000000000000002
RBC,RBC_January_March 2026.xlsx,XR1,L1,53281101,55,0.0,2.636,2.65,0.02,0.033,0.76,1.25,-3.105,1.6500000000000001
RBC,RBC_January_March 2026.xlsx,XR2,L1,53281101,55,2.0,2.642,2.65,0.027,0.033,1.0,1.25,-1.839,1.2222222222222223
RBC,RBC_January_March 2026.xlsx,XR3,L1,53281101,59,0.0,2.63,2.65,0.022,0.033,0.84,1.25,-4.655,1.5000000000000002
RBC,RBC_January_March 2026.xlsx,XR1,L2,60191102,110,0.0,4.238,4.28,0.027,0.06,0.65,1.4,-7.373,2.2222222222222223
RBC,RBC_January_March 2026.xlsx,XR2,L2,60191102,113,0.0,4.259,4.28,0.032,0.06,0.75,1.4,-3.779,1.875
RBC,RBC_January_March 2026.xlsx,XR3,L2,60191102,114,0.0,4.279,4.28,0.034,0.06,0.8,1.4,-0.172,1.764705882352941
RBC,RBC_January_March 2026.xlsx,XR1,L2,53281102,157,0.0,4.359,4.38,0.026,0.06,0.6,1.37,-4.456,2.307692307692308
RBC,RBC_January_March 2026.xlsx,XR2,L2,53281102,157,0.0,4.386,4.38,0.03,0.06,0.69,1.37,1.304,2.0
RBC,RBC_January_March 2026.xlsx,XR3,L2,53281102,157,0.0,4.401,4.38,0.03,0.06,0.68,1.37,4.31,2.0
RBC,RBC_January_March 2026.xlsx,XR1,L3,60191103,75,0.0,5.188,5.25,0.03,0.06,0.59,1.14,-8.949,2.0
RBC,RBC_January_March 2026.xlsx,XR2,L3,60191103,74,0.0,5.207,5.25,0.04,0.09,0.77,1.71,-4.107,2.25
RBC,RBC_January_March 2026.xlsx,XR3,L3,60191103,75,0.0,5.26,5.25,0.037,0.06,0.7,1.14,1.501,1.6216216216216217
RBC,RBC_January_March 2026.xlsx,XR1,L3,53281103,53,0.0,5.059,5.08,0.033,0.06,0.66,1.18,-2.541,1.8181818181818181
RBC,RBC_January_March 2026.xlsx,XR2,L3,53281103,46,0.0,5.093,5.08,0.035,0.09,0.69,1.77,0.999,2.571428571428571
RBC,RBC_January_March 2026.xlsx,XR3,L3,53281103,54,0.0,5.114,5.08,0.032,0.06,0.63,1.18,4.105,1.875
RBC,RBC_January_March 2026.xlsx,XR3,L3,53281103,1585,4.0,4.104,4.114,0.914,0.055,22.26,1.34,-7.034,0.060175054704595186
RBC,RBC_JuniJuli.xlsx,XR1,L1,61311101,96,0.0,2.638,2.62,0.02,0.033,0.77,1.26,5.227,1.6500000000000001
RBC,RBC_JuniJuli.xlsx,XR2,L1,61311101,97,1.0,2.622,2.62,0.023,0.033,0.87,1.26,0.615,1.4347826086956523
RBC,RBC_JuniJuli.xlsx,XR3,L1,61311101,95,0.0,2.634,2.62,0.021,0.033,0.81,1.26,4.104,1.5714285714285714
RBC,RBC_JuniJuli.xlsx,XR3,L1,61311101,1,0.0,,,,,,,,
RBC,RBC_JuniJuli.xlsx,XR1,L1,60751101,28,0.0,2.638,2.64,0.021,0.033,0.78,1.25,-0.344,1.5714285714285714
RBC,RBC_JuniJuli.xlsx,XR2,L1,60751101,30,0.0,2.634,2.64,0.021,0.033,0.78,1.25,-0.996,1.5714285714285714
RBC,RBC_JuniJuli.xlsx,XR3,L1,60751101,29,0.0,2.656,2.64,0.027,0.033,1.03,1.25,2.588,1.2222222222222223
RBC,RBC_JuniJuli.xlsx,XR1,L2,61311102,144,0.0,4.356,4.36,0.028,0.06,0.64,1.38,-0.708,2.142857142857143
RBC,RBC_JuniJuli.xlsx,XR2,L2,61311102,141,0.0,4.332,4.36,0.032,0.06,0.73,1.38,-5.488,1.875
RBC,RBC_JuniJuli.xlsx,XR3,L2,61311102,141,0.0,4.372,4.36,0.034,0.06,0.78,1.38,2.358,1.764705882352941
RBC,RBC_JuniJuli.xlsx,XR1,L2,60751102,42,0.0,4.258,4.27,0.027,0.06,0.64,1.41,-1.26,2.2222222222222223
RBC,RBC_JuniJuli.xlsx,XR2,L2,60751102,42,0.0,4.235,4.27,0.029,0.06,0.68,1.41,-3.832,2.068965517241379
RBC,RBC_JuniJuli.xlsx,XR3,L2,60751102,42,0.0,4.281,4.27,0.039,0.06,0.92,1.41,1.234,1.5384615384615383
RBC,RBC_JuniJuli.xlsx,XR1,L3,61311103,95,0.0,5.063,5.07,0.028,0.06,0.55,1.18,-1.18,2.142857142857143
RBC,RBC_JuniJuli.xlsx,XR2,L3,61311103,94,0.0,5.03,5.07,0.031,0.09,0.62,1.78,-4.321,2.903225806451613
RBC,RBC_JuniJuli.xlsx,XR3,L3,61311103,95,0.0,5.097,5.07,0.039,0.06,0.77,1.18,4.395,1.5384615384615383
RBC,RBC_JuniJuli.xlsx,XR1,L3,60751103,28,0.0,5.05,5.09,0.032,0.06,0.64,1.18,-3.496,1.875
RBC,RBC_JuniJuli.xlsx,XR2,L3,60751103,28,0.0,5.019,5.09,0.029,0.09,0.59,1.77,-4.2,3.1034482758620685
RBC,RBC_JuniJuli.xlsx,XR3,L3,60751103,28,0.0,5.096,5.09,0.031,0.06,0.61,1.18,0.535,1.9354838709677418
RBC,RBC_JuniJuli.xlsx,XR3,L3,60751103,1296,1.0,4.046,4.052,0.953,0.055,23.56,1.35,-3.571,0.05771248688352571
RDW,RDVCVJanuaryMarch2026.xlsx,XR1,L1,60191101,78,0.0,18.46,18.6,0.16,0.5,0.87,2.69,-2.491,3.125
RDW,RDVCVJanuaryMarch2026.xlsx,XR2,L1,60191101,77,0.0,18.42,18.6,0.16,0.5,0.85,2.69,-3.123,3.125
RDW,RDVCVJanuaryMarch2026.xlsx,XR3,L1,60191101,78,0.0,18.52,18.6,0.16,0.5,0.85,2.69,-1.427,3.125
RDW,RDVCVJanuaryMarch2026.xlsx,XR1,L1,53281101,55,0.0,18.99,19.1,0.19,0.5,1.02,2.62,-1.618,2.6315789473684212
RDW,RDVCVJanuaryMarch2026.xlsx,XR2,L1,53281101,57,0.0,18.98,19.1,0.21,0.5,1.13,2.62,-1.748,2.380952380952381
RDW,RDVCVJanuaryMarch2026.xlsx,XR3,L1,53281101,59,0.0,19.1,19.1,0.24,0.5,1.27,2.62,0.026,2.0833333333333335
RDW,RDVCVJanuaryMarch2026.xlsx,XR1,L2,60191102,110,0.0,16.68,16.8,0.12,1.0,0.72,5.95,-1.22,8.333333333333334
RDW,RDVCVJanuaryMarch2026.xlsx,XR2,L2,60191102,113,0.0,16.64,16.8,0.1,1.0,0.62,5.95,-1.684,10.0
RDW,RDVCVJanuaryMarch2026.xlsx,XR3,L2,60191102,114,0.0,16.75,16.8,0.12,1.0,0.69,5.95,-0.571,8.333333333333334
RDW,RDVCVJanuaryMarch2026.xlsx,XR1,L2,53281102,157,0.0,17.52,17.6,0.12,1.0,0.66,5.68,-1.053,8.333333333333334
RDW,RDVCVJanuaryMarch2026.xlsx,XR2,L2,53281102,157,0.0,17.47,17.6,0.13,1.0,0.73,5.68,-1.612,7.692307692307692
RDW,RDVCVJanuaryMarch2026.xlsx,XR3,L2,53281102,157,0.0,17.61,17.6,0.12,1.0,0.66,5.68,0.096,8.333333333333334
RDW,RDVCVJanuaryMarch2026.xlsx,XR1,L3,60191103,75,0.0,15.31,15.5,0.07,0.5,0.49,3.23,-3.21,7.142857142857142
RDW,RDVCVJanuaryMarch2026.xlsx,XR2,L3,60191103,74,0.0,15.28,15.5,0.08,0.5,0.5,3.23,-3.813,6.25
RDW,RDVCVJanuaryMarch2026.xlsx,XR3,L3,60191103,75,0.0,15.4,15.5,0.09,0.5,0.55,3.23,-1.778,5.555555555555555
RDW,RDVCVJanuaryMarch2026.xlsx,XR1,L3,53281103,53,0.0,16.14,16.3,0.1,0.5,0.63,3.07,-2.363,5.0
RDW,RDVCVJanuaryMarch2026.xlsx,XR2,L3,53281103,46,0.0,16.07,16.3,0.09,0.5,0.55,3.07,-3.096,5.555555555555555
RDW,RDVCVJanuaryMarch2026.xlsx,XR3,L3,53281103,54,0.0,16.2,16.3,0.1,0.5,0.59,3.07,-1.415,5.0
RDW,RDVCVJanuaryMarch2026.xlsx,XR3,L3,53281103,1589,0.0,17.21,17.32,1.14,0.75,6.63,4.37,-5.814,0.6578947368421053
RDW,RDWCVAprilMai2026.xlsx,XR1,L1,60751101,88,0.0,18.72,18.6,0.16,0.5,0.84,2.69,2.217,3.125
RDW,RDWCVAprilMai2026.xlsx,XR2,L1,60751101,86,0.0,18.67,18.6,0.14,0.5,0.75,2.69,1.38,3.571428571428571
RDW,RDWCVAprilMai2026.xlsx,XR3,L1,60751101,84,0.0,18.69,18.6,0.15,0.5,0.79,2.69,1.615,3.3333333333333335
RDW,RDWCVAprilMai2026.xlsx,XR1,L1,60191101,41,0.0,18.59,18.6,0.17,0.5,0.91,2.69,-0.125,2.941176470588235
RDW,RDWCVAprilMai2026.xlsx,XR2,L1,60191101,38,0.0,18.5,18.6,0.15,0.5,0.8,2.69,-1.265,3.3333333333333335
RDW,RDWCVAprilMai2026.xlsx,XR3,L1,60191101,38,0.0,18.66,18.6,0.15,0.5,0.81,2.69,0.714,3.3333333333333335
RDW,RDWCVAprilMai2026.xlsx,XR1,L2,60751102,132,0.0,16.34,16.4,0.1,1.0,0.62,6.1,-0.653,10.0
RDW,RDWCVAprilMai2026.xlsx,XR2,L2,60751102,127,0.0,16.3,16.4,0.11,1.0,0.65,6.1,-1.091,9.090909090909092
RDW,RDWCVAprilMai2026.xlsx,XR3,L2,60751102,126,0.0,16.33,16.4,0.12,1.0,0.73,6.1,-0.837,8.333333333333334
RDW,RDWCVAprilMai2026.xlsx,XR1,L2,60191102,58,0.0,16.74,16.8,0.1,1.0,0.61,5.95,-0.473,10.0
RDW,RDWCVAprilMai2026.xlsx,XR2,L2,60191102,56,0.0,16.68,16.8,0.12,1.0,0.71,5.95,-0.869,8.333333333333334
RDW,RDWCVAprilMai2026.xlsx,XR3,L2,60191102,55,0.0,16.76,16.8,0.13,1.0,0.8,5.95,-0.27,7.692307692307692
RDW,RDWCVAprilMai2026.xlsx,XR1,L3,60751103,85,0.0,15.06,15.3,0.09,0.5,0.6,3.27,-4.447,5.555555555555555
RDW,RDWCVAprilMai2026.xlsx,XR2,L3,60751103,84,0.0,15.06,15.3,0.08,0.5,0.55,3.27,-4.473,6.25
RDW,RDWCVAprilMai2026.xlsx,XR3,L3,60751103,84,0.0,15.02,15.3,0.1,0.5,0.65,3.27,-5.084,5.0
RDW,RDWCVAprilMai2026.xlsx,XR1,L3,60191103,38,0.0,15.37,15.5,0.09,0.5,0.58,3.23,-1.59,5.555555555555555
RDW,RDWCVAprilMai2026.xlsx,XR2,L3,60191103,38,0.0,15.29,15.5,0.08,0.5,0.53,3.23,-2.531,6.25
RDW,RDWCVAprilMai2026.xlsx,XR3,L3,60191103,42,0.0,15.47,15.5,0.1,0.5,0.62,3.23,-0.339,5.0
RDW,RDWCVAprilMai2026.xlsx,XR3,L3,60191103,1300,0.0,16.72,16.79,1.36,0.71,8.15,4.29,-3.784,0.5220588235294117
RDW,RDWCVJuniJuli.xlsx,XR1,L1,61311101,96,0.0,20.02,19.7,0.17,0.5,0.84,2.54,6.267,2.941176470588235
RDW,RDWCVJuniJuli.xlsx,XR2,L1,61311101,98,0.0,19.93,19.7,0.2,0.5,0.98,2.54,4.525,2.5
RDW,RDWCVJuniJuli.xlsx,XR3,L1,61311101,95,0.0,20.03,19.7,0.17,0.5,0.84,2.54,6.382,2.941176470588235
RDW,RDWCVJuniJuli.xlsx,XR3,L1,61311101,1,0.0,,,,,,,,
RDW,RDWCVJuniJuli.xlsx,XR1,L1,60751101,28,0.0,18.88,18.6,0.14,0.5,0.72,2.69,2.91,3.571428571428571
RDW,RDWCVJuniJuli.xlsx,XR2,L1,60751101,30,0.0,18.8,18.6,0.14,0.5,0.73,2.69,2.227,3.571428571428571
RDW,RDWCVJuniJuli.xlsx,XR3,L1,60751101,29,0.0,18.87,18.6,0.13,0.5,0.68,2.69,2.897,3.846153846153846
RDW,RDWCVJuniJuli.xlsx,XR1,L2,61311102,144,0.0,17.05,17.1,0.13,1.0,0.76,5.85,-0.542,7.692307692307692
RDW,RDWCVJuniJuli.xlsx,XR2,L2,61311102,141,0.0,17.0,17.1,0.14,1.0,0.83,5.85,-1.162,7.142857142857142
RDW,RDWCVJuniJuli.xlsx,XR3,L2,61311102,141,0.0,17.07,17.1,0.12,1.0,0.69,5.85,-0.328,8.333333333333334
RDW,RDWCVJuniJuli.xlsx,XR1,L2,60751102,42,0.0,16.4,16.4,0.11,1.0,0.69,6.1,0.015,9.090909090909092
RDW,RDWCVJuniJuli.xlsx,XR2,L2,60751102,42,0.0,16.36,16.4,0.11,1.0,0.66,6.1,-0.247,9.090909090909092
RDW,RDWCVJuniJuli.xlsx,XR3,L2,60751102,42,0.0,16.44,16.4,0.12,1.0,0.71,6.1,0.231,8.333333333333334
RDW,RDWCVJuniJuli.xlsx,XR1,L3,61311103,95,0.0,15.16,15.3,0.1,0.5,0.66,3.27,-2.668,5.0
RDW,RDWCVJuniJuli.xlsx,XR2,L3,61311103,94,0.0,15.17,15.3,0.09,0.5,0.61,3.27,-2.558,5.555555555555555
RDW,RDWCVJuniJuli.xlsx,XR3,L3,61311103,95,0.0,15.19,15.3,0.1,0.5,0.63,3.27,-2.114,5.0
RDW,RDWCVJuniJuli.xlsx,XR1,L3,60751103,28,0.0,15.1,15.3,0.12,0.5,0.79,3.27,-2.117,4.166666666666667
RDW,RDWCVJuniJuli.xlsx,XR2,L3,60751103,28,0.0,15.09,15.3,0.07,0.5,0.47,3.27,-2.192,7.142857142857142
RDW,RDWCVJuniJuli.xlsx,XR3,L3,60751103,28,0.0,15.13,15.3,0.11,0.5,0.71,3.27,-1.852,4.545454545454546
RDW,RDWCVJuniJuli.xlsx,XR3,L3,60751103,1297,0.0,17.23,17.2,1.79,0.71,10.38,4.19,1.25,0.3966480446927374
Ret-He,RetHbApril_Mai2026.xlsx,XR2,L1,60751101,86,0.0,24.93,25.0,0.24,0.49,0.97,1.96,-1.32,2.0416666666666665
Ret-He,RetHbApril_Mai2026.xlsx,XR3,L1,60751101,84,0.0,24.49,25.0,0.15,0.49,0.6,1.96,-9.53,3.2666666666666666
Ret-He,RetHbApril_Mai2026.xlsx,XR2,L1,60191101,38,0.0,24.05,24.4,0.19,0.49,0.77,2.01,-4.436,2.5789473684210527
Ret-He,RetHbApril_Mai2026.xlsx,XR3,L1,60191101,38,0.0,23.7,24.4,0.13,0.49,0.54,2.01,-8.806,3.769230769230769
Ret-He,RetHbApril_Mai2026.xlsx,XR2,L2,60751102,127,0.0,25.7,25.8,0.24,0.6,0.93,2.33,-1.967,2.5
Ret-He,RetHbApril_Mai2026.xlsx,XR3,L2,60751102,126,0.0,25.23,25.8,0.17,0.6,0.67,2.33,-10.69,3.529411764705882
Ret-He,RetHbApril_Mai2026.xlsx,XR2,L2,60191102,56,0.0,24.92,25.2,0.22,0.6,0.9,2.38,-3.541,2.727272727272727
Ret-He,RetHbApril_Mai2026.xlsx,XR3,L2,60191102,55,0.0,24.44,25.2,0.18,0.6,0.74,2.38,-9.371,3.3333333333333335
Ret-He,RetHbApril_Mai2026.xlsx,XR2,L3,60751103,84,0.0,26.64,26.7,0.31,0.7,1.17,2.62,-0.826,2.258064516129032
Ret-He,RetHbApril_Mai2026.xlsx,XR3,L3,60751103,84,0.0,25.94,26.7,0.25,0.7,0.98,2.62,-9.929,2.8
Ret-He,RetHbApril_Mai2026.xlsx,XR2,L3,60191103,38,0.0,25.81,26.2,0.29,0.7,1.11,2.67,-3.453,2.413793103448276
Ret-He,RetHbApril_Mai2026.xlsx,XR3,L3,60191103,39,3.0,24.95,26.2,0.25,0.7,0.99,2.67,-11.186,2.8
Ret-He,RetHbApril_Mai2026.xlsx,XR3,L3,60191103,855,3.0,25.23,25.65,0.79,0.6,3.12,2.32,-20.88,0.7594936708860759
Ret-He,RetHbJanuary_March2026.xlsx,XR2,L1,60191101,77,0.0,23.77,24.4,0.29,0.49,1.21,2.01,-11.35,1.6896551724137931
Ret-He,RetHbJanuary_March2026.xlsx,XR3,L1,60191101,78,0.0,24.21,24.4,0.3,0.49,1.23,2.01,-3.374,1.6333333333333333
Ret-He,RetHbJanuary_March2026.xlsx,XR2,L1,53281101,52,1.0,23.28,23.9,0.24,0.49,1.05,2.05,-9.056,2.0416666666666665
Ret-He,RetHbJanuary_March2026.xlsx,XR2,L1,53281101,3,2.0,22.87,23.6,0.06,0.49,0.25,2.08,-2.592,8.166666666666666
Ret-He,RetHbJanuary_March2026.xlsx,XR2,L1,53281101,55,3.0,23.26,23.88,0.26,0.49,1.1,2.05,-9.411,1.8846153846153846
Ret-He,RetHbJanuary_March2026.xlsx,XR3,L1,53281101,55,0.0,23.81,23.9,0.18,0.49,0.75,2.05,-1.376,2.7222222222222223
Ret-He,RetHbJanuary_March2026.xlsx,XR3,L1,53281101,4,0.0,23.58,23.6,0.17,0.49,0.72,2.08,-0.102,2.88235294117647
Ret-He,RetHbJanuary_March2026.xlsx,XR3,L1,53281101,59,0.0,23.79,23.88,0.19,0.49,0.78,2.05,-1.355,2.5789473684210527
Ret-He,RetHbJanuary_March2026.xlsx,XR2,L2,60191102,113,0.0,24.53,25.2,0.3,0.6,1.21,2.38,-11.806,2.0
Ret-He,RetHbJanuary_March2026.xlsx,XR3,L2,60191102,114,0.0,25.03,25.2,0.32,0.6,1.3,2.38,-3.013,1.875
Ret-He,RetHbJanuary_March2026.xlsx,XR2,L2,53281102,157,0.0,24.27,24.9,0.28,0.6,1.16,2.41,-13.222,2.142857142857143
Ret-He,RetHbJanuary_March2026.xlsx,XR3,L2,53281102,157,0.0,24.74,24.9,0.21,0.6,0.87,2.41,-3.325,2.857142857142857
Ret-He,RetHbJanuary_March2026.xlsx,XR2,L3,60191103,74,0.0,25.39,26.2,0.35,0.7,1.36,2.67,-9.947,2.0
Ret-He,RetHbJanuary_March2026.xlsx,XR3,L3,60191103,75,0.0,25.69,26.2,0.4,0.7,1.57,2.67,-6.301,1.7499999999999998
Ret-He,RetHbJanuary_March2026.xlsx,XR2,L3,53281103,46,0.0,25.33,26.1,0.38,0.7,1.51,2.68,-7.456,1.8421052631578947
Ret-He,RetHbJanuary_March2026.xlsx,XR3,L3,53281103,54,0.0,25.57,26.1,0.37,0.7,1.46,2.68,-5.541,1.8918918918918919
Ret-He,RetHbJanuary_March2026.xlsx,XR3,L3,53281103,1059,3.0,24.62,25.08,0.72,0.6,2.93,2.37,-24.957,0.8333333333333334
Ret-He,RetHbJuniJuli 2026.xlsx,XR2,L1,61311101,98,0.0,23.7,24.1,0.23,0.49,0.99,2.03,-8.061,2.1304347826086953
Ret-He,RetHbJuniJuli 2026.xlsx,XR3,L1,61311101,95,0.0,23.63,24.1,0.15,0.49,0.65,2.03,-9.443,3.2666666666666666
Ret-He,RetHbJuniJuli 2026.xlsx,XR3,L1,61311101,1,0.0,,,,,,,,
Ret-He,RetHbJuniJuli 2026.xlsx,XR2,L1,60751101,30,0.0,24.64,25.0,0.21,0.49,0.85,1.96,-3.987,2.3333333333333335
Ret-He,RetHbJuniJuli 2026.xlsx,XR3,L1,60751101,29,0.0,24.34,25.0,0.15,0.49,0.6,1.96,-7.2,3.2666666666666666
Ret-He,RetHbJuniJuli 2026.xlsx,XR2,L2,61311102,141,0.0,24.53,24.9,0.24,0.6,0.99,2.41,-7.299,2.5
Ret-He,RetHbJuniJuli 2026.xlsx,XR3,L2,61311102,141,0.0,24.41,24.9,0.19,0.6,0.77,2.41,-9.769,3.1578947368421053
Ret-He,RetHbJuniJuli 2026.xlsx,XR2,L2,60751102,42,0.0,25.33,25.8,0.18,0.6,0.72,2.33,-5.092,3.3333333333333335
Ret-He,RetHbJuniJuli 2026.xlsx,XR3,L2,60751102,42,0.0,25.11,25.8,0.17,0.6,0.68,2.33,-7.432,3.529411764705882
Ret-He,RetHbJuniJuli 2026.xlsx,XR2,L3,61311103,94,0.0,25.62,26.1,0.28,0.7,1.1,2.68,-6.631,2.4999999999999996
Ret-He,RetHbJuniJuli 2026.xlsx,XR3,L3,61311103,95,0.0,25.1,26.1,0.23,0.7,0.92,2.68,-13.924,3.043478260869565
Ret-He,RetHbJuniJuli 2026.xlsx,XR2,L3,60751103,28,0.0,26.15,26.7,0.23,0.7,0.89,2.62,-4.131,3.043478260869565
Ret-He,RetHbJuniJuli 2026.xlsx,XR3,L3,60751103,28,0.0,25.68,26.7,0.26,0.7,1.01,2.62,-7.694,2.692307692307692
Ret-He,RetHbJuniJuli 2026.xlsx,XR3,L3,60751103,864,0.0,24.65,25.2,0.74,0.6,3.0,2.36,-26.776,0.8108108108108107
Retikulosit,RET# April Mai 2026.xlsx,XR2,L1,60751101,2,0.0,0.136,0.1455,,0.006,,4.12,-2.357,
Retikulosit,RET# April Mai 2026.xlsx,XR2,L1,60751101,84,0.0,0.137,0.1365,0.005,0.006,3.31,4.4,0.564,1.2
Retikulosit,RET# April Mai 2026.xlsx,XR2,L1,60751101,86,0.0,0.137,0.137,0.004,0.006,3.29,4.39,0.198,1.5
Retikulosit,RET# April Mai 2026.xlsx,XR3,L1,60751101,1,1.0,,0.1455,,0.006,,4.12,,
Retikulosit,RET# April Mai 2026.xlsx,XR3,L1,60751101,82,1.0,0.132,0.1365,0.004,0.006,3.39,4.4,-6.147,1.5
Retikulosit,RET# April Mai 2026.xlsx,XR3,L1,60751101,83,2.0,0.132,0.137,0.004,0.006,3.37,4.4,-6.394,1.5
Retikulosit,RET# April Mai 2026.xlsx,XR2,L1,60191101,38,0.0,0.138,0.14,0.003,0.006,2.4,4.29,-2.325,2.0
Retikulosit,RET# April Mai 2026.xlsx,XR3,L1,60191101,37,1.0,0.135,0.14,0.005,0.006,3.87,4.29,-4.822,1.2
Retikulosit,RET# April Mai 2026.xlsx,XR2,L2,60751102,127,0.0,0.099,0.1,0.003,0.01,3.11,10.0,-1.242,3.3333333333333335
Retikulosit,RET# April Mai 2026.xlsx,XR3,L2,60751102,126,0.0,0.099,0.1,0.003,0.01,3.05,10.0,-1.666,3.3333333333333335
Retikulosit,RET# April Mai 2026.xlsx,XR2,L2,60191102,56,0.0,0.088,0.0929,0.003,0.01,3.73,10.76,-3.373,3.3333333333333335
Retikulosit,RET# April Mai 2026.xlsx,XR3,L2,60191102,55,0.0,0.088,0.0929,0.003,0.01,3.01,10.76,-3.607,3.3333333333333335
Retikulosit,RET# April Mai 2026.xlsx,XR2,L3,60751103,84,0.0,0.059,0.0606,0.002,0.006,4.11,9.9,-2.571,3.0
Retikulosit,RET# April Mai 2026.xlsx,XR3,L3,60751103,84,0.0,0.056,0.0606,0.003,0.006,4.52,9.9,-6.663,2.0
Retikulosit,RET# April Mai 2026.xlsx,XR2,L3,60191103,38,0.0,0.055,0.0584,0.003,0.006,4.79,10.27,-3.655,2.0
Retikulosit,RET# April Mai 2026.xlsx,XR3,L3,60191103,42,0.0,0.052,0.0584,0.002,0.006,4.31,10.27,-7.427,3.0
Retikulosit,RET# April Mai 2026.xlsx,XR3,L3,60191103,856,3.0,0.095,0.098,0.03,0.008,31.86,8.5,-10.56,0.26666666666666666
Retikulosit,RET# January_march 2026.xlsx,XR2,L1,60191101,17,0.0,0.144,0.149,0.004,0.006,2.78,4.03,-3.759,1.5
Retikulosit,RET# January_march 2026.xlsx,XR2,L1,60191101,60,0.0,0.139,0.14,0.004,0.006,2.68,4.29,-1.807,1.5
Retikulosit,RET# January_march 2026.xlsx,XR2,L1,60191101,77,0.0,0.14,0.142,0.004,0.006,3.06,4.23,-3.362,1.5
Retikulosit,RET# January_march 2026.xlsx,XR3,L1,60191101,12,4.0,0.137,0.149,0.002,0.006,1.71,4.03,-6.736,3.0
Retikulosit,RET# January_march 2026.xlsx,XR3,L1,60191101,61,2.0,0.134,0.14,0.005,0.006,3.74,4.29,-7.725,1.2
Retikulosit,RET# January_march 2026.xlsx,XR3,L1,60191101,73,6.0,0.135,0.141,0.005,0.006,3.58,4.25,-9.792,1.2
Retikulosit,RET# January_march 2026.xlsx,XR2,L1,53281101,27,0.0,0.147,0.1508,0.005,0.006,3.34,3.98,-3.227,1.2
Retikulosit,RET# January_march 2026.xlsx,XR2,L1,53281101,30,0.0,0.147,0.146,0.003,0.006,1.86,4.11,0.822,2.0
Retikulosit,RET# January_march 2026.xlsx,XR2,L1,53281101,57,0.0,0.147,0.148,0.004,0.006,2.64,4.05,-1.625,1.5
Retikulosit,RET# January_march 2026.xlsx,XR3,L1,53281101,26,0.0,0.144,0.1508,0.004,0.006,2.98,3.98,-6.138,1.5
Retikulosit,RET# January_march 2026.xlsx,XR3,L1,53281101,34,0.0,0.144,0.146,0.005,0.006,3.57,4.11,-2.372,1.2
Retikulosit,RET# January_march 2026.xlsx,XR3,L1,53281101,60,0.0,0.144,0.148,0.005,0.006,3.3,4.05,-5.827,1.2
Retikulosit,RET# January_march 2026.xlsx,XR2,L2,60191102,113,0.0,0.092,0.0929,0.003,0.01,3.45,10.76,-1.145,3.3333333333333335
Retikulosit,RET# January_march 2026.xlsx,XR3,L2,60191102,114,0.0,0.09,0.0929,0.003,0.01,3.51,10.76,-3.621,3.3333333333333335
Retikulosit,RET# January_march 2026.xlsx,XR2,L2,53281102,157,0.0,0.101,0.1018,0.004,0.01,3.55,9.82,-1.481,2.5
Retikulosit,RET# January_march 2026.xlsx,XR3,L2,53281102,157,0.0,0.098,0.1018,0.004,0.01,3.75,9.82,-4.426,2.5
Retikulosit,RET# January_march 2026.xlsx,XR2,L3,60191103,74,0.0,0.057,0.0584,0.003,0.006,4.52,10.27,-2.627,2.0
Retikulosit,RET# January_march 2026.xlsx,XR3,L3,60191103,75,0.0,0.053,0.0584,0.002,0.006,4.68,10.27,-7.89,3.0
Retikulosit,RET# January_march 2026.xlsx,XR2,L3,53281103,46,0.0,0.052,0.0547,0.003,0.006,5.11,10.97,-3.003,2.0
Retikulosit,RET# January_march 2026.xlsx,XR3,L3,53281103,54,0.0,0.048,0.0547,0.003,0.006,5.31,10.97,-8.115,2.0
Retikulosit,RET# January_march 2026.xlsx,XR3,L3,53281103,1057,6.0,0.097,0.1,0.031,0.008,32.2,8.76,-12.604,0.25806451612903225
Retikulosit,RET# JuniJuli.xlsx,XR2,L1,61311101,96,0.0,0.145,0.1487,0.004,0.006,2.9,4.03,-6.433,1.5
Retikulosit,RET# JuniJuli.xlsx,XR2,L1,61311101,2,0.0,0.141,0.144,,0.006,,4.17,-0.825,
Retikulosit,RET# JuniJuli.xlsx,XR2,L1,61311101,98,0.0,0.145,0.149,0.004,0.006,2.9,4.03,-6.485,1.5
Retikulosit,RET# JuniJuli.xlsx,XR3,L1,61311101,92,0.0,0.142,0.1487,0.005,0.006,3.3,4.03,-9.946,1.2
Retikulosit,RET# JuniJuli.xlsx,XR3,L1,61311101,4,0.0,0.141,0.144,0.007,0.006,4.69,4.17,-1.083,0.8571428571428571
Retikulosit,RET# JuniJuli.xlsx,XR3,L1,61311101,96,0.0,0.142,0.149,0.005,0.006,3.34,4.04,-9.958,1.2
Retikulosit,RET# JuniJuli.xlsx,XR3,L1,61311101,1,0.0,,,,,,,,
Retikulosit,RET# JuniJuli.xlsx,XR2,L1,60751101,25,0.0,0.133,0.1365,0.005,0.006,3.64,4.4,-3.083,1.2
Retikulosit,RET# JuniJuli.xlsx,XR2,L1,60751101,5,0.0,0.134,0.133,0.003,0.006,2.02,4.51,0.224,2.0
Retikulosit,RET# JuniJuli.xlsx,XR2,L1,60751101,30,0.0,0.133,0.136,0.005,0.006,3.4,4.42,-2.723,1.2
Retikulosit,RET# JuniJuli.xlsx,XR3,L1,60751101,22,0.0,0.129,0.1365,0.003,0.006,2.36,4.4,-6.041,2.0
Retikulosit,RET# JuniJuli.xlsx,XR3,L1,60751101,8,0.0,0.128,0.133,0.005,0.006,3.95,4.51,-2.534,1.2
Retikulosit,RET# JuniJuli.xlsx,XR3,L1,60751101,30,0.0,0.128,0.136,0.004,0.006,2.82,4.43,-6.481,1.5
Retikulosit,RET# JuniJuli.xlsx,XR2,L2,61311102,141,0.0,0.103,0.1038,0.003,0.01,3.07,9.63,-1.009,3.3333333333333335
Retikulosit,RET# JuniJuli.xlsx,XR3,L2,61311102,141,0.0,0.103,0.1038,0.003,0.01,3.34,9.63,-1.312,3.3333333333333335
Retikulosit,RET# JuniJuli.xlsx,XR2,L2,60751102,42,0.0,0.097,0.1,0.003,0.01,2.88,10.0,-1.79,3.3333333333333335
Retikulosit,RET# JuniJuli.xlsx,XR3,L2,60751102,42,0.0,0.096,0.1,0.003,0.01,2.94,10.0,-2.407,3.3333333333333335
Retikulosit,RET# JuniJuli.xlsx,XR2,L3,61311103,94,0.0,0.054,0.0544,0.002,0.006,4.47,11.03,-1.282,3.0
Retikulosit,RET# JuniJuli.xlsx,XR3,L3,61311103,95,0.0,0.052,0.0544,0.002,0.006,4.33,11.03,-4.07,3.0
Retikulosit,RET# JuniJuli.xlsx,XR2,L3,60751103,23,0.0,0.058,0.0606,0.003,0.006,5.17,9.9,-2.391,2.0
Retikulosit,RET# JuniJuli.xlsx,XR2,L3,60751103,5,0.0,0.059,0.0565,0.003,0.006,5.02,10.62,0.857,2.0
Retikulosit,RET# JuniJuli.xlsx,XR2,L3,60751103,28,0.0,0.058,0.06,0.003,0.006,5.11,10.03,-1.805,2.0
Retikulosit,RET# JuniJuli.xlsx,XR3,L3,60751103,23,0.0,0.054,0.0606,0.003,0.006,4.92,9.9,-4.997,2.0
Retikulosit,RET# JuniJuli.xlsx,XR3,L3,60751103,5,0.0,0.054,0.0565,0.003,0.006,5.84,10.62,-1.081,2.0
Retikulosit,RET# JuniJuli.xlsx,XR3,L3,60751103,28,0.0,0.054,0.06,0.003,0.006,5.0,10.03,-4.986,2.0
Retikulosit,RET# JuniJuli.xlsx,XR3,L3,60751103,866,0.0,0.099,0.102,0.033,0.008,33.71,8.38,-10.182,0.24242424242424243
WBC,April 2026.xlsx,XR1,L1,60751101,23,0.0,3.2,3.16,0.06,0.09,2.02,2.85,2.131,1.5
WBC,April 2026.xlsx,XR2,L1,60751101,22,0.0,3.12,3.16,0.06,0.09,1.86,2.85,-2.203,1.5
WBC,April 2026.xlsx,XR3,L1,60751101,22,0.0,3.07,3.16,0.06,0.09,1.86,2.85,-4.904,1.5
WBC,April 2026.xlsx,XR1,L1,60191101,39,2.0,3.22,3.11,0.05,0.09,1.61,2.89,7.828,1.7999999999999998
WBC,April 2026.xlsx,XR2,L1,60191101,38,0.0,3.13,3.11,0.05,0.09,1.73,2.89,1.334,1.7999999999999998
WBC,April 2026.xlsx,XR3,L1,60191101,38,0.0,3.1,3.11,0.06,0.09,1.87,2.89,-0.433,1.5
WBC,April 2026.xlsx,XR1,L2,60751102,34,1.0,7.27,7.16,0.1,0.14,1.31,1.96,4.655,1.4000000000000001
WBC,April 2026.xlsx,XR2,L2,60751102,33,1.0,7.11,7.16,0.12,0.14,1.72,1.96,-2.027,1.1666666666666667
WBC,April 2026.xlsx,XR3,L2,60751102,32,0.0,7.03,7.16,0.11,0.14,1.58,1.96,-5.101,1.272727272727273
WBC,April 2026.xlsx,XR1,L2,60191102,56,2.0,6.99,6.83,0.1,0.14,1.38,2.05,8.466,1.4000000000000001
WBC,April 2026.xlsx,XR2,L2,60191102,56,0.0,6.84,6.83,0.09,0.14,1.33,2.05,0.592,1.5555555555555558
WBC,April 2026.xlsx,XR3,L2,60191102,55,0.0,6.82,6.83,0.1,0.14,1.47,2.05,-0.51,1.4000000000000001
WBC,April 2026.xlsx,XR1,L3,60751103,22,0.0,17.04,16.82,0.22,0.34,1.32,2.02,3.048,1.5454545454545456
WBC,April 2026.xlsx,XR2,L3,60751103,22,0.0,16.67,16.82,0.2,0.34,1.19,2.02,-2.076,1.7
WBC,April 2026.xlsx,XR3,L3,60751103,21,0.0,16.5,16.82,0.14,0.34,0.83,2.02,-4.255,2.4285714285714284
WBC,April 2026.xlsx,XR1,L3,60191103,38,0.0,16.61,16.34,0.16,0.34,0.94,2.08,4.962,2.125
WBC,April 2026.xlsx,XR2,L3,60191103,38,0.0,16.35,16.34,0.2,0.34,1.23,2.08,0.157,1.7
WBC,April 2026.xlsx,XR3,L3,60191103,42,0.0,16.24,16.34,0.16,0.34,0.96,2.08,-1.961,2.125
WBC,April 2026.xlsx,XR3,L3,60191103,631,6.0,8.64,8.62,5.29,0.18,61.2,2.28,2.437,0.034026465028355386
WBC,February 2026.xlsx,XR1,L1,60191101,12,0.0,3.17,3.11,0.05,0.09,1.47,2.89,2.181,1.7999999999999998
WBC,February 2026.xlsx,XR2,L1,60191101,14,0.0,3.17,3.11,0.05,0.09,1.71,2.89,2.435,1.7999999999999998
WBC,February 2026.xlsx,XR3,L1,60191101,14,0.0,3.06,3.11,0.06,0.09,1.88,2.89,-1.901,1.5
WBC,February 2026.xlsx,XR1,L1,53281101,24,0.0,3.07,3.06,0.07,0.09,2.17,2.94,0.748,1.2857142857142856
WBC,February 2026.xlsx,XR2,L1,53281101,25,0.0,3.09,3.06,0.08,0.09,2.51,2.94,1.511,1.125
WBC,February 2026.xlsx,XR3,L1,53281101,27,0.0,3.01,3.06,0.07,0.09,2.21,2.94,-2.652,1.2857142857142856
WBC,February 2026.xlsx,XR1,L2,60191102,19,0.0,6.88,6.83,0.1,0.14,1.52,2.05,1.508,1.4000000000000001
WBC,February 2026.xlsx,XR2,L2,60191102,20,0.0,6.83,6.83,0.1,0.14,1.45,2.05,0.112,1.4000000000000001
WBC,February 2026.xlsx,XR3,L2,60191102,19,0.0,6.78,6.83,0.11,0.14,1.6,2.05,-1.639,1.272727272727273
WBC,February 2026.xlsx,XR1,L2,53281102,65,0.0,6.99,6.96,0.12,0.14,1.77,2.01,1.674,1.1666666666666667
WBC,February 2026.xlsx,XR2,L2,53281102,65,0.0,7.01,6.96,0.09,0.14,1.35,2.01,2.676,1.5555555555555558
WBC,February 2026.xlsx,XR3,L2,53281102,64,0.0,6.88,6.96,0.09,0.14,1.31,2.01,-4.509,1.5555555555555558
WBC,February 2026.xlsx,XR1,L3,60191103,11,0.0,16.4,16.34,0.19,0.34,1.16,2.08,0.612,1.7894736842105263
WBC,February 2026.xlsx,XR2,L3,60191103,12,0.0,16.33,16.34,0.15,0.34,0.93,2.08,-0.119,2.266666666666667
WBC,February 2026.xlsx,XR3,L3,60191103,11,0.0,16.1,16.34,0.15,0.34,0.91,2.08,-2.306,2.266666666666667
WBC,February 2026.xlsx,XR1,L3,53281103,22,0.0,16.64,16.69,0.26,0.34,1.54,2.04,-0.69,1.3076923076923077
WBC,February 2026.xlsx,XR2,L3,53281103,22,0.0,16.67,16.69,0.15,0.34,0.9,2.04,-0.245,2.266666666666667
WBC,February 2026.xlsx,XR3,L3,53281103,23,0.0,16.47,16.69,0.18,0.34,1.08,2.04,-3.165,1.888888888888889
WBC,February 2026.xlsx,XR3,L3,53281103,469,0.0,8.04,8.05,4.71,0.17,58.6,2.25,-2.224,0.03609341825902336
WBC,January 2026.xlsx,XR1,L1,53281101,31,0.0,3.07,3.06,0.07,0.09,2.32,2.94,0.878,1.2857142857142856
WBC,January 2026.xlsx,XR2,L1,53281101,32,0.0,3.1,3.06,0.07,0.09,2.23,2.94,2.514,1.2857142857142856
WBC,January 2026.xlsx,XR3,L1,53281101,32,0.0,3.02,3.06,0.06,0.09,2.13,2.94,-2.298,1.5
WBC,January 2026.xlsx,XR1,L2,53281102,92,0.0,6.98,6.96,0.12,0.14,1.71,2.01,1.184,1.1666666666666667
WBC,January 2026.xlsx,XR2,L2,53281102,92,0.0,6.97,6.96,0.09,0.14,1.32,2.01,0.856,1.5555555555555558
WBC,January 2026.xlsx,XR3,L2,53281102,93,0.0,6.89,6.96,0.1,0.14,1.43,2.01,-4.585,1.4000000000000001
WBC,January 2026.xlsx,XR1,L3,53281103,31,0.0,16.71,16.69,0.17,0.34,1.03,2.04,0.275,2.0
WBC,January 2026.xlsx,XR2,L3,53281103,24,0.0,16.74,16.69,0.17,0.34,1.01,2.04,0.762,2.0
WBC,January 2026.xlsx,XR3,L3,53281103,31,0.0,16.53,16.69,0.17,0.34,1.05,2.04,-2.551,2.0
WBC,January 2026.xlsx,XR3,L3,53281103,458,0.0,7.97,7.98,4.45,0.17,55.92,2.21,-1.66,0.038202247191011236
WBC,Juli 2026.xlsx,XR1,L1,61311101,63,1.0,3.19,3.13,0.08,0.09,2.48,2.88,5.487,1.125
WBC,Juli 2026.xlsx,XR2,L1,61311101,64,0.0,3.16,3.13,0.07,0.09,2.06,2.88,2.514,1.2857142857142856
WBC,Juli 2026.xlsx,XR3,L1,61311101,62,0.0,3.1,3.13,0.06,0.09,2.0,2.88,-2.258,1.5
WBC,Juli 2026.xlsx,XR1,L2,61311102,94,0.0,6.99,6.95,0.12,0.14,1.68,2.01,2.792,1.1666666666666667
WBC,Juli 2026.xlsx,XR2,L2,61311102,93,0.0,6.91,6.95,0.1,0.14,1.41,2.01,-2.503,1.4000000000000001
WBC,Juli 2026.xlsx,XR3,L2,61311102,92,0.0,6.92,6.95,0.09,0.14,1.27,2.01,-2.189,1.5555555555555558
WBC,Juli 2026.xlsx,XR1,L3,61311103,63,0.0,17.11,16.98,0.24,0.34,1.38,2.0,3.087,1.4166666666666667
WBC,Juli 2026.xlsx,XR2,L3,61311103,62,0.0,16.93,16.98,0.18,0.34,1.04,2.0,-1.154,1.888888888888889
WBC,Juli 2026.xlsx,XR3,L3,61311103,62,0.0,16.86,16.98,0.18,0.34,1.07,2.0,-2.876,1.888888888888889
WBC,Juli 2026.xlsx,XR3,L3,61311103,655,1.0,8.71,8.71,5.46,0.18,62.65,2.26,-0.184,0.03296703296703297
WBC,June 2026.xlsx,XR1,L1,61311101,32,0.0,3.23,3.13,0.06,0.09,1.82,2.88,6.482,1.5
WBC,June 2026.xlsx,XR2,L1,61311101,34,0.0,3.14,3.13,0.07,0.09,2.3,2.88,0.591,1.2857142857142856
WBC,June 2026.xlsx,XR3,L1,61311101,33,0.0,3.12,3.13,0.05,0.09,1.61,2.88,-0.367,1.7999999999999998
WBC,June 2026.xlsx,XR3,L1,61311101,1,0.0,,,,,,,,
WBC,June 2026.xlsx,XR1,L1,60751101,28,0.0,3.2,3.16,0.07,0.09,2.07,2.85,2.205,1.2857142857142856
WBC,June 2026.xlsx,XR2,L1,60751101,30,0.0,3.13,3.16,0.05,0.09,1.73,2.85,-1.745,1.7999999999999998
WBC,June 2026.xlsx,XR3,L1,60751101,29,0.0,3.08,3.16,0.06,0.09,2.09,2.85,-4.539,1.5
WBC,June 2026.xlsx,XR1,L2,61311102,49,1.0,7.07,6.95,0.1,0.14,1.36,2.01,6.031,1.4000000000000001
WBC,June 2026.xlsx,XR2,L2,61311102,48,0.0,6.89,6.95,0.1,0.14,1.4,2.01,-3.021,1.4000000000000001
WBC,June 2026.xlsx,XR3,L2,61311102,49,0.0,6.9,6.95,0.1,0.14,1.48,2.01,-2.388,1.4000000000000001
WBC,June 2026.xlsx,XR1,L2,60751102,42,0.0,7.24,7.16,0.11,0.14,1.52,1.96,3.725,1.272727272727273
WBC,June 2026.xlsx,XR2,L2,60751102,42,0.0,7.08,7.16,0.09,0.14,1.29,1.96,-3.891,1.5555555555555558
WBC,June 2026.xlsx,XR3,L2,60751102,42,0.0,7.04,7.16,0.08,0.14,1.19,1.96,-5.467,1.7500000000000002
WBC,June 2026.xlsx,XR1,L3,61311103,32,0.0,17.26,16.98,0.18,0.34,1.05,2.0,4.679,1.888888888888889
WBC,June 2026.xlsx,XR2,L3,61311103,32,0.0,16.91,16.98,0.16,0.34,0.92,2.0,-1.139,2.125
WBC,June 2026.xlsx,XR3,L3,61311103,33,0.0,16.85,16.98,0.16,0.34,0.95,2.0,-2.145,2.125
WBC,June 2026.xlsx,XR1,L3,60751103,28,0.0,17.0,16.82,0.19,0.34,1.13,2.02,2.785,1.7894736842105263
WBC,June 2026.xlsx,XR2,L3,60751103,28,0.0,16.62,16.82,0.14,0.34,0.86,2.02,-3.079,2.4285714285714284
WBC,June 2026.xlsx,XR3,L3,60751103,28,0.0,16.59,16.82,0.15,0.34,0.92,2.02,-3.657,2.266666666666667
WBC,June 2026.xlsx,XR3,L3,60751103,640,1.0,8.68,8.7,5.4,0.18,62.22,2.25,-2.866,0.03333333333333333
WBC,Mai 2026.xlsx,XR1,L1,60751101,64,1.0,3.2,3.16,0.08,0.09,2.38,2.85,3.736,1.125
WBC,Mai 2026.xlsx,XR2,L1,60751101,64,0.0,3.11,3.16,0.07,0.09,2.25,2.85,-4.056,1.2857142857142856
WBC,Mai 2026.xlsx,XR3,L1,60751101,62,0.0,3.09,3.16,0.06,0.09,2.0,2.85,-6.082,1.5
WBC,Mai 2026.xlsx,XR1,L2,60751102,91,4.0,7.22,7.16,0.13,0.14,1.8,1.96,3.759,1.076923076923077
WBC,Mai 2026.xlsx,XR2,L2,60751102,93,0.0,7.08,7.16,0.09,0.14,1.3,1.96,-5.185,1.5555555555555558
WBC,Mai 2026.xlsx,XR3,L2,60751102,93,1.0,7.04,7.16,0.1,0.14,1.36,1.96,-8.562,1.4000000000000001
WBC,Mai 2026.xlsx,XR1,L3,60751103,63,0.0,16.98,16.82,0.34,0.34,2.01,2.02,3.717,1.0
WBC,Mai 2026.xlsx,XR2,L3,60751103,62,0.0,16.67,16.82,0.16,0.34,0.99,2.02,-3.586,2.125
WBC,Mai 2026.xlsx,XR3,L3,60751103,63,0.0,16.53,16.82,0.16,0.34,0.95,2.02,-6.711,2.125
WBC,Mai 2026.xlsx,XR3,L3,60751103,655,6.0,8.72,8.77,5.35,0.18,61.36,2.24,-7.639,0.03364485981308411
WBC,March 2026.xlsx,XR1,L1,60191101,62,2.0,3.18,3.11,0.08,0.09,2.46,2.89,6.378,1.125
WBC,March 2026.xlsx,XR2,L1,60191101,63,0.0,3.14,3.11,0.06,0.09,1.79,2.89,2.52,1.5
WBC,March 2026.xlsx,XR3,L1,60191101,64,0.0,3.09,3.11,0.05,0.09,1.71,2.89,-1.986,1.7999999999999998
WBC,March 2026.xlsx,XR1,L2,60191102,88,3.0,6.91,6.83,0.14,0.14,2.0,2.05,5.193,1.0
WBC,March 2026.xlsx,XR2,L2,60191102,93,0.0,6.83,6.83,0.1,0.14,1.43,2.05,0.289,1.4000000000000001
WBC,March 2026.xlsx,XR3,L2,60191102,95,0.0,6.76,6.83,0.11,0.14,1.57,2.05,-4.851,1.272727272727273
WBC,March 2026.xlsx,XR1,L3,60191103,59,5.0,16.43,16.34,0.28,0.34,1.68,2.08,2.022,1.2142857142857142
WBC,March 2026.xlsx,XR2,L3,60191103,62,0.0,16.29,16.34,0.16,0.34,0.99,2.08,-1.18,2.125
WBC,March 2026.xlsx,XR3,L3,60191103,64,0.0,16.11,16.34,0.16,0.34,0.99,2.08,-5.357,2.125
WBC,March 2026.xlsx,XR3,L3,60191103,650,10.0,8.44,8.46,5.18,0.18,61.31,2.3,-1.499,0.03474903474903475
eos,EOSJuniJuli.xlsx,XR1,L1,61311101,96,0.0,0.341,0.33,0.022,0.027,6.38,8.18,4.12,1.2272727272727273
eos,EOSJuniJuli.xlsx,XR2,L1,61311101,98,0.0,0.333,0.33,0.021,0.027,6.36,8.18,1.272,1.2857142857142856
eos,EOSJuniJuli.xlsx,XR3,L1,61311101,95,0.0,0.324,0.33,0.023,0.027,6.98,8.18,-2.128,1.173913043478261
eos,EOSJuniJuli.xlsx,XR3,L1,61311101,1,0.0,,,,,,,,
eos,EOSJuniJuli.xlsx,XR1,L1,60751101,28,0.0,0.312,0.31,0.018,0.027,5.81,8.71,0.42,1.5
eos,EOSJuniJuli.xlsx,XR2,L1,60751101,30,0.0,0.313,0.31,0.017,0.027,5.51,8.71,0.609,1.588235294117647
eos,EOSJuniJuli.xlsx,XR3,L1,60751101,29,0.0,0.306,0.31,0.02,0.027,6.44,8.71,-0.757,1.3499999999999999
eos,EOSJuniJuli.xlsx,XR1,L2,61311102,144,0.0,0.759,0.76,0.053,0.07,7.03,9.21,-0.179,1.3207547169811322
eos,EOSJuniJuli.xlsx,XR2,L2,61311102,141,0.0,0.753,0.76,0.05,0.07,6.63,9.21,-1.239,1.4000000000000001
eos,EOSJuniJuli.xlsx,XR3,L2,61311102,141,0.0,0.751,0.76,0.05,0.07,6.64,9.21,-1.444,1.4000000000000001
eos,EOSJuniJuli.xlsx,XR1,L2,60751102,42,0.0,0.814,0.8,0.055,0.07,6.7,8.75,1.301,1.272727272727273
eos,EOSJuniJuli.xlsx,XR2,L2,60751102,42,0.0,0.801,0.8,0.052,0.07,6.46,8.75,0.088,1.3461538461538463
eos,EOSJuniJuli.xlsx,XR3,L2,60751102,42,0.0,0.797,0.8,0.053,0.07,6.65,8.75,-0.287,1.3207547169811322
eos,EOSJuniJuli.xlsx,XR1,L3,61311103,95,0.0,2.055,2.03,0.137,0.18,6.68,8.87,1.368,1.313868613138686
eos,EOSJuniJuli.xlsx,XR2,L3,61311103,94,0.0,2.006,2.03,0.124,0.18,6.2,8.87,-1.318,1.4516129032258065
eos,EOSJuniJuli.xlsx,XR3,L3,61311103,95,0.0,1.998,2.03,0.149,0.18,7.46,8.87,-1.716,1.2080536912751678
eos,EOSJuniJuli.xlsx,XR1,L3,60751103,28,0.0,2.015,1.96,0.153,0.18,7.59,9.18,1.617,1.1764705882352942
eos,EOSJuniJuli.xlsx,XR2,L3,60751103,28,0.0,1.963,1.96,0.131,0.18,6.66,9.18,0.094,1.3740458015267174
eos,EOSJuniJuli.xlsx,XR3,L3,60751103,28,0.0,1.978,1.96,0.121,0.18,6.14,9.18,0.525,1.487603305785124
eos,EOSJuniJuli.xlsx,XR3,L3,60751103,1297,0.0,0.992,0.994,0.673,0.089,67.81,8.83,-0.761,0.13224368499257055
eos,EosJanuaryMarch2026.xlsx,XR1,L1,60191101,76,0.0,0.324,0.32,0.022,0.027,6.91,8.44,1.275,1.2272727272727273
eos,EosJanuaryMarch2026.xlsx,XR2,L1,60191101,77,0.0,0.322,0.32,0.02,0.027,6.21,8.44,0.802,1.3499999999999999
eos,EosJanuaryMarch2026.xlsx,XR3,L1,60191101,78,0.0,0.314,0.32,0.019,0.027,6.06,8.44,-1.887,1.4210526315789473
eos,EosJanuaryMarch2026.xlsx,XR1,L1,53281101,55,0.0,0.312,0.3,0.019,0.027,6.17,9.0,3.196,1.4210526315789473
eos,EosJanuaryMarch2026.xlsx,XR2,L1,53281101,57,0.0,0.315,0.3,0.021,0.027,6.62,9.0,4.268,1.2857142857142856
eos,EosJanuaryMarch2026.xlsx,XR3,L1,53281101,59,0.0,0.305,0.3,0.023,0.027,7.41,9.0,1.495,1.173913043478261
eos,EosJanuaryMarch2026.xlsx,XR1,L2,60191102,110,0.0,0.757,0.75,0.054,0.07,7.16,9.33,1.076,1.2962962962962965
eos,EosJanuaryMarch2026.xlsx,XR2,L2,60191102,113,0.0,0.75,0.75,0.052,0.07,6.91,9.33,0.0,1.3461538461538463
eos,EosJanuaryMarch2026.xlsx,XR3,L2,60191102,114,0.0,0.735,0.75,0.053,0.07,7.21,9.33,-2.234,1.3207547169811322
eos,EosJanuaryMarch2026.xlsx,XR1,L2,53281102,157,0.0,0.78,0.75,0.049,0.07,6.23,9.33,5.404,1.4285714285714286
eos,EosJanuaryMarch2026.xlsx,XR2,L2,53281102,157,0.0,0.78,0.75,0.046,0.07,5.94,9.33,5.302,1.5217391304347827
eos,EosJanuaryMarch2026.xlsx,XR3,L2,53281102,157,0.0,0.775,0.75,0.049,0.07,6.35,9.33,4.515,1.4285714285714286
eos,EosJanuaryMarch2026.xlsx,XR1,L3,60191103,75,0.0,1.949,1.95,0.136,0.18,6.98,9.23,-0.032,1.3235294117647058
eos,EosJanuaryMarch2026.xlsx,XR2,L3,60191103,74,0.0,1.956,1.95,0.124,0.18,6.36,9.23,0.31,1.4516129032258065
eos,EosJanuaryMarch2026.xlsx,XR3,L3,60191103,75,0.0,1.919,1.95,0.13,0.18,6.78,9.23,-1.469,1.3846153846153846
eos,EosJanuaryMarch2026.xlsx,XR1,L3,53281103,53,0.0,1.983,1.95,0.144,0.18,7.29,9.23,1.328,1.25
eos,EosJanuaryMarch2026.xlsx,XR2,L3,53281103,46,0.0,2.013,1.95,0.108,0.18,5.36,9.23,2.375,1.6666666666666665
eos,EosJanuaryMarch2026.xlsx,XR3,L3,53281103,54,0.0,1.974,1.95,0.134,0.18,6.78,9.23,0.998,1.3432835820895521
eos,EosJanuaryMarch2026.xlsx,XR3,L3,53281103,1587,0.0,0.936,0.924,0.606,0.085,64.8,9.14,5.427,0.14026402640264027
eos,eosAprilMai2026.xlsx,XR1,L1,60751101,88,0.0,0.315,0.31,0.023,0.027,7.25,8.71,1.737,1.173913043478261
eos,eosAprilMai2026.xlsx,XR2,L1,60751101,86,0.0,0.31,0.31,0.02,0.027,6.4,8.71,-0.16,1.3499999999999999
eos,eosAprilMai2026.xlsx,XR3,L1,60751101,84,0.0,0.304,0.31,0.02,0.027,6.62,8.71,-2.182,1.3499999999999999
eos,eosAprilMai2026.xlsx,XR1,L1,60191101,41,0.0,0.328,0.32,0.021,0.027,6.37,8.44,1.909,1.2857142857142856
eos,eosAprilMai2026.xlsx,XR2,L1,60191101,38,0.0,0.319,0.32,0.02,0.027,6.24,8.44,-0.3,1.3499999999999999
eos,eosAprilMai2026.xlsx,XR3,L1,60191101,38,0.0,0.316,0.32,0.02,0.027,6.45,8.44,-1.021,1.3499999999999999
eos,eosAprilMai2026.xlsx,XR1,L2,60751102,130,0.0,0.808,0.8,0.05,0.07,6.13,8.75,1.291,1.4000000000000001
eos,eosAprilMai2026.xlsx,XR2,L2,60751102,127,0.0,0.803,0.8,0.056,0.07,6.97,8.75,0.418,1.25
eos,eosAprilMai2026.xlsx,XR3,L2,60751102,126,0.0,0.785,0.8,0.054,0.07,6.88,8.75,-2.405,1.2962962962962965
eos,eosAprilMai2026.xlsx,XR1,L2,60191102,57,0.0,0.767,0.75,0.048,0.07,6.26,9.33,1.817,1.4583333333333335
eos,eosAprilMai2026.xlsx,XR2,L2,60191102,56,0.0,0.743,0.75,0.053,0.07,7.15,9.33,-0.802,1.3207547169811322
eos,eosAprilMai2026.xlsx,XR3,L2,60191102,55,0.0,0.743,0.75,0.048,0.07,6.46,9.33,-0.713,1.4583333333333335
eos,eosAprilMai2026.xlsx,XR1,L3,60751103,85,0.0,1.981,1.96,0.129,0.18,6.53,9.18,1.091,1.3953488372093021
eos,eosAprilMai2026.xlsx,XR2,L3,60751103,84,0.0,1.941,1.96,0.127,0.18,6.54,9.18,-0.958,1.4173228346456692
eos,eosAprilMai2026.xlsx,XR3,L3,60751103,84,0.0,1.955,1.96,0.13,0.18,6.65,9.18,-0.249,1.3846153846153846
eos,eosAprilMai2026.xlsx,XR1,L3,60191103,38,0.0,1.989,1.95,0.134,0.18,6.73,9.23,1.325,1.3432835820895521
eos,eosAprilMai2026.xlsx,XR2,L3,60191103,38,0.0,1.952,1.95,0.132,0.18,6.76,9.23,0.054,1.3636363636363635
eos,eosAprilMai2026.xlsx,XR3,L3,60191103,42,0.0,1.916,1.95,0.137,0.18,7.16,9.23,-1.209,1.313868613138686
eos,eosAprilMai2026.xlsx,XR3,L3,60191103,1297,0.0,0.983,0.984,0.652,0.089,66.26,8.92,-0.14,0.13650306748466257
