analyte,level,lot,instrument,result
Leukocytes,L1,53281101,XR1,3.05
Leukocytes,L1,53281101,XR1,3.08
Leukocytes,L1,53281101,XR1,3.07
Leukocytes,L1,53281101,XR1,3.09
Leukocytes,L1,53281101,XR1,3.03
Leukocytes,L1,53281101,XR1,3.1
Leukocytes,L1,53281101,XR1,3.05
Leukocytes,L1,53281101,XR1,3.1
Leukocytes,L1,53281101,XR1,2.96
Leukocytes,L1,53281101,XR1,3.07
Leukocytes,L1,53281101,XR1,3.02
Leukocytes,L1,53281101,XR1,3.07
Leukocytes,L1,53281101,XR1,3.15
Leukocytes,L1,53281101,XR1,3.11
Leukocytes,L1,53281101,XR1,3.11
Leukocytes,L1,53281101,XR1,3.04
Leukocytes,L1,53281101,XR1,3.18
Leukocytes,L1,53281101,XR1,3.1
Leukocytes,L1,53281101,XR1,3.15
Leukocytes,L1,53281101,XR1,3.08
Leukocytes,L1,53281101,XR1,3.1
Leukocytes,L1,53281101,XR1,3.16
Leukocytes,L1,53281101,XR1,3.03
Leukocytes,L1,53281101,XR1,3.07
Leukocytes,L1,53281101,XR1,3.04
Leukocytes,L1,53281101,XR1,3.0
Leukocytes,L1,53281101,XR1,2.97
Leukocytes,L1,53281101,XR1,3.29
Leukocytes,L1,53281101,XR1,2.92
Leukocytes,L1,53281101,XR1,3.11
Leukocytes,L1,53281101,XR1,3.0
Leukocytes,L1,53281101,XR1,3.05
Leukocytes,L1,53281101,XR1,3.1
Leukocytes,L1,53281101,XR1,3.15
Leukocytes,L1,53281101,XR1,2.85
Leukocytes,L1,53281101,XR1,3.15
Leukocytes,L1,53281101,XR1,3.05
Leukocytes,L1,53281101,XR1,3.05
Leukocytes,L1,53281101,XR1,3.14
Leukocytes,L1,53281101,XR1,3.0
Leukocytes,L1,53281101,XR1,3.12
Leukocytes,L1,53281101,XR1,2.99
Leukocytes,L1,53281101,XR1,3.03
Leukocytes,L1,53281101,XR1,3.1
Leukocytes,L1,53281101,XR1,3.06
Leukocytes,L1,53281101,XR1,3.09
Leukocytes,L1,53281101,XR1,3.09
Leukocytes,L1,53281101,XR1,3.13
Leukocytes,L1,53281101,XR1,3.07
Leukocytes,L1,53281101,XR1,3.13
Leukocytes,L1,53281101,XR1,3.13
Leukocytes,L1,53281101,XR1,3.09
Leukocytes,L1,53281101,XR1,3.13
Leukocytes,L1,53281101,XR1,3.02
Leukocytes,L1,53281101,XR1,3.05
Leukocytes,L1,60191101,XR1,3.17
Leukocytes,L1,60191101,XR1,3.14
Leukocytes,L1,60191101,XR1,3.14
Leukocytes,L1,60191101,XR1,3.15
Leukocytes,L1,60191101,XR1,3.12
Leukocytes,L1,60191101,XR1,3.12
Leukocytes,L1,60191101,XR1,3.14
Leukocytes,L1,60191101,XR1,3.19
Leukocytes,L1,60191101,XR1,3.24
Leukocytes,L1,60191101,XR1,3.26
Leukocytes,L1,60191101,XR1,3.2
Leukocytes,L1,60191101,XR1,3.13
Leukocytes,L1,60191101,XR1,3.2
Leukocytes,L1,60191101,XR1,3.18
Leukocytes,L1,60191101,XR1,3.09
Leukocytes,L1,60191101,XR1,3.18
Leukocytes,L1,60191101,XR1,2.98
Leukocytes,L1,60191101,XR1,3.19
Leukocytes,L1,60191101,XR1,3.17
Leukocytes,L1,60191101,XR1,3.31
Leukocytes,L1,60191101,XR1,3.31
Leukocytes,L1,60191101,XR1,3.25
Leukocytes,L1,60191101,XR1,3.14
Leukocytes,L1,60191101,XR1,3.25
Leukocytes,L1,60191101,XR1,3.11
Leukocytes,L1,60191101,XR1,3.14
Leukocytes,L1,60191101,XR1,3.21
Leukocytes,L1,60191101,XR1,3.18
Leukocytes,L1,60191101,XR1,3.19
Leukocytes,L1,60191101,XR1,3.11
Leukocytes,L1,60191101,XR1,3.09
Leukocytes,L1,60191101,XR1,3.07
Leukocytes,L1,60191101,XR1,3.09
Leukocytes,L1,60191101,XR1,3.11
Leukocytes,L1,60191101,XR1,3.16
Leukocytes,L1,60191101,XR1,3.08
Leukocytes,L1,60191101,XR1,3.0
Leukocytes,L1,60191101,XR1,3.14
Leukocytes,L1,60191101,XR1,3.21
Leukocytes,L1,60191101,XR1,3.27
Leukocytes,L1,60191101,XR1,3.13
Leukocytes,L1,60191101,XR1,3.09
Leukocytes,L1,60191101,XR1,3.15
Leukocytes,L1,60191101,XR1,3.27
Leukocytes,L1,60191101,XR1,3.09
Leukocytes,L1,60191101,XR1,3.11
Leukocytes,L1,60191101,XR1,3.22
Leukocytes,L1,60191101,XR1,3.09
Leukocytes,L1,60191101,XR1,3.22
Leukocytes,L1,60191101,XR1,3.28
Leukocytes,L1,60191101,XR1,3.16
Leukocytes,L1,60191101,XR1,3.2
Leukocytes,L1,60191101,XR1,3.18
Leukocytes,L1,60191101,XR1,3.28
Leukocytes,L1,60191101,XR1,3.17
Leukocytes,L1,60191101,XR1,3.34
Leukocytes,L1,60191101,XR1,3.36
Leukocytes,L1,60191101,XR1,3.14
Leukocytes,L1,60191101,XR1,3.31
Leukocytes,L1,60191101,XR1,3.14
Leukocytes,L1,60191101,XR1,3.14
Leukocytes,L1,60191101,XR1,3.18
Leukocytes,L1,60191101,XR1,3.29
Leukocytes,L1,60191101,XR1,3.34
Leukocytes,L1,60191101,XR1,3.27
Leukocytes,L1,60191101,XR1,3.22
Leukocytes,L1,60191101,XR1,3.24
Leukocytes,L1,60191101,XR1,3.26
Leukocytes,L1,60191101,XR1,3.27
Leukocytes,L1,60191101,XR1,3.21
Leukocytes,L1,60191101,XR1,3.2
Leukocytes,L1,60191101,XR1,3.23
Leukocytes,L1,60191101,XR1,3.11
Leukocytes,L1,60191101,XR1,3.21
Leukocytes,L1,60191101,XR1,3.24
Leukocytes,L1,60191101,XR1,3.26
Leukocytes,L1,60191101,XR1,3.21
Leukocytes,L1,60191101,XR1,3.2
Leukocytes,L1,60191101,XR1,3.27
Leukocytes,L1,60191101,XR1,3.2
Leukocytes,L1,60191101,XR1,3.11
Leukocytes,L1,60191101,XR1,3.17
Leukocytes,L1,60191101,XR1,3.27
Leukocytes,L1,60191101,XR1,3.23
Leukocytes,L1,60191101,XR1,3.26
Leukocytes,L1,60191101,XR1,3.22
Leukocytes,L1,60191101,XR1,3.24
Leukocytes,L1,60191101,XR1,3.27
Leukocytes,L1,60191101,XR1,3.2
Leukocytes,L1,60191101,XR1,3.29
Leukocytes,L1,60191101,XR1,3.27
Leukocytes,L1,60191101,XR1,3.24
Leukocytes,L1,60191101,XR1,3.18
Leukocytes,L1,60191101,XR1,3.31
Leukocytes,L1,60191101,XR1,3.21
Leukocytes,L1,60191101,XR1,3.39
Leukocytes,L1,60191101,XR1,3.15
Leukocytes,L1,60191101,XR1,3.31
Leukocytes,L1,60191101,XR1,3.18
Leukocytes,L1,60191101,XR1,3.14
Leukocytes,L1,60191101,XR1,3.13
Leukocytes,L1,60191101,XR1,3.19
Leukocytes,L1,60191101,XR1,3.32
Leukocytes,L1,60191101,XR1,3.21
Leukocytes,L1,60191101,XR1,3.33
Leukocytes,L1,60191101,XR1,3.24
Leukocytes,L1,60191101,XR1,3.23
Leukocytes,L1,60191101,XR1,3.26
Leukocytes,L1,60191101,XR1,3.29
Leukocytes,L1,60191101,XR1,3.22
Leukocytes,L1,60191101,XR1,3.22
Leukocytes,L1,60191101,XR1,3.21
Leukocytes,L1,60191101,XR1,3.21
Leukocytes,L1,60191101,XR1,3.17
Leukocytes,L1,60191101,XR1,3.16
Leukocytes,L1,60191101,XR1,3.27
Leukocytes,L1,60191101,XR1,3.21
Leukocytes,L1,60751101,XR1,3.28
Leukocytes,L1,60751101,XR1,3.22
Leukocytes,L1,60751101,XR1,3.21
Leukocytes,L1,60751101,XR1,3.19
Leukocytes,L1,60751101,XR1,3.19
Leukocytes,L1,60751101,XR1,3.26
Leukocytes,L1,60751101,XR1,3.19
Leukocytes,L1,60751101,XR1,3.17
Leukocytes,L1,60751101,XR1,3.14
Leukocytes,L1,60751101,XR1,3.17
Leukocytes,L1,60751101,XR1,3.11
Leukocytes,L1,60751101,XR1,3.26
Leukocytes,L1,60751101,XR1,3.24
Leukocytes,L1,60751101,XR1,3.21
Leukocytes,L1,60751101,XR1,3.33
Leukocytes,L1,60751101,XR1,3.12
Leukocytes,L1,60751101,XR1,3.05
Leukocytes,L1,60751101,XR1,3.13
Leukocytes,L1,60751101,XR1,3.26
Leukocytes,L1,60751101,XR1,3.24
Leukocytes,L1,60751101,XR1,3.27
Leukocytes,L1,60751101,XR1,3.2
Leukocytes,L1,60751101,XR1,3.16
Leukocytes,L1,60751101,XR1,3.17
Leukocytes,L1,60751101,XR1,3.13
Leukocytes,L1,60751101,XR1,3.18
Leukocytes,L1,60751101,XR1,3.25
Leukocytes,L1,60751101,XR1,3.22
Leukocytes,L1,60751101,XR1,3.17
Leukocytes,L1,60751101,XR1,3.3
Leukocytes,L1,60751101,XR1,3.28
Leukocytes,L1,60751101,XR1,3.24
Leukocytes,L1,60751101,XR1,3.14
Leukocytes,L1,60751101,XR1,3.05
Leukocytes,L1,60751101,XR1,3.24
Leukocytes,L1,60751101,XR1,3.26
Leukocytes,L1,60751101,XR1,2.95
Leukocytes,L1,60751101,XR1,3.2
Leukocytes,L1,60751101,XR1,3.22
Leukocytes,L1,60751101,XR1,3.0
Leukocytes,L1,60751101,XR1,3.37
Leukocytes,L1,60751101,XR1,3.32
Leukocytes,L1,60751101,XR1,3.13
Leukocytes,L1,60751101,XR1,3.23
Leukocytes,L1,60751101,XR1,3.06
Leukocytes,L1,60751101,XR1,3.2
Leukocytes,L1,60751101,XR1,3.32
Leukocytes,L1,60751101,XR1,3.18
Leukocytes,L1,60751101,XR1,3.19
Leukocytes,L1,60751101,XR1,3.21
Leukocytes,L1,60751101,XR1,3.21
Leukocytes,L1,60751101,XR1,3.22
Leukocytes,L1,60751101,XR1,3.15
Leukocytes,L1,60751101,XR1,3.22
Leukocytes,L1,60751101,XR1,3.29
Leukocytes,L1,60751101,XR1,2.83
Leukocytes,L1,60751101,XR1,3.11
Leukocytes,L1,60751101,XR1,3.2
Leukocytes,L1,60751101,XR1,3.27
Leukocytes,L1,60751101,XR1,3.15
Leukocytes,L1,60751101,XR1,3.15
Leukocytes,L1,60751101,XR1,3.23
Leukocytes,L1,60751101,XR1,3.22
Leukocytes,L1,60751101,XR1,3.22
Leukocytes,L1,60751101,XR1,3.21
Leukocytes,L1,60751101,XR1,3.18
Leukocytes,L1,60751101,XR1,3.07
Leukocytes,L1,60751101,XR1,3.26
Leukocytes,L1,60751101,XR1,3.2
Leukocytes,L1,60751101,XR1,3.27
Leukocytes,L1,60751101,XR1,3.19
Leukocytes,L1,60751101,XR1,3.21
Leukocytes,L1,60751101,XR1,3.31
Leukocytes,L1,60751101,XR1,3.32
Leukocytes,L1,60751101,XR1,3.16
Leukocytes,L1,60751101,XR1,3.11
Leukocytes,L1,60751101,XR1,3.19
Leukocytes,L1,60751101,XR1,3.21
Leukocytes,L1,60751101,XR1,3.2
Leukocytes,L1,60751101,XR1,3.14
Leukocytes,L1,60751101,XR1,3.19
Leukocytes,L1,60751101,XR1,3.25
Leukocytes,L1,60751101,XR1,3.25
Leukocytes,L1,60751101,XR1,3.3
Leukocytes,L1,60751101,XR1,3.22
Leukocytes,L1,60751101,XR1,3.24
Leukocytes,L1,60751101,XR1,3.26
Leukocytes,L1,60751101,XR1,3.14
Leukocytes,L1,60751101,XR1,3.19
Leukocytes,L1,60751101,XR1,3.15
Leukocytes,L1,60751101,XR1,3.28
Leukocytes,L1,60751101,XR1,3.22
Leukocytes,L1,60751101,XR1,3.26
Leukocytes,L1,60751101,XR1,3.27
Leukocytes,L1,60751101,XR1,3.22
Leukocytes,L1,60751101,XR1,3.07
Leukocytes,L1,60751101,XR1,3.2
Leukocytes,L1,60751101,XR1,3.25
Leukocytes,L1,60751101,XR1,3.19
Leukocytes,L1,60751101,XR1,3.29
Leukocytes,L1,60751101,XR1,3.1
Leukocytes,L1,60751101,XR1,3.19
Leukocytes,L1,60751101,XR1,3.21
Leukocytes,L1,60751101,XR1,3.14
Leukocytes,L1,60751101,XR1,3.17
Leukocytes,L1,60751101,XR1,3.16
Leukocytes,L1,60751101,XR1,3.14
Leukocytes,L1,60751101,XR1,3.37
Leukocytes,L1,60751101,XR1,3.12
Leukocytes,L1,60751101,XR1,3.14
Leukocytes,L1,60751101,XR1,3.24
Leukocytes,L1,60751101,XR1,3.16
Leukocytes,L1,60751101,XR1,3.19
Leukocytes,L1,60751101,XR1,3.12
Leukocytes,L1,60751101,XR1,3.23
Leukocytes,L1,60751101,XR1,3.26
Leukocytes,L1,61311101,XR1,3.25
Leukocytes,L1,61311101,XR1,3.22
Leukocytes,L1,61311101,XR1,3.22
Leukocytes,L1,61311101,XR1,3.34
Leukocytes,L1,61311101,XR1,3.17
Leukocytes,L1,61311101,XR1,3.21
Leukocytes,L1,61311101,XR1,3.22
Leukocytes,L1,61311101,XR1,3.22
Leukocytes,L1,61311101,XR1,3.25
Leukocytes,L1,61311101,XR1,3.22
Leukocytes,L1,61311101,XR1,3.22
Leukocytes,L1,61311101,XR1,3.18
Leukocytes,L1,61311101,XR1,3.24
Leukocytes,L1,61311101,XR1,3.23
Leukocytes,L1,61311101,XR1,3.29
Leukocytes,L1,61311101,XR1,3.26
Leukocytes,L1,61311101,XR1,3.33
Leukocytes,L1,61311101,XR1,3.15
Leukocytes,L1,61311101,XR1,3.17
Leukocytes,L1,61311101,XR1,3.23
Leukocytes,L1,61311101,XR1,3.19
Leukocytes,L1,61311101,XR1,3.32
Leukocytes,L1,61311101,XR1,3.13
Leukocytes,L1,61311101,XR1,3.1
Leukocytes,L1,61311101,XR1,3.34
Leukocytes,L1,61311101,XR1,3.3
Leukocytes,L1,61311101,XR1,3.25
Leukocytes,L1,61311101,XR1,3.25
Leukocytes,L1,61311101,XR1,3.24
Leukocytes,L1,61311101,XR1,3.18
Leukocytes,L1,61311101,XR1,3.23
Leukocytes,L1,61311101,XR1,3.31
Leukocytes,L1,61311101,XR1,3.14
Leukocytes,L1,61311101,XR1,3.29
Leukocytes,L1,61311101,XR1,3.09
Leukocytes,L1,61311101,XR1,3.42
Leukocytes,L1,61311101,XR1,3.26
Leukocytes,L1,61311101,XR1,3.25
Leukocytes,L1,61311101,XR1,3.21
Leukocytes,L1,61311101,XR1,3.07
Leukocytes,L1,61311101,XR1,3.24
Leukocytes,L1,61311101,XR1,3.21
Leukocytes,L1,61311101,XR1,3.24
Leukocytes,L1,61311101,XR1,3.23
Leukocytes,L1,61311101,XR1,3.35
Leukocytes,L1,61311101,XR1,3.21
Leukocytes,L1,61311101,XR1,3.31
Leukocytes,L1,61311101,XR1,3.08
Leukocytes,L1,61311101,XR1,3.3
Leukocytes,L1,61311101,XR1,3.37
Leukocytes,L1,61311101,XR1,3.27
Leukocytes,L1,61311101,XR1,3.27
Leukocytes,L1,61311101,XR1,3.23
Leukocytes,L1,61311101,XR1,3.22
Leukocytes,L1,61311101,XR1,3.25
Leukocytes,L1,61311101,XR1,3.24
Leukocytes,L1,61311101,XR1,3.14
Leukocytes,L1,61311101,XR1,3.25
Leukocytes,L1,61311101,XR1,3.24
Leukocytes,L1,61311101,XR1,3.23
Leukocytes,L1,61311101,XR1,3.29
Leukocytes,L1,61311101,XR1,3.21
Leukocytes,L1,61311101,XR1,3.05
Leukocytes,L1,61311101,XR1,3.15
Leukocytes,L1,61311101,XR1,3.07
Leukocytes,L1,61311101,XR1,3.1
Leukocytes,L1,61311101,XR1,3.07
Leukocytes,L1,61311101,XR1,3.23
Leukocytes,L1,61311101,XR1,3.14
Leukocytes,L1,61311101,XR1,3.16
Leukocytes,L1,61311101,XR1,3.22
Leukocytes,L1,61311101,XR1,3.11
Leukocytes,L1,61311101,XR1,3.11
Leukocytes,L1,61311101,XR1,3.07
Leukocytes,L1,61311101,XR1,3.19
Leukocytes,L1,61311101,XR1,3.1
Leukocytes,L1,61311101,XR1,3.32
Leukocytes,L1,61311101,XR1,3.14
Leukocytes,L1,61311101,XR1,3.19
Leukocytes,L1,61311101,XR1,3.17
Leukocytes,L1,61311101,XR1,3.32
Leukocytes,L1,61311101,XR1,3.25
Leukocytes,L1,61311101,XR1,3.12
Leukocytes,L1,61311101,XR1,3.16
Leukocytes,L1,61311101,XR1,3.16
Leukocytes,L1,61311101,XR1,3.22
Leukocytes,L1,61311101,XR1,3.23
Leukocytes,L1,61311101,XR1,3.15
Leukocytes,L1,61311101,XR1,3.19
Leukocytes,L1,61311101,XR1,3.09
Leukocytes,L1,61311101,XR1,3.21
Leukocytes,L1,61311101,XR1,3.23
Leukocytes,L1,61311101,XR1,3.22
Leukocytes,L1,61311101,XR1,3.14
Leukocytes,L1,61311101,XR1,3.1
Leukocytes,L1,61311101,XR1,3.04
Leukocytes,L2,53281102,XR1,6.86
Leukocytes,L2,53281102,XR1,7.11
Leukocytes,L2,53281102,XR1,6.86
Leukocytes,L2,53281102,XR1,7.07
Leukocytes,L2,53281102,XR1,7.0
Leukocytes,L2,53281102,XR1,6.97
Leukocytes,L2,53281102,XR1,6.87
Leukocytes,L2,53281102,XR1,6.97
Leukocytes,L2,53281102,XR1,7.06
Leukocytes,L2,53281102,XR1,7.23
Leukocytes,L2,53281102,XR1,7.1
Leukocytes,L2,53281102,XR1,7.03
Leukocytes,L2,53281102,XR1,6.95
Leukocytes,L2,53281102,XR1,6.87
Leukocytes,L2,53281102,XR1,6.87
Leukocytes,L2,53281102,XR1,7.11
Leukocytes,L2,53281102,XR1,7.14
Leukocytes,L2,53281102,XR1,7.16
Leukocytes,L2,53281102,XR1,7.07
Leukocytes,L2,53281102,XR1,7.01
Leukocytes,L2,53281102,XR1,7.01
Leukocytes,L2,53281102,XR1,7.12
Leukocytes,L2,53281102,XR1,6.92
Leukocytes,L2,53281102,XR1,6.98
Leukocytes,L2,53281102,XR1,6.72
Leukocytes,L2,53281102,XR1,7.03
Leukocytes,L2,53281102,XR1,6.89
Leukocytes,L2,53281102,XR1,7.13
Leukocytes,L2,53281102,XR1,6.97
Leukocytes,L2,53281102,XR1,7.1
Leukocytes,L2,53281102,XR1,7.13
Leukocytes,L2,53281102,XR1,6.93
Leukocytes,L2,53281102,XR1,6.96
Leukocytes,L2,53281102,XR1,6.94
Leukocytes,L2,53281102,XR1,6.85
Leukocytes,L2,53281102,XR1,7.15
Leukocytes,L2,53281102,XR1,6.87
Leukocytes,L2,53281102,XR1,7.09
Leukocytes,L2,53281102,XR1,6.93
Leukocytes,L2,53281102,XR1,6.97
Leukocytes,L2,53281102,XR1,7.02
Leukocytes,L2,53281102,XR1,6.95
Leukocytes,L2,53281102,XR1,6.89
Leukocytes,L2,53281102,XR1,7.18
Leukocytes,L2,53281102,XR1,7.05
Leukocytes,L2,53281102,XR1,6.98
Leukocytes,L2,53281102,XR1,7.07
Leukocytes,L2,53281102,XR1,6.87
Leukocytes,L2,53281102,XR1,6.98
Leukocytes,L2,53281102,XR1,6.98
Leukocytes,L2,53281102,XR1,6.97
Leukocytes,L2,53281102,XR1,6.93
Leukocytes,L2,53281102,XR1,6.97
Leukocytes,L2,53281102,XR1,6.88
Leukocytes,L2,53281102,XR1,6.88
Leukocytes,L2,53281102,XR1,7.03
Leukocytes,L2,53281102,XR1,7.08
Leukocytes,L2,53281102,XR1,6.94
Leukocytes,L2,53281102,XR1,6.92
Leukocytes,L2,53281102,XR1,7.06
Leukocytes,L2,53281102,XR1,6.95
Leukocytes,L2,53281102,XR1,7.01
Leukocytes,L2,53281102,XR1,7.02
Leukocytes,L2,53281102,XR1,6.98
Leukocytes,L2,53281102,XR1,6.61
Leukocytes,L2,53281102,XR1,7.04
Leukocytes,L2,53281102,XR1,6.97
Leukocytes,L2,53281102,XR1,7.12
Leukocytes,L2,53281102,XR1,6.86
Leukocytes,L2,53281102,XR1,6.65
Leukocytes,L2,53281102,XR1,6.98
Leukocytes,L2,53281102,XR1,6.97
Leukocytes,L2,53281102,XR1,7.04
Leukocytes,L2,53281102,XR1,7.1
Leukocytes,L2,53281102,XR1,7.11
Leukocytes,L2,53281102,XR1,7.08
Leukocytes,L2,53281102,XR1,7.0
Leukocytes,L2,53281102,XR1,6.93
Leukocytes,L2,53281102,XR1,7.09
Leukocytes,L2,53281102,XR1,6.86
Leukocytes,L2,53281102,XR1,6.91
Leukocytes,L2,53281102,XR1,7.08
Leukocytes,L2,53281102,XR1,7.11
Leukocytes,L2,53281102,XR1,6.73
Leukocytes,L2,53281102,XR1,6.88
Leukocytes,L2,53281102,XR1,6.56
Leukocytes,L2,53281102,XR1,6.96
Leukocytes,L2,53281102,XR1,6.82
Leukocytes,L2,53281102,XR1,6.94
Leukocytes,L2,53281102,XR1,7.04
Leukocytes,L2,53281102,XR1,6.96
Leukocytes,L2,53281102,XR1,6.92
Leukocytes,L2,53281102,XR1,6.97
Leukocytes,L2,53281102,XR1,6.82
Leukocytes,L2,53281102,XR1,6.96
Leukocytes,L2,53281102,XR1,6.93
Leukocytes,L2,53281102,XR1,6.79
Leukocytes,L2,53281102,XR1,6.99
Leukocytes,L2,53281102,XR1,6.93
Leukocytes,L2,53281102,XR1,6.98
Leukocytes,L2,53281102,XR1,6.98
Leukocytes,L2,53281102,XR1,7.15
Leukocytes,L2,53281102,XR1,7.05
Leukocytes,L2,53281102,XR1,6.93
Leukocytes,L2,53281102,XR1,7.12
Leukocytes,L2,53281102,XR1,6.73
Leukocytes,L2,53281102,XR1,7.01
Leukocytes,L2,53281102,XR1,6.94
Leukocytes,L2,53281102,XR1,7.01
Leukocytes,L2,53281102,XR1,7.03
Leukocytes,L2,53281102,XR1,6.91
Leukocytes,L2,53281102,XR1,6.75
Leukocytes,L2,53281102,XR1,7.17
Leukocytes,L2,53281102,XR1,6.92
Leukocytes,L2,53281102,XR1,6.98
Leukocytes,L2,53281102,XR1,6.86
Leukocytes,L2,53281102,XR1,7.04
Leukocytes,L2,53281102,XR1,7.02
Leukocytes,L2,53281102,XR1,7.11
Leukocytes,L2,53281102,XR1,7.0
Leukocytes,L2,53281102,XR1,7.14
Leukocytes,L2,53281102,XR1,6.97
Leukocytes,L2,53281102,XR1,6.96
Leukocytes,L2,53281102,XR1,7.07
Leukocytes,L2,53281102,XR1,6.92
Leukocytes,L2,53281102,XR1,7.21
Leukocytes,L2,53281102,XR1,6.98
Leukocytes,L2,53281102,XR1,7.15
Leukocytes,L2,53281102,XR1,7.06
Leukocytes,L2,53281102,XR1,7.14
Leukocytes,L2,53281102,XR1,7.22
Leukocytes,L2,53281102,XR1,7.08
Leukocytes,L2,53281102,XR1,6.56
Leukocytes,L2,53281102,XR1,7.08
Leukocytes,L2,53281102,XR1,7.14
Leukocytes,L2,53281102,XR1,6.99
Leukocytes,L2,53281102,XR1,7.16
Leukocytes,L2,53281102,XR1,6.96
Leukocytes,L2,53281102,XR1,6.91
Leukocytes,L2,53281102,XR1,6.96
Leukocytes,L2,53281102,XR1,6.87
Leukocytes,L2,53281102,XR1,6.81
Leukocytes,L2,53281102,XR1,6.96
Leukocytes,L2,53281102,XR1,6.92
Leukocytes,L2,53281102,XR1,7.25
Leukocytes,L2,53281102,XR1,7.03
Leukocytes,L2,53281102,XR1,7.05
Leukocytes,L2,53281102,XR1,6.86
Leukocytes,L2,53281102,XR1,6.9
Leukocytes,L2,53281102,XR1,6.92
Leukocytes,L2,53281102,XR1,7.11
Leukocytes,L2,53281102,XR1,7.04
Leukocytes,L2,53281102,XR1,7.0
Leukocytes,L2,53281102,XR1,6.97
Leukocytes,L2,53281102,XR1,6.94
Leukocytes,L2,53281102,XR1,6.86
Leukocytes,L2,53281102,XR1,7.06
Leukocytes,L2,60191102,XR1,6.97
Leukocytes,L2,60191102,XR1,6.64
Leukocytes,L2,60191102,XR1,6.63
Leukocytes,L2,60191102,XR1,6.8
Leukocytes,L2,60191102,XR1,6.86
Leukocytes,L2,60191102,XR1,6.94
Leukocytes,L2,60191102,XR1,6.96
Leukocytes,L2,60191102,XR1,6.94
Leukocytes,L2,60191102,XR1,6.84
Leukocytes,L2,60191102,XR1,6.97
Leukocytes,L2,60191102,XR1,7.02
Leukocytes,L2,60191102,XR1,6.89
Leukocytes,L2,60191102,XR1,6.86
Leukocytes,L2,60191102,XR1,6.96
Leukocytes,L2,60191102,XR1,6.8
Leukocytes,L2,60191102,XR1,6.85
Leukocytes,L2,60191102,XR1,6.91
Leukocytes,L2,60191102,XR1,6.93
Leukocytes,L2,60191102,XR1,6.92
Leukocytes,L2,60191102,XR1,6.85
Leukocytes,L2,60191102,XR1,6.86
Leukocytes,L2,60191102,XR1,7.03
Leukocytes,L2,60191102,XR1,6.87
Leukocytes,L2,60191102,XR1,6.92
Leukocytes,L2,60191102,XR1,6.97
Leukocytes,L2,60191102,XR1,6.86
Leukocytes,L2,60191102,XR1,6.7
Leukocytes,L2,60191102,XR1,6.91
Leukocytes,L2,60191102,XR1,6.79
Leukocytes,L2,60191102,XR1,6.88
Leukocytes,L2,60191102,XR1,6.9
Leukocytes,L2,60191102,XR1,6.86
Leukocytes,L2,60191102,XR1,6.82
Leukocytes,L2,60191102,XR1,6.88
Leukocytes,L2,60191102,XR1,6.98
Leukocytes,L2,60191102,XR1,6.91
Leukocytes,L2,60191102,XR1,7.01
Leukocytes,L2,60191102,XR1,6.72
Leukocytes,L2,60191102,XR1,6.79
Leukocytes,L2,60191102,XR1,6.71
Leukocytes,L2,60191102,XR1,6.97
Leukocytes,L2,60191102,XR1,6.65
Leukocytes,L2,60191102,XR1,6.89
Leukocytes,L2,60191102,XR1,6.4
Leukocytes,L2,60191102,XR1,6.6
Leukocytes,L2,60191102,XR1,6.58
Leukocytes,L2,60191102,XR1,6.72
Leukocytes,L2,60191102,XR1,6.62
Leukocytes,L2,60191102,XR1,7.01
Leukocytes,L2,60191102,XR1,6.95
Leukocytes,L2,60191102,XR1,6.75
Leukocytes,L2,60191102,XR1,6.66
Leukocytes,L2,60191102,XR1,7.04
Leukocytes,L2,60191102,XR1,6.52
Leukocytes,L2,60191102,XR1,6.86
Leukocytes,L2,60191102,XR1,6.7
Leukocytes,L2,60191102,XR1,7.16
Leukocytes,L2,60191102,XR1,6.68
Leukocytes,L2,60191102,XR1,6.96
Leukocytes,L2,60191102,XR1,6.88
Leukocytes,L2,60191102,XR1,6.32
Leukocytes,L2,60191102,XR1,6.85
Leukocytes,L2,60191102,XR1,6.88
Leukocytes,L2,60191102,XR1,6.88
Leukocytes,L2,60191102,XR1,6.74
Leukocytes,L2,60191102,XR1,7.05
Leukocytes,L2,60191102,XR1,6.9
Leukocytes,L2,60191102,XR1,7.02
Leukocytes,L2,60191102,XR1,6.94
Leukocytes,L2,60191102,XR1,6.88
Leukocytes,L2,60191102,XR1,6.95
Leukocytes,L2,60191102,XR1,6.86
Leukocytes,L2,60191102,XR1,6.97
Leukocytes,L2,60191102,XR1,7.08
Leukocytes,L2,60191102,XR1,6.84
Leukocytes,L2,60191102,XR1,6.86
Leukocytes,L2,60191102,XR1,6.94
Leukocytes,L2,60191102,XR1,6.96
Leukocytes,L2,60191102,XR1,6.89
Leukocytes,L2,60191102,XR1,6.92
Leukocytes,L2,60191102,XR1,6.96
Leukocytes,L2,60191102,XR1,7.04
Leukocytes,L2,60191102,XR1,6.84
Leukocytes,L2,60191102,XR1,6.9
Leukocytes,L2,60191102,XR1,6.88
Leukocytes,L2,60191102,XR1,7.0
Leukocytes,L2,60191102,XR1,7.07
Leukocytes,L2,60191102,XR1,6.87
Leukocytes,L2,60191102,XR1,6.85
Leukocytes,L2,60191102,XR1,7.01
Leukocytes,L2,60191102,XR1,6.99
Leukocytes,L2,60191102,XR1,7.02
Leukocytes,L2,60191102,XR1,7.01
Leukocytes,L2,60191102,XR1,6.96
Leukocytes,L2,60191102,XR1,7.02
Leukocytes,L2,60191102,XR1,7.11
Leukocytes,L2,60191102,XR1,7.0
Leukocytes,L2,60191102,XR1,7.13
Leukocytes,L2,60191102,XR1,7.05
Leukocytes,L2,60191102,XR1,7.21
Leukocytes,L2,60191102,XR1,6.9
Leukocytes,L2,60191102,XR1,6.93
Leukocytes,L2,60191102,XR1,7.13
Leukocytes,L2,60191102,XR1,6.93
Leukocytes,L2,60191102,XR1,6.92
Leukocytes,L2,60191102,XR1,7.07
Leukocytes,L2,60191102,XR1,7.07
Leukocytes,L2,60191102,XR1,6.96
Leukocytes,L2,60191102,XR1,7.2
Leukocytes,L2,60191102,XR1,7.09
Leukocytes,L2,60191102,XR1,7.03
Leukocytes,L2,60191102,XR1,6.94
Leukocytes,L2,60191102,XR1,7.13
Leukocytes,L2,60191102,XR1,7.09
Leukocytes,L2,60191102,XR1,7.13
Leukocytes,L2,60191102,XR1,7.03
Leukocytes,L2,60191102,XR1,6.97
Leukocytes,L2,60191102,XR1,7.06
Leukocytes,L2,60191102,XR1,6.79
Leukocytes,L2,60191102,XR1,6.85
Leukocytes,L2,60191102,XR1,7.1
Leukocytes,L2,60191102,XR1,7.07
Leukocytes,L2,60191102,XR1,6.94
Leukocytes,L2,60191102,XR1,7.03
Leukocytes,L2,60191102,XR1,7.23
Leukocytes,L2,60191102,XR1,7.16
Leukocytes,L2,60191102,XR1,6.91
Leukocytes,L2,60191102,XR1,6.97
Leukocytes,L2,60191102,XR1,6.95
Leukocytes,L2,60191102,XR1,6.85
Leukocytes,L2,60191102,XR1,6.96
Leukocytes,L2,60191102,XR1,6.99
Leukocytes,L2,60191102,XR1,7.02
Leukocytes,L2,60191102,XR1,7.11
Leukocytes,L2,60191102,XR1,6.95
Leukocytes,L2,60191102,XR1,7.11
Leukocytes,L2,60191102,XR1,6.95
Leukocytes,L2,60191102,XR1,7.0
Leukocytes,L2,60191102,XR1,6.97
Leukocytes,L2,60191102,XR1,6.97
Leukocytes,L2,60191102,XR1,6.98
Leukocytes,L2,60191102,XR1,7.13
Leukocytes,L2,60191102,XR1,7.01
Leukocytes,L2,60191102,XR1,6.81
Leukocytes,L2,60191102,XR1,6.88
Leukocytes,L2,60191102,XR1,7.08
Leukocytes,L2,60191102,XR1,6.96
Leukocytes,L2,60191102,XR1,7.07
Leukocytes,L2,60191102,XR1,7.03
Leukocytes,L2,60191102,XR1,7.0
Leukocytes,L2,60191102,XR1,6.98
Leukocytes,L2,60191102,XR1,6.95
Leukocytes,L2,60191102,XR1,7.07
Leukocytes,L2,60191102,XR1,7.0
Leukocytes,L2,60191102,XR1,6.86
Leukocytes,L2,60191102,XR1,6.89
Leukocytes,L2,60191102,XR1,7.3
Leukocytes,L2,60191102,XR1,6.87
Leukocytes,L2,60191102,XR1,6.9
Leukocytes,L2,60191102,XR1,6.9
Leukocytes,L2,60191102,XR1,6.91
Leukocytes,L2,60191102,XR1,7.03
Leukocytes,L2,60191102,XR1,6.87
Leukocytes,L2,60191102,XR1,6.93
Leukocytes,L2,60191102,XR1,6.81
Leukocytes,L2,60191102,XR1,7.1
Leukocytes,L2,60191102,XR1,7.14
Leukocytes,L2,60751102,XR1,7.27
Leukocytes,L2,60751102,XR1,7.25
Leukocytes,L2,60751102,XR1,7.3
Leukocytes,L2,60751102,XR1,7.36
Leukocytes,L2,60751102,XR1,7.35
Leukocytes,L2,60751102,XR1,7.36
Leukocytes,L2,60751102,XR1,7.06
Leukocytes,L2,60751102,XR1,7.2
Leukocytes,L2,60751102,XR1,7.31
Leukocytes,L2,60751102,XR1,7.25
Leukocytes,L2,60751102,XR1,7.27
Leukocytes,L2,60751102,XR1,7.26
Leukocytes,L2,60751102,XR1,7.28
Leukocytes,L2,60751102,XR1,7.3
Leukocytes,L2,60751102,XR1,7.33
Leukocytes,L2,60751102,XR1,7.34
Leukocytes,L2,60751102,XR1,7.29
Leukocytes,L2,60751102,XR1,6.73
Leukocytes,L2,60751102,XR1,6.98
Leukocytes,L2,60751102,XR1,7.11
Leukocytes,L2,60751102,XR1,7.33
Leukocytes,L2,60751102,XR1,7.4
Leukocytes,L2,60751102,XR1,7.27
Leukocytes,L2,60751102,XR1,7.3
Leukocytes,L2,60751102,XR1,7.18
Leukocytes,L2,60751102,XR1,7.42
Leukocytes,L2,60751102,XR1,7.31
Leukocytes,L2,60751102,XR1,7.32
Leukocytes,L2,60751102,XR1,7.34
Leukocytes,L2,60751102,XR1,7.36
Leukocytes,L2,60751102,XR1,7.16
Leukocytes,L2,60751102,XR1,7.28
Leukocytes,L2,60751102,XR1,7.12
Leukocytes,L2,60751102,XR1,7.27
Leukocytes,L2,60751102,XR1,7.31
Leukocytes,L2,60751102,XR1,7.18
Leukocytes,L2,60751102,XR1,7.21
Leukocytes,L2,60751102,XR1,7.22
Leukocytes,L2,60751102,XR1,7.18
Leukocytes,L2,60751102,XR1,7.15
Leukocytes,L2,60751102,XR1,7.25
Leukocytes,L2,60751102,XR1,7.19
Leukocytes,L2,60751102,XR1,7.29
Leukocytes,L2,60751102,XR1,6.76
Leukocytes,L2,60751102,XR1,7.27
Leukocytes,L2,60751102,XR1,7.21
Leukocytes,L2,60751102,XR1,7.29
Leukocytes,L2,60751102,XR1,7.26
Leukocytes,L2,60751102,XR1,7.19
Leukocytes,L2,60751102,XR1,6.73
Leukocytes,L2,60751102,XR1,6.75
Leukocytes,L2,60751102,XR1,7.36
Leukocytes,L2,60751102,XR1,7.22
Leukocytes,L2,60751102,XR1,7.27
Leukocytes,L2,60751102,XR1,7.31
Leukocytes,L2,60751102,XR1,6.83
Leukocytes,L2,60751102,XR1,7.21
Leukocytes,L2,60751102,XR1,7.32
Leukocytes,L2,60751102,XR1,7.17
Leukocytes,L2,60751102,XR1,7.24
Leukocytes,L2,60751102,XR1,7.08
Leukocytes,L2,60751102,XR1,7.27
Leukocytes,L2,60751102,XR1,7.34
Leukocytes,L2,60751102,XR1,7.45
Leukocytes,L2,60751102,XR1,7.45
Leukocytes,L2,60751102,XR1,7.25
Leukocytes,L2,60751102,XR1,6.77
Leukocytes,L2,60751102,XR1,7.3
Leukocytes,L2,60751102,XR1,7.23
Leukocytes,L2,60751102,XR1,6.88
Leukocytes,L2,60751102,XR1,7.23
Leukocytes,L2,60751102,XR1,7.32
Leukocytes,L2,60751102,XR1,7.09
Leukocytes,L2,60751102,XR1,7.3
Leukocytes,L2,60751102,XR1,7.43
Leukocytes,L2,60751102,XR1,7.27
Leukocytes,L2,60751102,XR1,7.23
Leukocytes,L2,60751102,XR1,7.05
Leukocytes,L2,60751102,XR1,7.14
Leukocytes,L2,60751102,XR1,7.33
Leukocytes,L2,60751102,XR1,7.12
Leukocytes,L2,60751102,XR1,7.43
Leukocytes,L2,60751102,XR1,6.66
Leukocytes,L2,60751102,XR1,7.22
Leukocytes,L2,60751102,XR1,7.23
Leukocytes,L2,60751102,XR1,7.08
Leukocytes,L2,60751102,XR1,7.06
Leukocytes,L2,60751102,XR1,7.18
Leukocytes,L2,60751102,XR1,7.11
Leukocytes,L2,60751102,XR1,7.2
Leukocytes,L2,60751102,XR1,7.26
Leukocytes,L2,60751102,XR1,7.37
Leukocytes,L2,60751102,XR1,7.02
Leukocytes,L2,60751102,XR1,7.1
Leukocytes,L2,60751102,XR1,7.24
Leukocytes,L2,60751102,XR1,7.33
Leukocytes,L2,60751102,XR1,7.27
Leukocytes,L2,60751102,XR1,7.12
Leukocytes,L2,60751102,XR1,7.32
Leukocytes,L2,60751102,XR1,7.12
Leukocytes,L2,60751102,XR1,7.31
Leukocytes,L2,60751102,XR1,7.13
Leukocytes,L2,60751102,XR1,7.15
Leukocytes,L2,60751102,XR1,7.12
Leukocytes,L2,60751102,XR1,7.13
Leukocytes,L2,60751102,XR1,7.25
Leukocytes,L2,60751102,XR1,7.37
Leukocytes,L2,60751102,XR1,7.22
Leukocytes,L2,60751102,XR1,7.4
Leukocytes,L2,60751102,XR1,7.26
Leukocytes,L2,60751102,XR1,7.2
Leukocytes,L2,60751102,XR1,7.19
Leukocytes,L2,60751102,XR1,7.36
Leukocytes,L2,60751102,XR1,7.35
Leukocytes,L2,60751102,XR1,7.25
Leukocytes,L2,60751102,XR1,7.35
Leukocytes,L2,60751102,XR1,7.23
Leukocytes,L2,60751102,XR1,7.2
Leukocytes,L2,60751102,XR1,7.27
Leukocytes,L2,60751102,XR1,7.26
Leukocytes,L2,60751102,XR1,7.26
Leukocytes,L2,60751102,XR1,7.26
Leukocytes,L2,60751102,XR1,7.07
Leukocytes,L2,60751102,XR1,7.43
Leukocytes,L2,60751102,XR1,7.17
Leukocytes,L2,60751102,XR1,7.2
Leukocytes,L2,60751102,XR1,7.33
Leukocytes,L2,60751102,XR1,7.23
Leukocytes,L2,60751102,XR1,7.24
Leukocytes,L2,60751102,XR1,7.15
Leukocytes,L2,60751102,XR1,7.18
Leukocytes,L2,60751102,XR1,7.29
Leukocytes,L2,60751102,XR1,7.18
Leukocytes,L2,60751102,XR1,7.1
Leukocytes,L2,60751102,XR1,7.41
Leukocytes,L2,60751102,XR1,7.4
Leukocytes,L2,60751102,XR1,7.17
Leukocytes,L2,60751102,XR1,7.33
Leukocytes,L2,60751102,XR1,7.3
Leukocytes,L2,60751102,XR1,7.36
Leukocytes,L2,60751102,XR1,7.31
Leukocytes,L2,60751102,XR1,7.32
Leukocytes,L2,60751102,XR1,7.23
Leukocytes,L2,60751102,XR1,7.18
Leukocytes,L2,60751102,XR1,7.29
Leukocytes,L2,60751102,XR1,7.26
Leukocytes,L2,60751102,XR1,7.07
Leukocytes,L2,60751102,XR1,7.17
Leukocytes,L2,60751102,XR1,7.19
Leukocytes,L2,60751102,XR1,7.08
Leukocytes,L2,60751102,XR1,7.13
Leukocytes,L2,60751102,XR1,7.25
Leukocytes,L2,60751102,XR1,7.15
Leukocytes,L2,60751102,XR1,7.25
Leukocytes,L2,60751102,XR1,7.12
Leukocytes,L2,60751102,XR1,7.25
Leukocytes,L2,60751102,XR1,7.25
Leukocytes,L2,60751102,XR1,7.07
Leukocytes,L2,60751102,XR1,7.14
Leukocytes,L2,60751102,XR1,7.51
Leukocytes,L2,60751102,XR1,7.23
Leukocytes,L2,60751102,XR1,7.04
Leukocytes,L2,60751102,XR1,7.18
Leukocytes,L2,60751102,XR1,7.34
Leukocytes,L2,60751102,XR1,7.28
Leukocytes,L2,60751102,XR1,7.2
Leukocytes,L2,60751102,XR1,7.39
Leukocytes,L2,60751102,XR1,7.35
Leukocytes,L2,60751102,XR1,7.37
Leukocytes,L2,60751102,XR1,7.12
Leukocytes,L2,60751102,XR1,7.42
Leukocytes,L2,60751102,XR1,7.24
Leukocytes,L2,61311102,XR1,7.31
Leukocytes,L2,61311102,XR1,7.25
Leukocytes,L2,61311102,XR1,7.11
Leukocytes,L2,61311102,XR1,7.11
Leukocytes,L2,61311102,XR1,7.04
Leukocytes,L2,61311102,XR1,7.03
Leukocytes,L2,61311102,XR1,6.92
Leukocytes,L2,61311102,XR1,7.08
Leukocytes,L2,61311102,XR1,6.99
Leukocytes,L2,61311102,XR1,6.96
Leukocytes,L2,61311102,XR1,7.0
Leukocytes,L2,61311102,XR1,6.96
Leukocytes,L2,61311102,XR1,6.97
Leukocytes,L2,61311102,XR1,7.23
Leukocytes,L2,61311102,XR1,7.03
Leukocytes,L2,61311102,XR1,7.14
Leukocytes,L2,61311102,XR1,7.05
Leukocytes,L2,61311102,XR1,7.03
Leukocytes,L2,61311102,XR1,7.04
Leukocytes,L2,61311102,XR1,7.12
Leukocytes,L2,61311102,XR1,7.09
Leukocytes,L2,61311102,XR1,7.06
Leukocytes,L2,61311102,XR1,7.13
Leukocytes,L2,61311102,XR1,7.14
Leukocytes,L2,61311102,XR1,7.03
Leukocytes,L2,61311102,XR1,7.31
Leukocytes,L2,61311102,XR1,7.19
Leukocytes,L2,61311102,XR1,6.88
Leukocytes,L2,61311102,XR1,7.14
Leukocytes,L2,61311102,XR1,6.95
Leukocytes,L2,61311102,XR1,7.05
Leukocytes,L2,61311102,XR1,7.05
Leukocytes,L2,61311102,XR1,7.03
Leukocytes,L2,61311102,XR1,6.9
Leukocytes,L2,61311102,XR1,7.06
Leukocytes,L2,61311102,XR1,7.06
Leukocytes,L2,61311102,XR1,6.97
Leukocytes,L2,61311102,XR1,7.08
Leukocytes,L2,61311102,XR1,6.96
Leukocytes,L2,61311102,XR1,7.06
Leukocytes,L2,61311102,XR1,7.3
Leukocytes,L2,61311102,XR1,7.19
Leukocytes,L2,61311102,XR1,7.15
Leukocytes,L2,61311102,XR1,7.07
Leukocytes,L2,61311102,XR1,7.16
Leukocytes,L2,61311102,XR1,7.09
Leukocytes,L2,61311102,XR1,7.05
Leukocytes,L2,61311102,XR1,7.05
Leukocytes,L2,61311102,XR1,7.05
Leukocytes,L2,61311102,XR1,7.09
Leukocytes,L2,61311102,XR1,7.28
Leukocytes,L2,61311102,XR1,7.2
Leukocytes,L2,61311102,XR1,6.97
Leukocytes,L2,61311102,XR1,7.13
Leukocytes,L2,61311102,XR1,6.95
Leukocytes,L2,61311102,XR1,7.16
Leukocytes,L2,61311102,XR1,6.95
Leukocytes,L2,61311102,XR1,6.94
Leukocytes,L2,61311102,XR1,7.11
Leukocytes,L2,61311102,XR1,7.17
Leukocytes,L2,61311102,XR1,7.05
Leukocytes,L2,61311102,XR1,7.09
Leukocytes,L2,61311102,XR1,7.17
Leukocytes,L2,61311102,XR1,6.9
Leukocytes,L2,61311102,XR1,7.27
Leukocytes,L2,61311102,XR1,7.13
Leukocytes,L2,61311102,XR1,7.12
Leukocytes,L2,61311102,XR1,7.04
Leukocytes,L2,61311102,XR1,6.83
Leukocytes,L2,61311102,XR1,7.1
Leukocytes,L2,61311102,XR1,7.01
Leukocytes,L2,61311102,XR1,7.1
Leukocytes,L2,61311102,XR1,7.09
Leukocytes,L2,61311102,XR1,6.98
Leukocytes,L2,61311102,XR1,6.99
Leukocytes,L2,61311102,XR1,6.98
Leukocytes,L2,61311102,XR1,6.98
Leukocytes,L2,61311102,XR1,7.14
Leukocytes,L2,61311102,XR1,7.04
Leukocytes,L2,61311102,XR1,7.14
Leukocytes,L2,61311102,XR1,6.85
Leukocytes,L2,61311102,XR1,7.01
Leukocytes,L2,61311102,XR1,7.31
Leukocytes,L2,61311102,XR1,7.07
Leukocytes,L2,61311102,XR1,7.13
Leukocytes,L2,61311102,XR1,7.08
Leukocytes,L2,61311102,XR1,7.04
Leukocytes,L2,61311102,XR1,7.01
Leukocytes,L2,61311102,XR1,7.01
Leukocytes,L2,61311102,XR1,7.07
Leukocytes,L2,61311102,XR1,6.87
Leukocytes,L2,61311102,XR1,6.88
Leukocytes,L2,61311102,XR1,6.92
Leukocytes,L2,61311102,XR1,6.88
Leukocytes,L2,61311102,XR1,6.94
Leukocytes,L2,61311102,XR1,6.92
Leukocytes,L2,61311102,XR1,7.0
Leukocytes,L2,61311102,XR1,7.04
Leukocytes,L2,61311102,XR1,7.01
Leukocytes,L2,61311102,XR1,7.01
Leukocytes,L2,61311102,XR1,7.05
Leukocytes,L2,61311102,XR1,6.96
Leukocytes,L2,61311102,XR1,6.99
Leukocytes,L2,61311102,XR1,7.09
Leukocytes,L2,61311102,XR1,7.1
Leukocytes,L2,61311102,XR1,6.89
Leukocytes,L2,61311102,XR1,6.96
Leukocytes,L2,61311102,XR1,6.86
Leukocytes,L2,61311102,XR1,6.8
Leukocytes,L2,61311102,XR1,6.88
Leukocytes,L2,61311102,XR1,6.75
Leukocytes,L2,61311102,XR1,6.96
Leukocytes,L2,61311102,XR1,7.0
Leukocytes,L2,61311102,XR1,6.83
Leukocytes,L2,61311102,XR1,6.89
Leukocytes,L2,61311102,XR1,6.88
Leukocytes,L2,61311102,XR1,7.06
Leukocytes,L2,61311102,XR1,6.95
Leukocytes,L2,61311102,XR1,7.14
Leukocytes,L2,61311102,XR1,6.98
Leukocytes,L2,61311102,XR1,6.84
Leukocytes,L2,61311102,XR1,6.92
Leukocytes,L2,61311102,XR1,6.9
Leukocytes,L2,61311102,XR1,6.89
Leukocytes,L2,61311102,XR1,6.82
Leukocytes,L2,61311102,XR1,7.15
Leukocytes,L2,61311102,XR1,6.93
Leukocytes,L2,61311102,XR1,6.88
Leukocytes,L2,61311102,XR1,7.05
Leukocytes,L2,61311102,XR1,6.86
Leukocytes,L2,61311102,XR1,6.94
Leukocytes,L2,61311102,XR1,6.9
Leukocytes,L2,61311102,XR1,6.86
Leukocytes,L2,61311102,XR1,6.89
Leukocytes,L2,61311102,XR1,7.03
Leukocytes,L2,61311102,XR1,6.75
Leukocytes,L2,61311102,XR1,7.07
Leukocytes,L2,61311102,XR1,6.89
Leukocytes,L2,61311102,XR1,6.9
Leukocytes,L2,61311102,XR1,7.03
Leukocytes,L2,61311102,XR1,6.85
Leukocytes,L2,61311102,XR1,6.88
Leukocytes,L2,61311102,XR1,6.83
Leukocytes,L2,61311102,XR1,6.95
Leukocytes,L3,53281103,XR1,16.6
Leukocytes,L3,53281103,XR1,16.7
Leukocytes,L3,53281103,XR1,16.77
Leukocytes,L3,53281103,XR1,16.7
Leukocytes,L3,53281103,XR1,16.39
Leukocytes,L3,53281103,XR1,16.87
Leukocytes,L3,53281103,XR1,16.72
Leukocytes,L3,53281103,XR1,16.74
Leukocytes,L3,53281103,XR1,16.73
Leukocytes,L3,53281103,XR1,16.68
Leukocytes,L3,53281103,XR1,16.66
Leukocytes,L3,53281103,XR1,16.66
Leukocytes,L3,53281103,XR1,16.89
Leukocytes,L3,53281103,XR1,16.74
Leukocytes,L3,53281103,XR1,16.88
Leukocytes,L3,53281103,XR1,16.95
Leukocytes,L3,53281103,XR1,16.63
Leukocytes,L3,53281103,XR1,16.68
Leukocytes,L3,53281103,XR1,16.69
Leukocytes,L3,53281103,XR1,16.68
Leukocytes,L3,53281103,XR1,16.92
Leukocytes,L3,53281103,XR1,16.77
Leukocytes,L3,53281103,XR1,16.67
Leukocytes,L3,53281103,XR1,16.54
Leukocytes,L3,53281103,XR1,16.42
Leukocytes,L3,53281103,XR1,17.0
Leukocytes,L3,53281103,XR1,16.66
Leukocytes,L3,53281103,XR1,16.71
Leukocytes,L3,53281103,XR1,16.65
Leukocytes,L3,53281103,XR1,17.01
Leukocytes,L3,53281103,XR1,16.2
Leukocytes,L3,53281103,XR1,16.2
Leukocytes,L3,53281103,XR1,16.49
Leukocytes,L3,53281103,XR1,16.4
Leukocytes,L3,53281103,XR1,16.47
Leukocytes,L3,53281103,XR1,16.45
Leukocytes,L3,53281103,XR1,16.91
Leukocytes,L3,53281103,XR1,16.22
Leukocytes,L3,53281103,XR1,16.58
Leukocytes,L3,53281103,XR1,16.59
Leukocytes,L3,53281103,XR1,16.85
Leukocytes,L3,53281103,XR1,16.94
Leukocytes,L3,53281103,XR1,16.76
Leukocytes,L3,53281103,XR1,16.91
Leukocytes,L3,53281103,XR1,16.17
Leukocytes,L3,53281103,XR1,16.66
Leukocytes,L3,53281103,XR1,16.64
Leukocytes,L3,53281103,XR1,16.67
Leukocytes,L3,53281103,XR1,16.8
Leukocytes,L3,53281103,XR1,16.66
Leukocytes,L3,53281103,XR1,16.77
Leukocytes,L3,53281103,XR1,17.18
Leukocytes,L3,53281103,XR1,16.76
Leukocytes,L3,60191103,XR1,16.74
Leukocytes,L3,60191103,XR1,16.5
Leukocytes,L3,60191103,XR1,16.22
Leukocytes,L3,60191103,XR1,16.32
Leukocytes,L3,60191103,XR1,16.51
Leukocytes,L3,60191103,XR1,16.36
Leukocytes,L3,60191103,XR1,16.19
Leukocytes,L3,60191103,XR1,16.37
Leukocytes,L3,60191103,XR1,16.65
Leukocytes,L3,60191103,XR1,16.44
Leukocytes,L3,60191103,XR1,16.13
Leukocytes,L3,60191103,XR1,16.44
Leukocytes,L3,60191103,XR1,16.76
Leukocytes,L3,60191103,XR1,16.54
Leukocytes,L3,60191103,XR1,16.15
Leukocytes,L3,60191103,XR1,16.23
Leukocytes,L3,60191103,XR1,16.45
Leukocytes,L3,60191103,XR1,16.66
Leukocytes,L3,60191103,XR1,16.64
Leukocytes,L3,60191103,XR1,16.25
Leukocytes,L3,60191103,XR1,16.42
Leukocytes,L3,60191103,XR1,16.22
Leukocytes,L3,60191103,XR1,16.37
Leukocytes,L3,60191103,XR1,16.45
Leukocytes,L3,60191103,XR1,16.23
Leukocytes,L3,60191103,XR1,16.42
Leukocytes,L3,60191103,XR1,16.14
Leukocytes,L3,60191103,XR1,15.36
Leukocytes,L3,60191103,XR1,16.02
Leukocytes,L3,60191103,XR1,15.77
Leukocytes,L3,60191103,XR1,16.59
Leukocytes,L3,60191103,XR1,16.16
Leukocytes,L3,60191103,XR1,16.29
Leukocytes,L3,60191103,XR1,15.18
Leukocytes,L3,60191103,XR1,15.1
Leukocytes,L3,60191103,XR1,15.54
Leukocytes,L3,60191103,XR1,16.2
Leukocytes,L3,60191103,XR1,16.21
Leukocytes,L3,60191103,XR1,16.24
Leukocytes,L3,60191103,XR1,16.12
Leukocytes,L3,60191103,XR1,14.77
Leukocytes,L3,60191103,XR1,15.14
Leukocytes,L3,60191103,XR1,16.36
Leukocytes,L3,60191103,XR1,16.01
Leukocytes,L3,60191103,XR1,16.32
Leukocytes,L3,60191103,XR1,16.25
Leukocytes,L3,60191103,XR1,16.38
Leukocytes,L3,60191103,XR1,16.49
Leukocytes,L3,60191103,XR1,16.6
Leukocytes,L3,60191103,XR1,16.51
Leukocytes,L3,60191103,XR1,16.37
Leukocytes,L3,60191103,XR1,16.57
Leukocytes,L3,60191103,XR1,16.44
Leukocytes,L3,60191103,XR1,16.51
Leukocytes,L3,60191103,XR1,16.75
Leukocytes,L3,60191103,XR1,16.59
Leukocytes,L3,60191103,XR1,16.61
Leukocytes,L3,60191103,XR1,16.39
Leukocytes,L3,60191103,XR1,16.58
Leukocytes,L3,60191103,XR1,16.3
Leukocytes,L3,60191103,XR1,16.89
Leukocytes,L3,60191103,XR1,16.44
Leukocytes,L3,60191103,XR1,16.63
Leukocytes,L3,60191103,XR1,16.58
Leukocytes,L3,60191103,XR1,16.69
Leukocytes,L3,60191103,XR1,16.48
Leukocytes,L3,60191103,XR1,17.09
Leukocytes,L3,60191103,XR1,16.63
Leukocytes,L3,60191103,XR1,16.57
Leukocytes,L3,60191103,XR1,16.53
Leukocytes,L3,60191103,XR1,16.48
Leukocytes,L3,60191103,XR1,16.86
Leukocytes,L3,60191103,XR1,16.72
Leukocytes,L3,60191103,XR1,16.71
Leukocytes,L3,60191103,XR1,16.68
Leukocytes,L3,60191103,XR1,16.75
Leukocytes,L3,60191103,XR1,16.67
Leukocytes,L3,60191103,XR1,16.28
Leukocytes,L3,60191103,XR1,16.74
Leukocytes,L3,60191103,XR1,16.58
Leukocytes,L3,60191103,XR1,16.81
Leukocytes,L3,60191103,XR1,16.83
Leukocytes,L3,60191103,XR1,16.51
Leukocytes,L3,60191103,XR1,16.71
Leukocytes,L3,60191103,XR1,16.45
Leukocytes,L3,60191103,XR1,16.77
Leukocytes,L3,60191103,XR1,16.59
Leukocytes,L3,60191103,XR1,16.75
Leukocytes,L3,60191103,XR1,16.64
Leukocytes,L3,60191103,XR1,16.18
Leukocytes,L3,60191103,XR1,16.66
Leukocytes,L3,60191103,XR1,16.6
Leukocytes,L3,60191103,XR1,16.51
Leukocytes,L3,60191103,XR1,16.46
Leukocytes,L3,60191103,XR1,16.55
Leukocytes,L3,60191103,XR1,16.74
Leukocytes,L3,60191103,XR1,16.58
Leukocytes,L3,60191103,XR1,16.57
Leukocytes,L3,60191103,XR1,16.74
Leukocytes,L3,60191103,XR1,16.53
Leukocytes,L3,60191103,XR1,16.9
Leukocytes,L3,60191103,XR1,16.34
Leukocytes,L3,60191103,XR1,16.5
Leukocytes,L3,60191103,XR1,16.72
Leukocytes,L3,60191103,XR1,16.58
Leukocytes,L3,60191103,XR1,16.75
Leukocytes,L3,60191103,XR1,16.69
Leukocytes,L3,60191103,XR1,16.35
Leukocytes,L3,60191103,XR1,16.62
Leukocytes,L3,60191103,XR1,16.61
Leukocytes,L3,60191103,XR1,16.7
Leukocytes,L3,60191103,XR1,16.72
Leukocytes,L3,60191103,XR1,16.64
Leukocytes,L3,60751103,XR1,17.28
Leukocytes,L3,60751103,XR1,17.16
Leukocytes,L3,60751103,XR1,17.03
Leukocytes,L3,60751103,XR1,17.05
Leukocytes,L3,60751103,XR1,17.19
Leukocytes,L3,60751103,XR1,17.04
Leukocytes,L3,60751103,XR1,16.8
Leukocytes,L3,60751103,XR1,17.0
Leukocytes,L3,60751103,XR1,17.47
Leukocytes,L3,60751103,XR1,17.25
Leukocytes,L3,60751103,XR1,17.14
Leukocytes,L3,60751103,XR1,17.25
Leukocytes,L3,60751103,XR1,16.78
Leukocytes,L3,60751103,XR1,16.56
Leukocytes,L3,60751103,XR1,17.08
Leukocytes,L3,60751103,XR1,16.79
Leukocytes,L3,60751103,XR1,17.09
Leukocytes,L3,60751103,XR1,17.22
Leukocytes,L3,60751103,XR1,17.19
Leukocytes,L3,60751103,XR1,17.02
Leukocytes,L3,60751103,XR1,16.89
Leukocytes,L3,60751103,XR1,16.62
Leukocytes,L3,60751103,XR1,16.92
Leukocytes,L3,60751103,XR1,17.08
Leukocytes,L3,60751103,XR1,17.13
Leukocytes,L3,60751103,XR1,17.14
Leukocytes,L3,60751103,XR1,17.15
Leukocytes,L3,60751103,XR1,16.37
Leukocytes,L3,60751103,XR1,16.82
Leukocytes,L3,60751103,XR1,16.98
Leukocytes,L3,60751103,XR1,16.82
Leukocytes,L3,60751103,XR1,17.45
Leukocytes,L3,60751103,XR1,16.97
Leukocytes,L3,60751103,XR1,17.13
Leukocytes,L3,60751103,XR1,17.08
Leukocytes,L3,60751103,XR1,15.78
Leukocytes,L3,60751103,XR1,15.89
Leukocytes,L3,60751103,XR1,17.38
Leukocytes,L3,60751103,XR1,17.04
Leukocytes,L3,60751103,XR1,16.81
Leukocytes,L3,60751103,XR1,16.82
Leukocytes,L3,60751103,XR1,17.12
Leukocytes,L3,60751103,XR1,16.99
Leukocytes,L3,60751103,XR1,17.15
Leukocytes,L3,60751103,XR1,17.15
Leukocytes,L3,60751103,XR1,15.98
Leukocytes,L3,60751103,XR1,16.9
Leukocytes,L3,60751103,XR1,17.45
Leukocytes,L3,60751103,XR1,17.04
Leukocytes,L3,60751103,XR1,17.12
Leukocytes,L3,60751103,XR1,17.0
Leukocytes,L3,60751103,XR1,17.27
Leukocytes,L3,60751103,XR1,16.91
Leukocytes,L3,60751103,XR1,17.37
Leukocytes,L3,60751103,XR1,15.8
Leukocytes,L3,60751103,XR1,16.99
Leukocytes,L3,60751103,XR1,17.02
Leukocytes,L3,60751103,XR1,17.04
Leukocytes,L3,60751103,XR1,17.32
Leukocytes,L3,60751103,XR1,16.93
Leukocytes,L3,60751103,XR1,16.87
Leukocytes,L3,60751103,XR1,17.19
Leukocytes,L3,60751103,XR1,17.02
Leukocytes,L3,60751103,XR1,17.19
Leukocytes,L3,60751103,XR1,17.25
Leukocytes,L3,60751103,XR1,16.91
Leukocytes,L3,60751103,XR1,16.98
Leukocytes,L3,60751103,XR1,17.1
Leukocytes,L3,60751103,XR1,17.13
Leukocytes,L3,60751103,XR1,16.9
Leukocytes,L3,60751103,XR1,17.04
Leukocytes,L3,60751103,XR1,16.85
Leukocytes,L3,60751103,XR1,17.2
Leukocytes,L3,60751103,XR1,17.17
Leukocytes,L3,60751103,XR1,17.09
Leukocytes,L3,60751103,XR1,16.95
Leukocytes,L3,60751103,XR1,17.19
Leukocytes,L3,60751103,XR1,17.12
Leukocytes,L3,60751103,XR1,17.04
Leukocytes,L3,60751103,XR1,17.19
Leukocytes,L3,60751103,XR1,17.22
Leukocytes,L3,60751103,XR1,17.02
Leukocytes,L3,60751103,XR1,16.79
Leukocytes,L3,60751103,XR1,17.0
Leukocytes,L3,60751103,XR1,16.97
Leukocytes,L3,60751103,XR1,17.02
Leukocytes,L3,60751103,XR1,17.27
Leukocytes,L3,60751103,XR1,16.84
Leukocytes,L3,60751103,XR1,17.07
Leukocytes,L3,60751103,XR1,16.83
Leukocytes,L3,60751103,XR1,16.82
Leukocytes,L3,60751103,XR1,16.8
Leukocytes,L3,60751103,XR1,16.81
Leukocytes,L3,60751103,XR1,17.16
Leukocytes,L3,60751103,XR1,16.97
Leukocytes,L3,60751103,XR1,17.34
Leukocytes,L3,60751103,XR1,16.66
Leukocytes,L3,60751103,XR1,16.92
Leukocytes,L3,60751103,XR1,16.66
Leukocytes,L3,60751103,XR1,16.91
Leukocytes,L3,60751103,XR1,17.03
Leukocytes,L3,60751103,XR1,17.13
Leukocytes,L3,60751103,XR1,17.02
Leukocytes,L3,60751103,XR1,17.22
Leukocytes,L3,60751103,XR1,16.75
Leukocytes,L3,60751103,XR1,17.15
Leukocytes,L3,60751103,XR1,16.87
Leukocytes,L3,60751103,XR1,16.94
Leukocytes,L3,60751103,XR1,17.29
Leukocytes,L3,60751103,XR1,17.24
Leukocytes,L3,60751103,XR1,17.21
Leukocytes,L3,60751103,XR1,17.0
Leukocytes,L3,60751103,XR1,17.04
Leukocytes,L3,61311103,XR1,17.48
Leukocytes,L3,61311103,XR1,17.23
Leukocytes,L3,61311103,XR1,17.54
Leukocytes,L3,61311103,XR1,17.21
Leukocytes,L3,61311103,XR1,17.15
Leukocytes,L3,61311103,XR1,17.34
Leukocytes,L3,61311103,XR1,17.35
Leukocytes,L3,61311103,XR1,16.91
Leukocytes,L3,61311103,XR1,17.57
Leukocytes,L3,61311103,XR1,17.4
Leukocytes,L3,61311103,XR1,17.29
Leukocytes,L3,61311103,XR1,16.94
Leukocytes,L3,61311103,XR1,17.57
Leukocytes,L3,61311103,XR1,17.02
Leukocytes,L3,61311103,XR1,17.16
Leukocytes,L3,61311103,XR1,17.16
Leukocytes,L3,61311103,XR1,17.34
Leukocytes,L3,61311103,XR1,17.21
Leukocytes,L3,61311103,XR1,17.37
Leukocytes,L3,61311103,XR1,17.21
Leukocytes,L3,61311103,XR1,17.42
Leukocytes,L3,61311103,XR1,16.97
Leukocytes,L3,61311103,XR1,17.44
Leukocytes,L3,61311103,XR1,17.41
Leukocytes,L3,61311103,XR1,17.15
Leukocytes,L3,61311103,XR1,17.15
Leukocytes,L3,61311103,XR1,17.31
Leukocytes,L3,61311103,XR1,17.36
Leukocytes,L3,61311103,XR1,17.41
Leukocytes,L3,61311103,XR1,17.19
Leukocytes,L3,61311103,XR1,17.0
Leukocytes,L3,61311103,XR1,17.1
Leukocytes,L3,61311103,XR1,17.62
Leukocytes,L3,61311103,XR1,17.59
Leukocytes,L3,61311103,XR1,17.23
Leukocytes,L3,61311103,XR1,17.28
Leukocytes,L3,61311103,XR1,17.15
Leukocytes,L3,61311103,XR1,17.29
Leukocytes,L3,61311103,XR1,17.1
Leukocytes,L3,61311103,XR1,17.46
Leukocytes,L3,61311103,XR1,17.16
Leukocytes,L3,61311103,XR1,17.29
Leukocytes,L3,61311103,XR1,17.17
Leukocytes,L3,61311103,XR1,17.62
Leukocytes,L3,61311103,XR1,17.18
Leukocytes,L3,61311103,XR1,17.35
Leukocytes,L3,61311103,XR1,17.51
Leukocytes,L3,61311103,XR1,17.16
Leukocytes,L3,61311103,XR1,17.35
Leukocytes,L3,61311103,XR1,17.26
Leukocytes,L3,61311103,XR1,17.23
Leukocytes,L3,61311103,XR1,17.2
Leukocytes,L3,61311103,XR1,17.38
Leukocytes,L3,61311103,XR1,17.32
Leukocytes,L3,61311103,XR1,17.51
Leukocytes,L3,61311103,XR1,17.49
Leukocytes,L3,61311103,XR1,17.25
Leukocytes,L3,61311103,XR1,17.28
Leukocytes,L3,61311103,XR1,16.83
Leukocytes,L3,61311103,XR1,16.92
Leukocytes,L3,61311103,XR1,16.8
Leukocytes,L3,61311103,XR1,16.75
Leukocytes,L3,61311103,XR1,17.21
Leukocytes,L3,61311103,XR1,16.93
Leukocytes,L3,61311103,XR1,17.12
Leukocytes,L3,61311103,XR1,16.85
Leukocytes,L3,61311103,XR1,16.88
Leukocytes,L3,61311103,XR1,16.84
Leukocytes,L3,61311103,XR1,16.8
Leukocytes,L3,61311103,XR1,17.03
Leukocytes,L3,61311103,XR1,16.94
Leukocytes,L3,61311103,XR1,17.0
Leukocytes,L3,61311103,XR1,17.21
Leukocytes,L3,61311103,XR1,16.72
Leukocytes,L3,61311103,XR1,16.85
Leukocytes,L3,61311103,XR1,17.16
Leukocytes,L3,61311103,XR1,16.81
Leukocytes,L3,61311103,XR1,16.87
Leukocytes,L3,61311103,XR1,16.97
Leukocytes,L3,61311103,XR1,16.86
Leukocytes,L3,61311103,XR1,16.89
Leukocytes,L3,61311103,XR1,17.26
Leukocytes,L3,61311103,XR1,17.07
Leukocytes,L3,61311103,XR1,16.79
Leukocytes,L3,61311103,XR1,16.94
Leukocytes,L3,61311103,XR1,17.23
Leukocytes,L3,61311103,XR1,17.16
Leukocytes,L3,61311103,XR1,16.89
Leukocytes,L3,61311103,XR1,16.89
Leukocytes,L3,61311103,XR1,16.92
Leukocytes,L3,61311103,XR1,17.15
Leukocytes,L3,61311103,XR1,17.3
Leukocytes,L3,61311103,XR1,16.85
Leukocytes,L3,61311103,XR1,17.01
Leukocytes,L3,61311103,XR1,16.94
Leukocytes,L1,53281101,XR2,3.12
Leukocytes,L1,53281101,XR2,3.17
Leukocytes,L1,53281101,XR2,3.1
Leukocytes,L1,53281101,XR2,3.02
Leukocytes,L1,53281101,XR2,3.26
Leukocytes,L1,53281101,XR2,3.1
Leukocytes,L1,53281101,XR2,3.06
Leukocytes,L1,53281101,XR2,3.1
Leukocytes,L1,53281101,XR2,3.05
Leukocytes,L1,53281101,XR2,3.12
Leukocytes,L1,53281101,XR2,2.99
Leukocytes,L1,53281101,XR2,3.04
Leukocytes,L1,53281101,XR2,3.06
Leukocytes,L1,53281101,XR2,3.19
Leukocytes,L1,53281101,XR2,3.02
Leukocytes,L1,53281101,XR2,3.18
Leukocytes,L1,53281101,XR2,3.22
Leukocytes,L1,53281101,XR2,3.19
Leukocytes,L1,53281101,XR2,3.11
Leukocytes,L1,53281101,XR2,3.1
Leukocytes,L1,53281101,XR2,3.18
Leukocytes,L1,53281101,XR2,3.14
Leukocytes,L1,53281101,XR2,2.99
Leukocytes,L1,53281101,XR2,3.06
Leukocytes,L1,53281101,XR2,3.04
Leukocytes,L1,53281101,XR2,3.08
Leukocytes,L1,53281101,XR2,2.98
Leukocytes,L1,53281101,XR2,3.1
Leukocytes,L1,53281101,XR2,3.17
Leukocytes,L1,53281101,XR2,3.09
Leukocytes,L1,53281101,XR2,3.07
Leukocytes,L1,53281101,XR2,3.1
Leukocytes,L1,53281101,XR2,3.01
Leukocytes,L1,53281101,XR2,3.21
Leukocytes,L1,53281101,XR2,3.08
Leukocytes,L1,53281101,XR2,3.19
Leukocytes,L1,53281101,XR2,3.0
Leukocytes,L1,53281101,XR2,3.02
Leukocytes,L1,53281101,XR2,3.09
Leukocytes,L1,53281101,XR2,3.08
Leukocytes,L1,53281101,XR2,3.07
Leukocytes,L1,53281101,XR2,3.16
Leukocytes,L1,53281101,XR2,3.04
Leukocytes,L1,53281101,XR2,3.2
Leukocytes,L1,53281101,XR2,3.04
Leukocytes,L1,53281101,XR2,3.15
Leukocytes,L1,53281101,XR2,3.08
Leukocytes,L1,53281101,XR2,3.06
Leukocytes,L1,53281101,XR2,3.13
Leukocytes,L1,53281101,XR2,3.16
Leukocytes,L1,53281101,XR2,2.95
Leukocytes,L1,53281101,XR2,2.92
Leukocytes,L1,53281101,XR2,3.03
Leukocytes,L1,53281101,XR2,3.15
Leukocytes,L1,53281101,XR2,3.19
Leukocytes,L1,60191101,XR2,3.16
Leukocytes,L1,53281101,XR2,3.11
Leukocytes,L1,53281101,XR2,3.06
Leukocytes,L1,60191101,XR2,3.13
Leukocytes,L1,60191101,XR2,3.12
Leukocytes,L1,60191101,XR2,3.23
Leukocytes,L1,60191101,XR2,3.19
Leukocytes,L1,60191101,XR2,3.25
Leukocytes,L1,60191101,XR2,3.22
Leukocytes,L1,60191101,XR2,3.17
Leukocytes,L1,60191101,XR2,3.09
Leukocytes,L1,60191101,XR2,3.08
Leukocytes,L1,60191101,XR2,3.12
Leukocytes,L1,60191101,XR2,3.17
Leukocytes,L1,60191101,XR2,3.21
Leukocytes,L1,60191101,XR2,3.22
Leukocytes,L1,60191101,XR2,3.11
Leukocytes,L1,60191101,XR2,3.14
Leukocytes,L1,60191101,XR2,3.16
Leukocytes,L1,60191101,XR2,3.23
Leukocytes,L1,60191101,XR2,3.09
Leukocytes,L1,60191101,XR2,3.19
Leukocytes,L1,60191101,XR2,3.22
Leukocytes,L1,60191101,XR2,3.15
Leukocytes,L1,60191101,XR2,3.15
Leukocytes,L1,60191101,XR2,3.06
Leukocytes,L1,60191101,XR2,3.13
Leukocytes,L1,60191101,XR2,3.1
Leukocytes,L1,60191101,XR2,3.15
Leukocytes,L1,60191101,XR2,3.25
Leukocytes,L1,60191101,XR2,3.05
Leukocytes,L1,60191101,XR2,3.1
Leukocytes,L1,60191101,XR2,3.07
Leukocytes,L1,60191101,XR2,3.12
Leukocytes,L1,60191101,XR2,3.14
Leukocytes,L1,60191101,XR2,3.1
Leukocytes,L1,60191101,XR2,3.05
Leukocytes,L1,60191101,XR2,3.16
Leukocytes,L1,60191101,XR2,3.3
Leukocytes,L1,60191101,XR2,3.17
Leukocytes,L1,60191101,XR2,3.08
Leukocytes,L1,60191101,XR2,3.14
Leukocytes,L1,60191101,XR2,3.14
Leukocytes,L1,60191101,XR2,3.11
Leukocytes,L1,60191101,XR2,3.16
Leukocytes,L1,60191101,XR2,3.19
Leukocytes,L1,60191101,XR2,3.11
Leukocytes,L1,60191101,XR2,3.16
Leukocytes,L1,60191101,XR2,3.17
Leukocytes,L1,60191101,XR2,3.17
Leukocytes,L1,60191101,XR2,3.18
Leukocytes,L1,60191101,XR2,3.22
Leukocytes,L1,60191101,XR2,3.08
Leukocytes,L1,60191101,XR2,3.09
Leukocytes,L1,60191101,XR2,3.12
Leukocytes,L1,60191101,XR2,3.11
Leukocytes,L1,60191101,XR2,3.2
Leukocytes,L1,60191101,XR2,3.13
Leukocytes,L1,60191101,XR2,3.18
Leukocytes,L1,60191101,XR2,3.19
Leukocytes,L1,60191101,XR2,3.03
Leukocytes,L1,60191101,XR2,3.13
Leukocytes,L1,60191101,XR2,3.21
Leukocytes,L1,60191101,XR2,3.2
Leukocytes,L1,60191101,XR2,3.09
Leukocytes,L1,60191101,XR2,3.11
Leukocytes,L1,60191101,XR2,3.19
Leukocytes,L1,60191101,XR2,3.15
Leukocytes,L1,60191101,XR2,3.2
Leukocytes,L1,60191101,XR2,3.02
Leukocytes,L1,60191101,XR2,3.17
Leukocytes,L1,60191101,XR2,3.14
Leukocytes,L1,60191101,XR2,3.12
Leukocytes,L1,60191101,XR2,3.03
Leukocytes,L1,60191101,XR2,3.12
Leukocytes,L1,60191101,XR2,3.17
Leukocytes,L1,60191101,XR2,3.16
Leukocytes,L1,60191101,XR2,3.13
Leukocytes,L1,60191101,XR2,3.04
Leukocytes,L1,60191101,XR2,3.13
Leukocytes,L1,60191101,XR2,3.12
Leukocytes,L1,60191101,XR2,3.18
Leukocytes,L1,60191101,XR2,3.09
Leukocytes,L1,60191101,XR2,3.1
Leukocytes,L1,60191101,XR2,3.17
Leukocytes,L1,60191101,XR2,3.16
Leukocytes,L1,60191101,XR2,3.18
Leukocytes,L1,60191101,XR2,3.11
Leukocytes,L1,60191101,XR2,3.19
Leukocytes,L1,60191101,XR2,3.14
Leukocytes,L1,60191101,XR2,3.14
Leukocytes,L1,60191101,XR2,3.04
Leukocytes,L1,60191101,XR2,3.3
Leukocytes,L1,60191101,XR2,3.11
Leukocytes,L1,60191101,XR2,3.19
Leukocytes,L1,60191101,XR2,3.12
Leukocytes,L1,60191101,XR2,3.09
Leukocytes,L1,60191101,XR2,3.11
Leukocytes,L1,60191101,XR2,3.12
Leukocytes,L1,60191101,XR2,3.05
Leukocytes,L1,60191101,XR2,3.11
Leukocytes,L1,60191101,XR2,3.17
Leukocytes,L1,60191101,XR2,3.23
Leukocytes,L1,60191101,XR2,3.08
Leukocytes,L1,60191101,XR2,3.14
Leukocytes,L1,60191101,XR2,3.11
Leukocytes,L1,60191101,XR2,3.1
Leukocytes,L1,60191101,XR2,3.12
Leukocytes,L1,60191101,XR2,3.1
Leukocytes,L1,60191101,XR2,3.07
Leukocytes,L1,60191101,XR2,3.18
Leukocytes,L1,60191101,XR2,3.12
Leukocytes,L1,60191101,XR2,3.13
Leukocytes,L1,60191101,XR2,3.19
Leukocytes,L1,60191101,XR2,3.11
Leukocytes,L1,60191101,XR2,3.12
Leukocytes,L1,60191101,XR2,3.0
Leukocytes,L1,60751101,XR2,3.13
Leukocytes,L1,60751101,XR2,3.23
Leukocytes,L1,60751101,XR2,3.13
Leukocytes,L1,60751101,XR2,3.17
Leukocytes,L1,60751101,XR2,3.08
Leukocytes,L1,60751101,XR2,3.12
Leukocytes,L1,60751101,XR2,3.18
Leukocytes,L1,60751101,XR2,3.09
Leukocytes,L1,60751101,XR2,3.07
Leukocytes,L1,60751101,XR2,3.16
Leukocytes,L1,60751101,XR2,3.06
Leukocytes,L1,60751101,XR2,3.12
Leukocytes,L1,60751101,XR2,3.23
Leukocytes,L1,60751101,XR2,3.02
Leukocytes,L1,60751101,XR2,3.1
Leukocytes,L1,60751101,XR2,3.03
Leukocytes,L1,60751101,XR2,3.05
Leukocytes,L1,60751101,XR2,3.13
Leukocytes,L1,60751101,XR2,3.17
Leukocytes,L1,60751101,XR2,3.14
Leukocytes,L1,60751101,XR2,3.12
Leukocytes,L1,60751101,XR2,3.06
Leukocytes,L1,60751101,XR2,3.11
Leukocytes,L1,60751101,XR2,3.3
Leukocytes,L1,60751101,XR2,3.14
Leukocytes,L1,60751101,XR2,3.22
Leukocytes,L1,60751101,XR2,3.16
Leukocytes,L1,60751101,XR2,3.17
Leukocytes,L1,60751101,XR2,3.19
Leukocytes,L1,60751101,XR2,3.09
Leukocytes,L1,60751101,XR2,3.26
Leukocytes,L1,60751101,XR2,3.16
Leukocytes,L1,60751101,XR2,3.08
Leukocytes,L1,60751101,XR2,3.11
Leukocytes,L1,60751101,XR2,3.15
Leukocytes,L1,60751101,XR2,3.15
Leukocytes,L1,60751101,XR2,3.15
Leukocytes,L1,60751101,XR2,2.97
Leukocytes,L1,60751101,XR2,3.09
Leukocytes,L1,60751101,XR2,3.12
Leukocytes,L1,60751101,XR2,3.18
Leukocytes,L1,60751101,XR2,3.13
Leukocytes,L1,60751101,XR2,3.12
Leukocytes,L1,60751101,XR2,3.04
Leukocytes,L1,60751101,XR2,3.22
Leukocytes,L1,60751101,XR2,3.09
Leukocytes,L1,60751101,XR2,3.17
Leukocytes,L1,60751101,XR2,3.17
Leukocytes,L1,60751101,XR2,3.13
Leukocytes,L1,60751101,XR2,3.17
Leukocytes,L1,60751101,XR2,3.13
Leukocytes,L1,60751101,XR2,3.23
Leukocytes,L1,60751101,XR2,3.11
Leukocytes,L1,60751101,XR2,3.18
Leukocytes,L1,60751101,XR2,3.01
Leukocytes,L1,60751101,XR2,3.14
Leukocytes,L1,60751101,XR2,3.08
Leukocytes,L1,60751101,XR2,2.98
Leukocytes,L1,60751101,XR2,3.02
Leukocytes,L1,60751101,XR2,3.15
Leukocytes,L1,60751101,XR2,3.06
Leukocytes,L1,60751101,XR2,3.03
Leukocytes,L1,60751101,XR2,3.03
Leukocytes,L1,60751101,XR2,3.08
Leukocytes,L1,60751101,XR2,3.13
Leukocytes,L1,60751101,XR2,3.06
Leukocytes,L1,60751101,XR2,3.16
Leukocytes,L1,60751101,XR2,3.1
Leukocytes,L1,60751101,XR2,3.09
Leukocytes,L1,60751101,XR2,3.11
Leukocytes,L1,60751101,XR2,3.23
Leukocytes,L1,60751101,XR2,3.12
Leukocytes,L1,60751101,XR2,3.02
Leukocytes,L1,60751101,XR2,3.07
Leukocytes,L1,60751101,XR2,2.99
Leukocytes,L1,60751101,XR2,3.12
Leukocytes,L1,60751101,XR2,3.08
Leukocytes,L1,60751101,XR2,3.01
Leukocytes,L1,60751101,XR2,3.14
Leukocytes,L1,60751101,XR2,3.0
Leukocytes,L1,60751101,XR2,3.14
Leukocytes,L1,60751101,XR2,3.09
Leukocytes,L1,60751101,XR2,3.18
Leukocytes,L1,60751101,XR2,3.13
Leukocytes,L1,60751101,XR2,3.08
Leukocytes,L1,60751101,XR2,3.0
Leukocytes,L1,60751101,XR2,3.24
Leukocytes,L1,60751101,XR2,3.08
Leukocytes,L1,60751101,XR2,3.17
Leukocytes,L1,60751101,XR2,3.11
Leukocytes,L1,60751101,XR2,3.02
Leukocytes,L1,60751101,XR2,3.21
Leukocytes,L1,60751101,XR2,3.15
Leukocytes,L1,60751101,XR2,3.23
Leukocytes,L1,60751101,XR2,3.13
Leukocytes,L1,60751101,XR2,3.09
Leukocytes,L1,60751101,XR2,3.14
Leukocytes,L1,60751101,XR2,3.17
Leukocytes,L1,60751101,XR2,3.1
Leukocytes,L1,60751101,XR2,3.15
Leukocytes,L1,60751101,XR2,3.02
Leukocytes,L1,60751101,XR2,3.14
Leukocytes,L1,60751101,XR2,3.09
Leukocytes,L1,60751101,XR2,3.11
Leukocytes,L1,60751101,XR2,3.17
Leukocytes,L1,60751101,XR2,3.16
Leukocytes,L1,60751101,XR2,3.18
Leukocytes,L1,60751101,XR2,3.11
Leukocytes,L1,60751101,XR2,3.09
Leukocytes,L1,60751101,XR2,3.14
Leukocytes,L1,60751101,XR2,3.12
Leukocytes,L1,60751101,XR2,3.11
Leukocytes,L1,60751101,XR2,3.22
Leukocytes,L1,60751101,XR2,3.07
Leukocytes,L1,60751101,XR2,3.13
Leukocytes,L1,60751101,XR2,3.09
Leukocytes,L1,61311101,XR2,3.14
Leukocytes,L1,61311101,XR2,3.13
Leukocytes,L1,61311101,XR2,3.15
Leukocytes,L1,61311101,XR2,3.18
Leukocytes,L1,61311101,XR2,3.29
Leukocytes,L1,61311101,XR2,3.18
Leukocytes,L1,61311101,XR2,3.12
Leukocytes,L1,61311101,XR2,3.05
Leukocytes,L1,61311101,XR2,3.13
Leukocytes,L1,61311101,XR2,3.16
Leukocytes,L1,61311101,XR2,3.26
Leukocytes,L1,61311101,XR2,3.11
Leukocytes,L1,61311101,XR2,3.05
Leukocytes,L1,61311101,XR2,3.13
Leukocytes,L1,61311101,XR2,3.07
Leukocytes,L1,61311101,XR2,3.0
Leukocytes,L1,61311101,XR2,3.19
Leukocytes,L1,61311101,XR2,3.16
Leukocytes,L1,61311101,XR2,3.05
Leukocytes,L1,61311101,XR2,3.21
Leukocytes,L1,61311101,XR2,3.16
Leukocytes,L1,61311101,XR2,3.08
Leukocytes,L1,61311101,XR2,3.15
Leukocytes,L1,61311101,XR2,3.12
Leukocytes,L1,61311101,XR2,3.2
Leukocytes,L1,61311101,XR2,3.16
Leukocytes,L1,61311101,XR2,3.19
Leukocytes,L1,61311101,XR2,3.05
Leukocytes,L1,61311101,XR2,3.21
Leukocytes,L1,61311101,XR2,3.24
Leukocytes,L1,61311101,XR2,3.02
Leukocytes,L1,61311101,XR2,3.11
Leukocytes,L1,61311101,XR2,3.25
Leukocytes,L1,61311101,XR2,3.03
Leukocytes,L1,61311101,XR2,3.13
Leukocytes,L1,61311101,XR2,3.06
Leukocytes,L1,61311101,XR2,3.15
Leukocytes,L1,61311101,XR2,3.13
Leukocytes,L1,61311101,XR2,3.14
Leukocytes,L1,61311101,XR2,3.24
Leukocytes,L1,61311101,XR2,3.2
Leukocytes,L1,61311101,XR2,3.2
Leukocytes,L1,61311101,XR2,3.14
Leukocytes,L1,61311101,XR2,3.15
Leukocytes,L1,61311101,XR2,3.03
Leukocytes,L1,61311101,XR2,3.16
Leukocytes,L1,61311101,XR2,3.09
Leukocytes,L1,61311101,XR2,3.2
Leukocytes,L1,61311101,XR2,3.09
Leukocytes,L1,61311101,XR2,3.19
Leukocytes,L1,61311101,XR2,3.16
Leukocytes,L1,61311101,XR2,3.26
Leukocytes,L1,61311101,XR2,3.12
Leukocytes,L1,61311101,XR2,3.23
Leukocytes,L1,61311101,XR2,3.2
Leukocytes,L1,61311101,XR2,3.07
Leukocytes,L1,61311101,XR2,3.17
Leukocytes,L1,61311101,XR2,3.15
Leukocytes,L1,61311101,XR2,3.12
Leukocytes,L1,61311101,XR2,3.13
Leukocytes,L1,61311101,XR2,3.1
Leukocytes,L1,61311101,XR2,3.16
Leukocytes,L1,61311101,XR2,3.16
Leukocytes,L1,61311101,XR2,2.98
Leukocytes,L1,61311101,XR2,3.19
Leukocytes,L1,61311101,XR2,3.2
Leukocytes,L1,61311101,XR2,3.21
Leukocytes,L1,61311101,XR2,3.24
Leukocytes,L1,61311101,XR2,3.26
Leukocytes,L1,61311101,XR2,3.22
Leukocytes,L1,61311101,XR2,3.28
Leukocytes,L1,61311101,XR2,3.09
Leukocytes,L1,61311101,XR2,3.17
Leukocytes,L1,61311101,XR2,3.25
Leukocytes,L1,61311101,XR2,3.31
Leukocytes,L1,61311101,XR2,3.13
Leukocytes,L1,61311101,XR2,3.19
Leukocytes,L1,61311101,XR2,3.1
Leukocytes,L1,61311101,XR2,3.16
Leukocytes,L1,61311101,XR2,3.17
Leukocytes,L1,61311101,XR2,3.08
Leukocytes,L1,61311101,XR2,3.21
Leukocytes,L1,61311101,XR2,3.23
Leukocytes,L1,61311101,XR2,3.1
Leukocytes,L1,61311101,XR2,3.11
Leukocytes,L1,61311101,XR2,3.26
Leukocytes,L1,61311101,XR2,3.09
Leukocytes,L1,61311101,XR2,3.22
Leukocytes,L1,61311101,XR2,3.09
Leukocytes,L1,61311101,XR2,3.13
Leukocytes,L1,61311101,XR2,3.17
Leukocytes,L1,61311101,XR2,3.21
Leukocytes,L1,61311101,XR2,3.12
Leukocytes,L1,61311101,XR2,3.06
Leukocytes,L1,61311101,XR2,3.19
Leukocytes,L1,61311101,XR2,3.19
Leukocytes,L1,61311101,XR2,3.12
Leukocytes,L1,61311101,XR2,3.07
Leukocytes,L2,53281102,XR2,6.97
Leukocytes,L2,53281102,XR2,6.83
Leukocytes,L2,53281102,XR2,6.92
Leukocytes,L2,53281102,XR2,7.17
Leukocytes,L2,53281102,XR2,7.07
Leukocytes,L2,53281102,XR2,7.02
Leukocytes,L2,53281102,XR2,6.89
Leukocytes,L2,53281102,XR2,6.96
Leukocytes,L2,53281102,XR2,7.12
Leukocytes,L2,53281102,XR2,6.93
Leukocytes,L2,53281102,XR2,7.08
Leukocytes,L2,53281102,XR2,6.99
Leukocytes,L2,53281102,XR2,7.06
Leukocytes,L2,53281102,XR2,6.9
Leukocytes,L2,53281102,XR2,6.92
Leukocytes,L2,53281102,XR2,7.14
Leukocytes,L2,53281102,XR2,7.04
Leukocytes,L2,53281102,XR2,6.96
Leukocytes,L2,53281102,XR2,6.97
Leukocytes,L2,53281102,XR2,6.94
Leukocytes,L2,53281102,XR2,6.89
Leukocytes,L2,53281102,XR2,7.04
Leukocytes,L2,53281102,XR2,6.98
Leukocytes,L2,53281102,XR2,6.98
Leukocytes,L2,53281102,XR2,6.86
Leukocytes,L2,53281102,XR2,6.87
Leukocytes,L2,53281102,XR2,6.96
Leukocytes,L2,53281102,XR2,6.93
Leukocytes,L2,53281102,XR2,6.99
Leukocytes,L2,53281102,XR2,6.97
Leukocytes,L2,53281102,XR2,7.04
Leukocytes,L2,53281102,XR2,7.0
Leukocytes,L2,53281102,XR2,6.84
Leukocytes,L2,53281102,XR2,6.81
Leukocytes,L2,53281102,XR2,7.07
Leukocytes,L2,53281102,XR2,7.07
Leukocytes,L2,53281102,XR2,6.87
Leukocytes,L2,53281102,XR2,6.86
Leukocytes,L2,53281102,XR2,6.92
Leukocytes,L2,53281102,XR2,6.88
Leukocytes,L2,53281102,XR2,6.89
Leukocytes,L2,53281102,XR2,7.0
Leukocytes,L2,53281102,XR2,6.97
Leukocytes,L2,53281102,XR2,6.94
Leukocytes,L2,53281102,XR2,7.11
Leukocytes,L2,53281102,XR2,7.03
Leukocytes,L2,53281102,XR2,6.96
Leukocytes,L2,53281102,XR2,6.97
Leukocytes,L2,53281102,XR2,6.83
Leukocytes,L2,53281102,XR2,6.89
Leukocytes,L2,53281102,XR2,7.12
Leukocytes,L2,53281102,XR2,6.89
Leukocytes,L2,53281102,XR2,6.89
Leukocytes,L2,53281102,XR2,6.88
Leukocytes,L2,53281102,XR2,6.94
Leukocytes,L2,53281102,XR2,7.03
Leukocytes,L2,53281102,XR2,6.98
Leukocytes,L2,53281102,XR2,7.08
Leukocytes,L2,53281102,XR2,7.17
Leukocytes,L2,53281102,XR2,7.0
Leukocytes,L2,53281102,XR2,6.88
Leukocytes,L2,53281102,XR2,7.07
Leukocytes,L2,53281102,XR2,6.9
Leukocytes,L2,53281102,XR2,6.93
Leukocytes,L2,53281102,XR2,7.14
Leukocytes,L2,53281102,XR2,6.93
Leukocytes,L2,53281102,XR2,6.87
Leukocytes,L2,53281102,XR2,7.12
Leukocytes,L2,53281102,XR2,6.97
Leukocytes,L2,53281102,XR2,7.22
Leukocytes,L2,53281102,XR2,7.02
Leukocytes,L2,53281102,XR2,6.72
Leukocytes,L2,53281102,XR2,6.9
Leukocytes,L2,53281102,XR2,6.96
Leukocytes,L2,53281102,XR2,6.99
Leukocytes,L2,53281102,XR2,6.92
Leukocytes,L2,53281102,XR2,7.0
Leukocytes,L2,53281102,XR2,6.93
Leukocytes,L2,53281102,XR2,7.0
Leukocytes,L2,53281102,XR2,6.96
Leukocytes,L2,53281102,XR2,6.88
Leukocytes,L2,53281102,XR2,6.94
Leukocytes,L2,53281102,XR2,7.07
Leukocytes,L2,53281102,XR2,6.83
Leukocytes,L2,53281102,XR2,7.04
Leukocytes,L2,53281102,XR2,7.01
Leukocytes,L2,53281102,XR2,7.01
Leukocytes,L2,53281102,XR2,6.94
Leukocytes,L2,53281102,XR2,7.07
Leukocytes,L2,53281102,XR2,6.92
Leukocytes,L2,53281102,XR2,7.11
Leukocytes,L2,53281102,XR2,6.94
Leukocytes,L2,53281102,XR2,6.99
Leukocytes,L2,53281102,XR2,6.99
Leukocytes,L2,53281102,XR2,6.99
Leukocytes,L2,53281102,XR2,6.81
Leukocytes,L2,53281102,XR2,7.1
Leukocytes,L2,53281102,XR2,7.12
Leukocytes,L2,53281102,XR2,6.99
Leukocytes,L2,53281102,XR2,7.11
Leukocytes,L2,53281102,XR2,7.05
Leukocytes,L2,53281102,XR2,7.07
Leukocytes,L2,53281102,XR2,7.03
Leukocytes,L2,53281102,XR2,7.04
Leukocytes,L2,53281102,XR2,6.93
Leukocytes,L2,53281102,XR2,7.1
Leukocytes,L2,53281102,XR2,7.09
Leukocytes,L2,53281102,XR2,7.09
Leukocytes,L2,53281102,XR2,7.04
Leukocytes,L2,53281102,XR2,6.92
Leukocytes,L2,53281102,XR2,6.82
Leukocytes,L2,53281102,XR2,6.84
Leukocytes,L2,53281102,XR2,6.99
Leukocytes,L2,53281102,XR2,6.94
Leukocytes,L2,53281102,XR2,7.05
Leukocytes,L2,53281102,XR2,6.95
Leukocytes,L2,53281102,XR2,7.13
Leukocytes,L2,53281102,XR2,7.02
Leukocytes,L2,53281102,XR2,7.08
Leukocytes,L2,53281102,XR2,6.87
Leukocytes,L2,53281102,XR2,7.0
Leukocytes,L2,53281102,XR2,6.98
Leukocytes,L2,53281102,XR2,6.86
Leukocytes,L2,53281102,XR2,6.99
Leukocytes,L2,53281102,XR2,7.12
Leukocytes,L2,53281102,XR2,6.97
Leukocytes,L2,53281102,XR2,7.12
Leukocytes,L2,53281102,XR2,7.02
Leukocytes,L2,53281102,XR2,7.09
Leukocytes,L2,53281102,XR2,7.19
Leukocytes,L2,53281102,XR2,6.83
Leukocytes,L2,53281102,XR2,7.03
Leukocytes,L2,53281102,XR2,7.0
Leukocytes,L2,53281102,XR2,6.91
Leukocytes,L2,53281102,XR2,6.89
Leukocytes,L2,53281102,XR2,7.07
Leukocytes,L2,53281102,XR2,7.12
Leukocytes,L2,53281102,XR2,7.04
Leukocytes,L2,53281102,XR2,6.99
Leukocytes,L2,53281102,XR2,7.0
Leukocytes,L2,53281102,XR2,6.94
Leukocytes,L2,53281102,XR2,6.84
Leukocytes,L2,53281102,XR2,7.02
Leukocytes,L2,53281102,XR2,6.95
Leukocytes,L2,53281102,XR2,6.9
Leukocytes,L2,53281102,XR2,6.93
Leukocytes,L2,53281102,XR2,6.93
Leukocytes,L2,53281102,XR2,6.99
Leukocytes,L2,53281102,XR2,7.15
Leukocytes,L2,53281102,XR2,7.04
Leukocytes,L2,60191102,XR2,6.86
Leukocytes,L2,53281102,XR2,7.08
Leukocytes,L2,53281102,XR2,7.2
Leukocytes,L2,53281102,XR2,6.96
Leukocytes,L2,53281102,XR2,6.87
Leukocytes,L2,53281102,XR2,7.17
Leukocytes,L2,53281102,XR2,6.98
Leukocytes,L2,53281102,XR2,7.1
Leukocytes,L2,60191102,XR2,6.79
Leukocytes,L2,60191102,XR2,6.83
Leukocytes,L2,60191102,XR2,6.93
Leukocytes,L2,60191102,XR2,6.73
Leukocytes,L2,60191102,XR2,6.75
Leukocytes,L2,60191102,XR2,6.66
Leukocytes,L2,60191102,XR2,6.72
Leukocytes,L2,60191102,XR2,6.89
Leukocytes,L2,60191102,XR2,6.95
Leukocytes,L2,60191102,XR2,7.06
Leukocytes,L2,60191102,XR2,6.77
Leukocytes,L2,60191102,XR2,6.74
Leukocytes,L2,60191102,XR2,6.92
Leukocytes,L2,60191102,XR2,6.76
Leukocytes,L2,60191102,XR2,6.81
Leukocytes,L2,60191102,XR2,6.8
Leukocytes,L2,60191102,XR2,6.86
Leukocytes,L2,60191102,XR2,6.89
Leukocytes,L2,60191102,XR2,6.95
Leukocytes,L2,60191102,XR2,6.73
Leukocytes,L2,60191102,XR2,6.93
Leukocytes,L2,60191102,XR2,6.89
Leukocytes,L2,60191102,XR2,6.93
Leukocytes,L2,60191102,XR2,6.76
Leukocytes,L2,60191102,XR2,6.9
Leukocytes,L2,60191102,XR2,6.73
Leukocytes,L2,60191102,XR2,6.84
Leukocytes,L2,60191102,XR2,6.82
Leukocytes,L2,60191102,XR2,7.0
Leukocytes,L2,60191102,XR2,6.68
Leukocytes,L2,60191102,XR2,6.99
Leukocytes,L2,60191102,XR2,6.83
Leukocytes,L2,60191102,XR2,6.97
Leukocytes,L2,60191102,XR2,6.93
Leukocytes,L2,60191102,XR2,6.92
Leukocytes,L2,60191102,XR2,6.85
Leukocytes,L2,60191102,XR2,6.65
Leukocytes,L2,60191102,XR2,6.69
Leukocytes,L2,60191102,XR2,6.91
Leukocytes,L2,60191102,XR2,6.7
Leukocytes,L2,60191102,XR2,6.86
Leukocytes,L2,60191102,XR2,6.75
Leukocytes,L2,60191102,XR2,7.05
Leukocytes,L2,60191102,XR2,6.79
Leukocytes,L2,60191102,XR2,6.82
Leukocytes,L2,60191102,XR2,6.77
Leukocytes,L2,60191102,XR2,6.86
Leukocytes,L2,60191102,XR2,6.77
Leukocytes,L2,60191102,XR2,6.97
Leukocytes,L2,60191102,XR2,6.72
Leukocytes,L2,60191102,XR2,6.86
Leukocytes,L2,60191102,XR2,6.83
Leukocytes,L2,60191102,XR2,7.0
Leukocytes,L2,60191102,XR2,6.85
Leukocytes,L2,60191102,XR2,6.81
Leukocytes,L2,60191102,XR2,6.9
Leukocytes,L2,60191102,XR2,6.98
Leukocytes,L2,60191102,XR2,6.92
Leukocytes,L2,60191102,XR2,6.75
Leukocytes,L2,60191102,XR2,6.85
Leukocytes,L2,60191102,XR2,6.87
Leukocytes,L2,60191102,XR2,7.06
Leukocytes,L2,60191102,XR2,6.95
Leukocytes,L2,60191102,XR2,6.8
Leukocytes,L2,60191102,XR2,6.91
Leukocytes,L2,60191102,XR2,6.83
Leukocytes,L2,60191102,XR2,6.64
Leukocytes,L2,60191102,XR2,6.82
Leukocytes,L2,60191102,XR2,6.69
Leukocytes,L2,60191102,XR2,6.62
Leukocytes,L2,60191102,XR2,6.75
Leukocytes,L2,60191102,XR2,6.77
Leukocytes,L2,60191102,XR2,6.88
Leukocytes,L2,60191102,XR2,6.9
Leukocytes,L2,60191102,XR2,6.85
Leukocytes,L2,60191102,XR2,6.62
Leukocytes,L2,60191102,XR2,6.81
Leukocytes,L2,60191102,XR2,6.85
Leukocytes,L2,60191102,XR2,6.82
Leukocytes,L2,60191102,XR2,6.82
Leukocytes,L2,60191102,XR2,6.77
Leukocytes,L2,60191102,XR2,6.72
Leukocytes,L2,60191102,XR2,6.87
Leukocytes,L2,60191102,XR2,6.75
Leukocytes,L2,60191102,XR2,6.87
Leukocytes,L2,60191102,XR2,6.94
Leukocytes,L2,60191102,XR2,6.92
Leukocytes,L2,60191102,XR2,6.87
Leukocytes,L2,60191102,XR2,6.83
Leukocytes,L2,60191102,XR2,6.97
Leukocytes,L2,60191102,XR2,6.75
Leukocytes,L2,60191102,XR2,6.74
Leukocytes,L2,60191102,XR2,6.96
Leukocytes,L2,60191102,XR2,6.82
Leukocytes,L2,60191102,XR2,6.88
Leukocytes,L2,60191102,XR2,6.76
Leukocytes,L2,60191102,XR2,6.96
Leukocytes,L2,60191102,XR2,6.83
Leukocytes,L2,60191102,XR2,6.7
Leukocytes,L2,60191102,XR2,6.9
Leukocytes,L2,60191102,XR2,6.81
Leukocytes,L2,60191102,XR2,6.85
Leukocytes,L2,60191102,XR2,6.79
Leukocytes,L2,60191102,XR2,6.72
Leukocytes,L2,60191102,XR2,6.68
Leukocytes,L2,60191102,XR2,6.87
Leukocytes,L2,60191102,XR2,6.8
Leukocytes,L2,60191102,XR2,6.75
Leukocytes,L2,60191102,XR2,6.93
Leukocytes,L2,60191102,XR2,6.9
Leukocytes,L2,60191102,XR2,6.93
Leukocytes,L2,60191102,XR2,6.72
Leukocytes,L2,60191102,XR2,6.77
Leukocytes,L2,60191102,XR2,6.76
Leukocytes,L2,60191102,XR2,6.69
Leukocytes,L2,60191102,XR2,6.93
Leukocytes,L2,60191102,XR2,6.72
Leukocytes,L2,60191102,XR2,6.95
Leukocytes,L2,60191102,XR2,6.81
Leukocytes,L2,60191102,XR2,6.79
Leukocytes,L2,60191102,XR2,6.93
Leukocytes,L2,60191102,XR2,6.82
Leukocytes,L2,60191102,XR2,6.75
Leukocytes,L2,60191102,XR2,6.79
Leukocytes,L2,60191102,XR2,6.76
Leukocytes,L2,60191102,XR2,6.97
Leukocytes,L2,60191102,XR2,6.84
Leukocytes,L2,60191102,XR2,6.9
Leukocytes,L2,60191102,XR2,6.84
Leukocytes,L2,60191102,XR2,6.59
Leukocytes,L2,60191102,XR2,6.89
Leukocytes,L2,60191102,XR2,6.91
Leukocytes,L2,60191102,XR2,6.84
Leukocytes,L2,60191102,XR2,6.89
Leukocytes,L2,60191102,XR2,6.69
Leukocytes,L2,60191102,XR2,6.77
Leukocytes,L2,60191102,XR2,6.83
Leukocytes,L2,60191102,XR2,6.91
Leukocytes,L2,60191102,XR2,6.94
Leukocytes,L2,60191102,XR2,6.81
Leukocytes,L2,60191102,XR2,6.91
Leukocytes,L2,60191102,XR2,6.95
Leukocytes,L2,60191102,XR2,6.81
Leukocytes,L2,60191102,XR2,6.87
Leukocytes,L2,60191102,XR2,6.67
Leukocytes,L2,60191102,XR2,7.01
Leukocytes,L2,60191102,XR2,6.94
Leukocytes,L2,60191102,XR2,6.9
Leukocytes,L2,60191102,XR2,6.77
Leukocytes,L2,60191102,XR2,6.73
Leukocytes,L2,60191102,XR2,6.88
Leukocytes,L2,60191102,XR2,6.87
Leukocytes,L2,60191102,XR2,6.72
Leukocytes,L2,60191102,XR2,6.81
Leukocytes,L2,60191102,XR2,6.83
Leukocytes,L2,60191102,XR2,7.0
Leukocytes,L2,60191102,XR2,6.99
Leukocytes,L2,60191102,XR2,6.86
Leukocytes,L2,60191102,XR2,6.82
Leukocytes,L2,60191102,XR2,6.82
Leukocytes,L2,60191102,XR2,6.73
Leukocytes,L2,60191102,XR2,6.92
Leukocytes,L2,60191102,XR2,6.99
Leukocytes,L2,60191102,XR2,6.84
Leukocytes,L2,60191102,XR2,6.82
Leukocytes,L2,60191102,XR2,6.83
Leukocytes,L2,60191102,XR2,6.82
Leukocytes,L2,60191102,XR2,6.9
Leukocytes,L2,60751102,XR2,7.16
Leukocytes,L2,60751102,XR2,7.3
Leukocytes,L2,60751102,XR2,7.33
Leukocytes,L2,60751102,XR2,7.01
Leukocytes,L2,60751102,XR2,7.09
Leukocytes,L2,60751102,XR2,6.95
Leukocytes,L2,60751102,XR2,7.11
Leukocytes,L2,60751102,XR2,7.16
Leukocytes,L2,60751102,XR2,7.35
Leukocytes,L2,60751102,XR2,7.05
Leukocytes,L2,60751102,XR2,7.01
Leukocytes,L2,60751102,XR2,7.28
Leukocytes,L2,60751102,XR2,7.24
Leukocytes,L2,60751102,XR2,6.83
Leukocytes,L2,60751102,XR2,7.49
Leukocytes,L2,60751102,XR2,7.11
Leukocytes,L2,60751102,XR2,7.25
Leukocytes,L2,60751102,XR2,7.1
Leukocytes,L2,60751102,XR2,7.03
Leukocytes,L2,60751102,XR2,7.03
Leukocytes,L2,60751102,XR2,7.07
Leukocytes,L2,60751102,XR2,7.06
Leukocytes,L2,60751102,XR2,7.11
Leukocytes,L2,60751102,XR2,6.99
Leukocytes,L2,60751102,XR2,7.15
Leukocytes,L2,60751102,XR2,6.92
Leukocytes,L2,60751102,XR2,7.29
Leukocytes,L2,60751102,XR2,7.04
Leukocytes,L2,60751102,XR2,7.01
Leukocytes,L2,60751102,XR2,7.06
Leukocytes,L2,60751102,XR2,7.15
Leukocytes,L2,60751102,XR2,7.08
Leukocytes,L2,60751102,XR2,7.09
Leukocytes,L2,60751102,XR2,7.24
Leukocytes,L2,60751102,XR2,7.04
Leukocytes,L2,60751102,XR2,7.0
Leukocytes,L2,60751102,XR2,7.06
Leukocytes,L2,60751102,XR2,6.99
Leukocytes,L2,60751102,XR2,7.16
Leukocytes,L2,60751102,XR2,7.27
Leukocytes,L2,60751102,XR2,7.24
Leukocytes,L2,60751102,XR2,7.14
Leukocytes,L2,60751102,XR2,7.3
Leukocytes,L2,60751102,XR2,6.97
Leukocytes,L2,60751102,XR2,7.09
Leukocytes,L2,60751102,XR2,7.14
Leukocytes,L2,60751102,XR2,7.03
Leukocytes,L2,60751102,XR2,7.13
Leukocytes,L2,60751102,XR2,7.24
Leukocytes,L2,60751102,XR2,7.06
Leukocytes,L2,60751102,XR2,7.11
Leukocytes,L2,60751102,XR2,7.05
Leukocytes,L2,60751102,XR2,7.08
Leukocytes,L2,60751102,XR2,7.19
Leukocytes,L2,60751102,XR2,7.2
Leukocytes,L2,60751102,XR2,6.99
Leukocytes,L2,60751102,XR2,7.04
Leukocytes,L2,60751102,XR2,7.16
Leukocytes,L2,60751102,XR2,7.06
Leukocytes,L2,60751102,XR2,7.21
Leukocytes,L2,60751102,XR2,7.11
Leukocytes,L2,60751102,XR2,7.08
Leukocytes,L2,60751102,XR2,7.16
Leukocytes,L2,60751102,XR2,6.96
Leukocytes,L2,60751102,XR2,7.15
Leukocytes,L2,60751102,XR2,6.96
Leukocytes,L2,60751102,XR2,7.15
Leukocytes,L2,60751102,XR2,7.18
Leukocytes,L2,60751102,XR2,7.02
Leukocytes,L2,60751102,XR2,7.19
Leukocytes,L2,60751102,XR2,7.17
Leukocytes,L2,60751102,XR2,7.16
Leukocytes,L2,60751102,XR2,7.13
Leukocytes,L2,60751102,XR2,7.27
Leukocytes,L2,60751102,XR2,6.95
Leukocytes,L2,60751102,XR2,7.15
Leukocytes,L2,60751102,XR2,7.12
Leukocytes,L2,60751102,XR2,6.97
Leukocytes,L2,60751102,XR2,7.08
Leukocytes,L2,60751102,XR2,7.17
Leukocytes,L2,60751102,XR2,7.24
Leukocytes,L2,60751102,XR2,7.12
Leukocytes,L2,60751102,XR2,6.98
Leukocytes,L2,60751102,XR2,7.21
Leukocytes,L2,60751102,XR2,6.91
Leukocytes,L2,60751102,XR2,7.07
Leukocytes,L2,60751102,XR2,6.95
Leukocytes,L2,60751102,XR2,7.11
Leukocytes,L2,60751102,XR2,7.07
Leukocytes,L2,60751102,XR2,7.12
Leukocytes,L2,60751102,XR2,7.03
Leukocytes,L2,60751102,XR2,7.17
Leukocytes,L2,60751102,XR2,6.96
Leukocytes,L2,60751102,XR2,7.03
Leukocytes,L2,60751102,XR2,7.07
Leukocytes,L2,60751102,XR2,7.19
Leukocytes,L2,60751102,XR2,6.98
Leukocytes,L2,60751102,XR2,6.95
Leukocytes,L2,60751102,XR2,7.03
Leukocytes,L2,60751102,XR2,7.0
Leukocytes,L2,60751102,XR2,7.16
Leukocytes,L2,60751102,XR2,6.9
Leukocytes,L2,60751102,XR2,6.87
Leukocytes,L2,60751102,XR2,7.19
Leukocytes,L2,60751102,XR2,6.97
Leukocytes,L2,60751102,XR2,7.12
Leukocytes,L2,60751102,XR2,7.09
Leukocytes,L2,60751102,XR2,7.1
Leukocytes,L2,60751102,XR2,6.99
Leukocytes,L2,60751102,XR2,7.13
Leukocytes,L2,60751102,XR2,6.96
Leukocytes,L2,60751102,XR2,7.11
Leukocytes,L2,60751102,XR2,7.04
Leukocytes,L2,60751102,XR2,7.12
Leukocytes,L2,60751102,XR2,7.2
Leukocytes,L2,60751102,XR2,7.04
Leukocytes,L2,60751102,XR2,7.05
Leukocytes,L2,60751102,XR2,7.16
Leukocytes,L2,60751102,XR2,7.1
Leukocytes,L2,60751102,XR2,7.03
Leukocytes,L2,60751102,XR2,7.07
Leukocytes,L2,60751102,XR2,7.11
Leukocytes,L2,60751102,XR2,7.07
Leukocytes,L2,60751102,XR2,7.05
Leukocytes,L2,60751102,XR2,6.98
Leukocytes,L2,60751102,XR2,7.03
Leukocytes,L2,60751102,XR2,6.97
Leukocytes,L2,60751102,XR2,7.14
Leukocytes,L2,60751102,XR2,7.06
Leukocytes,L2,60751102,XR2,7.13
Leukocytes,L2,60751102,XR2,7.03
Leukocytes,L2,60751102,XR2,7.01
Leukocytes,L2,60751102,XR2,7.2
Leukocytes,L2,60751102,XR2,7.04
Leukocytes,L2,60751102,XR2,6.96
Leukocytes,L2,60751102,XR2,7.11
Leukocytes,L2,60751102,XR2,7.2
Leukocytes,L2,60751102,XR2,7.15
Leukocytes,L2,60751102,XR2,7.11
Leukocytes,L2,60751102,XR2,7.26
Leukocytes,L2,60751102,XR2,7.07
Leukocytes,L2,60751102,XR2,7.12
Leukocytes,L2,60751102,XR2,7.19
Leukocytes,L2,60751102,XR2,7.08
Leukocytes,L2,60751102,XR2,7.13
Leukocytes,L2,60751102,XR2,7.05
Leukocytes,L2,60751102,XR2,7.03
Leukocytes,L2,60751102,XR2,6.91
Leukocytes,L2,60751102,XR2,6.91
Leukocytes,L2,60751102,XR2,6.98
Leukocytes,L2,60751102,XR2,6.98
Leukocytes,L2,60751102,XR2,7.21
Leukocytes,L2,60751102,XR2,7.09
Leukocytes,L2,60751102,XR2,7.2
Leukocytes,L2,60751102,XR2,7.07
Leukocytes,L2,60751102,XR2,6.95
Leukocytes,L2,60751102,XR2,7.16
Leukocytes,L2,60751102,XR2,7.06
Leukocytes,L2,60751102,XR2,7.11
Leukocytes,L2,60751102,XR2,7.12
Leukocytes,L2,60751102,XR2,7.08
Leukocytes,L2,60751102,XR2,6.96
Leukocytes,L2,60751102,XR2,6.97
Leukocytes,L2,60751102,XR2,6.94
Leukocytes,L2,60751102,XR2,7.09
Leukocytes,L2,60751102,XR2,7.2
Leukocytes,L2,60751102,XR2,7.1
Leukocytes,L2,60751102,XR2,7.11
Leukocytes,L2,60751102,XR2,6.92
Leukocytes,L2,61311102,XR2,6.92
Leukocytes,L2,61311102,XR2,6.81
Leukocytes,L2,61311102,XR2,7.08
Leukocytes,L2,61311102,XR2,6.99
Leukocytes,L2,61311102,XR2,7.08
Leukocytes,L2,61311102,XR2,6.94
Leukocytes,L2,61311102,XR2,6.82
Leukocytes,L2,61311102,XR2,6.87
Leukocytes,L2,61311102,XR2,6.97
Leukocytes,L2,61311102,XR2,6.94
Leukocytes,L2,61311102,XR2,6.87
Leukocytes,L2,61311102,XR2,6.76
Leukocytes,L2,61311102,XR2,6.87
Leukocytes,L2,61311102,XR2,6.9
Leukocytes,L2,61311102,XR2,6.88
Leukocytes,L2,61311102,XR2,6.85
Leukocytes,L2,61311102,XR2,6.82
Leukocytes,L2,61311102,XR2,6.93
Leukocytes,L2,61311102,XR2,6.66
Leukocytes,L2,61311102,XR2,6.81
Leukocytes,L2,61311102,XR2,6.78
Leukocytes,L2,61311102,XR2,6.83
Leukocytes,L2,61311102,XR2,6.91
Leukocytes,L2,61311102,XR2,6.91
Leukocytes,L2,61311102,XR2,7.0
Leukocytes,L2,61311102,XR2,6.62
Leukocytes,L2,61311102,XR2,6.91
Leukocytes,L2,61311102,XR2,6.85
Leukocytes,L2,61311102,XR2,6.76
Leukocytes,L2,61311102,XR2,6.89
Leukocytes,L2,61311102,XR2,6.94
Leukocytes,L2,61311102,XR2,6.79
Leukocytes,L2,61311102,XR2,6.9
Leukocytes,L2,61311102,XR2,6.92
Leukocytes,L2,61311102,XR2,6.9
Leukocytes,L2,61311102,XR2,6.8
Leukocytes,L2,61311102,XR2,6.84
Leukocytes,L2,61311102,XR2,6.87
Leukocytes,L2,61311102,XR2,6.93
Leukocytes,L2,61311102,XR2,7.13
Leukocytes,L2,61311102,XR2,6.95
Leukocytes,L2,61311102,XR2,6.89
Leukocytes,L2,61311102,XR2,7.04
Leukocytes,L2,61311102,XR2,6.83
Leukocytes,L2,61311102,XR2,6.93
Leukocytes,L2,61311102,XR2,6.99
Leukocytes,L2,61311102,XR2,6.88
Leukocytes,L2,61311102,XR2,6.91
Leukocytes,L2,61311102,XR2,6.98
Leukocytes,L2,61311102,XR2,6.92
Leukocytes,L2,61311102,XR2,6.93
Leukocytes,L2,61311102,XR2,6.97
Leukocytes,L2,61311102,XR2,7.02
Leukocytes,L2,61311102,XR2,6.97
Leukocytes,L2,61311102,XR2,7.04
Leukocytes,L2,61311102,XR2,6.83
Leukocytes,L2,61311102,XR2,7.0
Leukocytes,L2,61311102,XR2,6.77
Leukocytes,L2,61311102,XR2,6.93
Leukocytes,L2,61311102,XR2,6.75
Leukocytes,L2,61311102,XR2,6.85
Leukocytes,L2,61311102,XR2,6.91
Leukocytes,L2,61311102,XR2,7.08
Leukocytes,L2,61311102,XR2,7.02
Leukocytes,L2,61311102,XR2,6.96
Leukocytes,L2,61311102,XR2,7.11
Leukocytes,L2,61311102,XR2,6.99
Leukocytes,L2,61311102,XR2,7.01
Leukocytes,L2,61311102,XR2,7.04
Leukocytes,L2,61311102,XR2,7.1
Leukocytes,L2,61311102,XR2,7.03
Leukocytes,L2,61311102,XR2,6.86
Leukocytes,L2,61311102,XR2,6.8
Leukocytes,L2,61311102,XR2,7.01
Leukocytes,L2,61311102,XR2,6.76
Leukocytes,L2,61311102,XR2,6.93
Leukocytes,L2,61311102,XR2,6.92
Leukocytes,L2,61311102,XR2,6.89
Leukocytes,L2,61311102,XR2,6.95
Leukocytes,L2,61311102,XR2,6.74
Leukocytes,L2,61311102,XR2,7.02
Leukocytes,L2,61311102,XR2,7.05
Leukocytes,L2,61311102,XR2,6.96
Leukocytes,L2,61311102,XR2,6.76
Leukocytes,L2,61311102,XR2,6.84
Leukocytes,L2,61311102,XR2,6.89
Leukocytes,L2,61311102,XR2,6.92
Leukocytes,L2,61311102,XR2,7.02
Leukocytes,L2,61311102,XR2,6.95
Leukocytes,L2,61311102,XR2,6.91
Leukocytes,L2,61311102,XR2,6.83
Leukocytes,L2,61311102,XR2,7.07
Leukocytes,L2,61311102,XR2,6.8
Leukocytes,L2,61311102,XR2,6.96
Leukocytes,L2,61311102,XR2,6.89
Leukocytes,L2,61311102,XR2,6.92
Leukocytes,L2,61311102,XR2,6.95
Leukocytes,L2,61311102,XR2,7.0
Leukocytes,L2,61311102,XR2,6.84
Leukocytes,L2,61311102,XR2,6.88
Leukocytes,L2,61311102,XR2,7.04
Leukocytes,L2,61311102,XR2,6.86
Leukocytes,L2,61311102,XR2,6.86
Leukocytes,L2,61311102,XR2,6.93
Leukocytes,L2,61311102,XR2,6.95
Leukocytes,L2,61311102,XR2,6.76
Leukocytes,L2,61311102,XR2,6.89
Leukocytes,L2,61311102,XR2,7.09
Leukocytes,L2,61311102,XR2,6.88
Leukocytes,L2,61311102,XR2,6.87
Leukocytes,L2,61311102,XR2,6.9
Leukocytes,L2,61311102,XR2,6.81
Leukocytes,L2,61311102,XR2,6.86
Leukocytes,L2,61311102,XR2,6.84
Leukocytes,L2,61311102,XR2,6.87
Leukocytes,L2,61311102,XR2,6.79
Leukocytes,L2,61311102,XR2,7.02
Leukocytes,L2,61311102,XR2,6.95
Leukocytes,L2,61311102,XR2,6.8
Leukocytes,L2,61311102,XR2,6.84
Leukocytes,L2,61311102,XR2,6.92
Leukocytes,L2,61311102,XR2,6.62
Leukocytes,L2,61311102,XR2,7.03
Leukocytes,L2,61311102,XR2,7.03
Leukocytes,L2,61311102,XR2,6.85
Leukocytes,L2,61311102,XR2,6.89
Leukocytes,L2,61311102,XR2,6.94
Leukocytes,L2,61311102,XR2,7.01
Leukocytes,L2,61311102,XR2,6.76
Leukocytes,L2,61311102,XR2,6.97
Leukocytes,L2,61311102,XR2,6.85
Leukocytes,L2,61311102,XR2,6.84
Leukocytes,L2,61311102,XR2,6.91
Leukocytes,L2,61311102,XR2,6.81
Leukocytes,L2,61311102,XR2,6.91
Leukocytes,L2,61311102,XR2,6.76
Leukocytes,L2,61311102,XR2,6.87
Leukocytes,L2,61311102,XR2,6.98
Leukocytes,L2,61311102,XR2,6.85
Leukocytes,L2,61311102,XR2,6.78
Leukocytes,L2,61311102,XR2,7.05
Leukocytes,L3,53281103,XR2,16.7
Leukocytes,L3,53281103,XR2,16.78
Leukocytes,L3,53281103,XR2,16.5
Leukocytes,L3,53281103,XR2,16.67
Leukocytes,L3,53281103,XR2,16.77
Leukocytes,L3,53281103,XR2,16.65
Leukocytes,L3,53281103,XR2,16.79
Leukocytes,L3,53281103,XR2,16.78
Leukocytes,L3,53281103,XR2,17.11
Leukocytes,L3,53281103,XR2,16.66
Leukocytes,L3,53281103,XR2,16.67
Leukocytes,L3,53281103,XR2,16.73
Leukocytes,L3,53281103,XR2,16.35
Leukocytes,L3,53281103,XR2,16.99
Leukocytes,L3,53281103,XR2,16.96
Leukocytes,L3,53281103,XR2,16.89
Leukocytes,L3,53281103,XR2,16.81
Leukocytes,L3,53281103,XR2,16.81
Leukocytes,L3,53281103,XR2,16.67
Leukocytes,L3,53281103,XR2,16.46
Leukocytes,L3,53281103,XR2,16.94
Leukocytes,L3,53281103,XR2,16.68
Leukocytes,L3,53281103,XR2,16.79
Leukocytes,L3,53281103,XR2,16.67
Leukocytes,L3,53281103,XR2,16.67
Leukocytes,L3,53281103,XR2,16.6
Leukocytes,L3,53281103,XR2,16.56
Leukocytes,L3,53281103,XR2,16.67
Leukocytes,L3,53281103,XR2,16.67
Leukocytes,L3,53281103,XR2,16.94
Leukocytes,L3,53281103,XR2,16.74
Leukocytes,L3,53281103,XR2,16.66
Leukocytes,L3,53281103,XR2,16.77
Leukocytes,L3,53281103,XR2,16.51
Leukocytes,L3,53281103,XR2,16.71
Leukocytes,L3,53281103,XR2,16.71
Leukocytes,L3,53281103,XR2,16.85
Leukocytes,L3,53281103,XR2,16.88
Leukocytes,L3,53281103,XR2,16.66
Leukocytes,L3,53281103,XR2,16.8
Leukocytes,L3,53281103,XR2,16.7
Leukocytes,L3,53281103,XR2,16.37
Leukocytes,L3,53281103,XR2,16.42
Leukocytes,L3,60191103,XR2,16.32
Leukocytes,L3,53281103,XR2,16.86
Leukocytes,L3,53281103,XR2,16.6
Leukocytes,L3,53281103,XR2,16.44
Leukocytes,L3,60191103,XR2,16.49
Leukocytes,L3,60191103,XR2,16.68
Leukocytes,L3,60191103,XR2,16.34
Leukocytes,L3,60191103,XR2,16.16
Leukocytes,L3,60191103,XR2,16.26
Leukocytes,L3,60191103,XR2,16.25
Leukocytes,L3,60191103,XR2,16.09
Leukocytes,L3,60191103,XR2,16.39
Leukocytes,L3,60191103,XR2,16.35
Leukocytes,L3,60191103,XR2,16.35
Leukocytes,L3,60191103,XR2,16.26
Leukocytes,L3,60191103,XR2,16.25
Leukocytes,L3,60191103,XR2,16.32
Leukocytes,L3,60191103,XR2,16.06
Leukocytes,L3,60191103,XR2,16.16
Leukocytes,L3,60191103,XR2,16.12
Leukocytes,L3,60191103,XR2,16.41
Leukocytes,L3,60191103,XR2,16.43
Leukocytes,L3,60191103,XR2,16.35
Leukocytes,L3,60191103,XR2,16.13
Leukocytes,L3,60191103,XR2,16.23
Leukocytes,L3,60191103,XR2,16.26
Leukocytes,L3,60191103,XR2,16.19
Leukocytes,L3,60191103,XR2,16.63
Leukocytes,L3,60191103,XR2,16.53
Leukocytes,L3,60191103,XR2,16.33
Leukocytes,L3,60191103,XR2,16.24
Leukocytes,L3,60191103,XR2,16.27
Leukocytes,L3,60191103,XR2,16.32
Leukocytes,L3,60191103,XR2,16.07
Leukocytes,L3,60191103,XR2,16.36
Leukocytes,L3,60191103,XR2,16.7
Leukocytes,L3,60191103,XR2,16.4
Leukocytes,L3,60191103,XR2,16.15
Leukocytes,L3,60191103,XR2,16.28
Leukocytes,L3,60191103,XR2,16.01
Leukocytes,L3,60191103,XR2,16.08
Leukocytes,L3,60191103,XR2,16.47
Leukocytes,L3,60191103,XR2,16.44
Leukocytes,L3,60191103,XR2,16.17
Leukocytes,L3,60191103,XR2,16.45
Leukocytes,L3,60191103,XR2,16.55
Leukocytes,L3,60191103,XR2,16.31
Leukocytes,L3,60191103,XR2,16.41
Leukocytes,L3,60191103,XR2,16.03
Leukocytes,L3,60191103,XR2,16.41
Leukocytes,L3,60191103,XR2,16.25
Leukocytes,L3,60191103,XR2,16.25
Leukocytes,L3,60191103,XR2,16.21
Leukocytes,L3,60191103,XR2,16.36
Leukocytes,L3,60191103,XR2,16.28
Leukocytes,L3,60191103,XR2,16.13
Leukocytes,L3,60191103,XR2,16.45
Leukocytes,L3,60191103,XR2,16.44
Leukocytes,L3,60191103,XR2,16.4
Leukocytes,L3,60191103,XR2,16.25
Leukocytes,L3,60191103,XR2,16.48
Leukocytes,L3,60191103,XR2,16.06
Leukocytes,L3,60191103,XR2,16.43
Leukocytes,L3,60191103,XR2,16.07
Leukocytes,L3,60191103,XR2,16.48
Leukocytes,L3,60191103,XR2,16.22
Leukocytes,L3,60191103,XR2,16.18
Leukocytes,L3,60191103,XR2,16.18
Leukocytes,L3,60191103,XR2,16.37
Leukocytes,L3,60191103,XR2,16.2
Leukocytes,L3,60191103,XR2,16.18
Leukocytes,L3,60191103,XR2,15.91
Leukocytes,L3,60191103,XR2,16.26
Leukocytes,L3,60191103,XR2,16.51
Leukocytes,L3,60191103,XR2,16.15
Leukocytes,L3,60191103,XR2,16.48
Leukocytes,L3,60191103,XR2,16.22
Leukocytes,L3,60191103,XR2,16.33
Leukocytes,L3,60191103,XR2,15.94
Leukocytes,L3,60191103,XR2,16.77
Leukocytes,L3,60191103,XR2,16.65
Leukocytes,L3,60191103,XR2,16.41
Leukocytes,L3,60191103,XR2,16.42
Leukocytes,L3,60191103,XR2,16.35
Leukocytes,L3,60191103,XR2,16.43
Leukocytes,L3,60191103,XR2,16.11
Leukocytes,L3,60191103,XR2,16.45
Leukocytes,L3,60191103,XR2,16.16
Leukocytes,L3,60191103,XR2,16.24
Leukocytes,L3,60191103,XR2,16.34
Leukocytes,L3,60191103,XR2,16.31
Leukocytes,L3,60191103,XR2,16.03
Leukocytes,L3,60191103,XR2,16.22
Leukocytes,L3,60191103,XR2,16.2
Leukocytes,L3,60191103,XR2,16.2
Leukocytes,L3,60191103,XR2,16.09
Leukocytes,L3,60191103,XR2,16.72
Leukocytes,L3,60191103,XR2,16.46
Leukocytes,L3,60191103,XR2,16.61
Leukocytes,L3,60191103,XR2,16.3
Leukocytes,L3,60191103,XR2,16.53
Leukocytes,L3,60191103,XR2,16.27
Leukocytes,L3,60191103,XR2,16.08
Leukocytes,L3,60191103,XR2,16.52
Leukocytes,L3,60191103,XR2,16.31
Leukocytes,L3,60191103,XR2,16.52
Leukocytes,L3,60191103,XR2,16.48
Leukocytes,L3,60191103,XR2,16.19
Leukocytes,L3,60191103,XR2,16.38
Leukocytes,L3,60191103,XR2,16.54
Leukocytes,L3,60191103,XR2,16.05
Leukocytes,L3,60191103,XR2,16.4
Leukocytes,L3,60191103,XR2,16.69
Leukocytes,L3,60191103,XR2,16.25
Leukocytes,L3,60191103,XR2,16.3
Leukocytes,L3,60751103,XR2,16.78
Leukocytes,L3,60751103,XR2,16.92
Leukocytes,L3,60751103,XR2,16.87
Leukocytes,L3,60751103,XR2,16.43
Leukocytes,L3,60751103,XR2,16.76
Leukocytes,L3,60751103,XR2,16.66
Leukocytes,L3,60751103,XR2,16.69
Leukocytes,L3,60751103,XR2,16.33
Leukocytes,L3,60751103,XR2,17.03
Leukocytes,L3,60751103,XR2,16.78
Leukocytes,L3,60751103,XR2,16.48
Leukocytes,L3,60751103,XR2,16.35
Leukocytes,L3,60751103,XR2,16.77
Leukocytes,L3,60751103,XR2,16.9
Leukocytes,L3,60751103,XR2,16.61
Leukocytes,L3,60751103,XR2,16.36
Leukocytes,L3,60751103,XR2,16.77
Leukocytes,L3,60751103,XR2,16.64
Leukocytes,L3,60751103,XR2,16.58
Leukocytes,L3,60751103,XR2,16.76
Leukocytes,L3,60751103,XR2,16.8
Leukocytes,L3,60751103,XR2,16.46
Leukocytes,L3,60751103,XR2,16.44
Leukocytes,L3,60751103,XR2,16.71
Leukocytes,L3,60751103,XR2,16.59
Leukocytes,L3,60751103,XR2,16.44
Leukocytes,L3,60751103,XR2,16.68
Leukocytes,L3,60751103,XR2,16.65
Leukocytes,L3,60751103,XR2,16.68
Leukocytes,L3,60751103,XR2,16.83
Leukocytes,L3,60751103,XR2,16.67
Leukocytes,L3,60751103,XR2,16.44
Leukocytes,L3,60751103,XR2,16.28
Leukocytes,L3,60751103,XR2,16.66
Leukocytes,L3,60751103,XR2,16.69
Leukocytes,L3,60751103,XR2,16.8
Leukocytes,L3,60751103,XR2,16.65
Leukocytes,L3,60751103,XR2,16.39
Leukocytes,L3,60751103,XR2,16.48
Leukocytes,L3,60751103,XR2,16.82
Leukocytes,L3,60751103,XR2,16.81
Leukocytes,L3,60751103,XR2,16.36
Leukocytes,L3,60751103,XR2,16.4
Leukocytes,L3,60751103,XR2,16.64
Leukocytes,L3,60751103,XR2,16.77
Leukocytes,L3,60751103,XR2,16.37
Leukocytes,L3,60751103,XR2,16.86
Leukocytes,L3,60751103,XR2,16.87
Leukocytes,L3,60751103,XR2,16.8
Leukocytes,L3,60751103,XR2,16.57
Leukocytes,L3,60751103,XR2,16.77
Leukocytes,L3,60751103,XR2,16.64
Leukocytes,L3,60751103,XR2,16.49
Leukocytes,L3,60751103,XR2,16.5
Leukocytes,L3,60751103,XR2,16.84
Leukocytes,L3,60751103,XR2,16.86
Leukocytes,L3,60751103,XR2,17.02
Leukocytes,L3,60751103,XR2,16.55
Leukocytes,L3,60751103,XR2,16.73
Leukocytes,L3,60751103,XR2,16.61
Leukocytes,L3,60751103,XR2,16.86
Leukocytes,L3,60751103,XR2,16.71
Leukocytes,L3,60751103,XR2,16.61
Leukocytes,L3,60751103,XR2,16.97
Leukocytes,L3,60751103,XR2,16.81
Leukocytes,L3,60751103,XR2,16.84
Leukocytes,L3,60751103,XR2,16.73
Leukocytes,L3,60751103,XR2,16.79
Leukocytes,L3,60751103,XR2,16.63
Leukocytes,L3,60751103,XR2,16.66
Leukocytes,L3,60751103,XR2,16.92
Leukocytes,L3,60751103,XR2,16.63
Leukocytes,L3,60751103,XR2,16.87
Leukocytes,L3,60751103,XR2,16.74
Leukocytes,L3,60751103,XR2,16.52
Leukocytes,L3,60751103,XR2,16.54
Leukocytes,L3,60751103,XR2,16.43
Leukocytes,L3,60751103,XR2,16.61
Leukocytes,L3,60751103,XR2,16.62
Leukocytes,L3,60751103,XR2,16.53
Leukocytes,L3,60751103,XR2,16.83
Leukocytes,L3,60751103,XR2,16.73
Leukocytes,L3,60751103,XR2,16.76
Leukocytes,L3,60751103,XR2,16.54
Leukocytes,L3,60751103,XR2,16.63
Leukocytes,L3,60751103,XR2,16.65
Leukocytes,L3,60751103,XR2,16.92
Leukocytes,L3,60751103,XR2,16.53
Leukocytes,L3,60751103,XR2,16.58
Leukocytes,L3,60751103,XR2,16.33
Leukocytes,L3,60751103,XR2,16.66
Leukocytes,L3,60751103,XR2,16.66
Leukocytes,L3,60751103,XR2,16.54
Leukocytes,L3,60751103,XR2,16.71
Leukocytes,L3,60751103,XR2,16.43
Leukocytes,L3,60751103,XR2,16.5
Leukocytes,L3,60751103,XR2,16.48
Leukocytes,L3,60751103,XR2,16.68
Leukocytes,L3,60751103,XR2,16.51
Leukocytes,L3,60751103,XR2,16.72
Leukocytes,L3,60751103,XR2,16.6
Leukocytes,L3,60751103,XR2,16.73
Leukocytes,L3,60751103,XR2,16.75
Leukocytes,L3,60751103,XR2,16.79
Leukocytes,L3,60751103,XR2,16.38
Leukocytes,L3,60751103,XR2,16.47
Leukocytes,L3,60751103,XR2,16.47
Leukocytes,L3,60751103,XR2,16.7
Leukocytes,L3,60751103,XR2,16.74
Leukocytes,L3,60751103,XR2,16.66
Leukocytes,L3,60751103,XR2,16.86
Leukocytes,L3,60751103,XR2,16.74
Leukocytes,L3,61311103,XR2,17.05
Leukocytes,L3,61311103,XR2,16.91
Leukocytes,L3,61311103,XR2,17.32
Leukocytes,L3,61311103,XR2,16.92
Leukocytes,L3,61311103,XR2,16.92
Leukocytes,L3,61311103,XR2,16.99
Leukocytes,L3,61311103,XR2,16.93
Leukocytes,L3,61311103,XR2,16.84
Leukocytes,L3,61311103,XR2,16.92
Leukocytes,L3,61311103,XR2,16.95
Leukocytes,L3,61311103,XR2,16.93
Leukocytes,L3,61311103,XR2,16.99
Leukocytes,L3,61311103,XR2,16.91
Leukocytes,L3,61311103,XR2,17.04
Leukocytes,L3,61311103,XR2,16.85
Leukocytes,L3,61311103,XR2,17.08
Leukocytes,L3,61311103,XR2,16.71
Leukocytes,L3,61311103,XR2,16.71
Leukocytes,L3,61311103,XR2,16.81
Leukocytes,L3,61311103,XR2,16.96
Leukocytes,L3,61311103,XR2,16.66
Leukocytes,L3,61311103,XR2,16.61
Leukocytes,L3,61311103,XR2,16.65
Leukocytes,L3,61311103,XR2,16.81
Leukocytes,L3,61311103,XR2,16.93
Leukocytes,L3,61311103,XR2,16.96
Leukocytes,L3,61311103,XR2,17.21
Leukocytes,L3,61311103,XR2,16.78
Leukocytes,L3,61311103,XR2,16.89
Leukocytes,L3,61311103,XR2,16.88
Leukocytes,L3,61311103,XR2,16.9
Leukocytes,L3,61311103,XR2,17.15
Leukocytes,L3,61311103,XR2,17.07
Leukocytes,L3,61311103,XR2,16.97
Leukocytes,L3,61311103,XR2,17.06
Leukocytes,L3,61311103,XR2,16.99
Leukocytes,L3,61311103,XR2,16.62
Leukocytes,L3,61311103,XR2,16.81
Leukocytes,L3,61311103,XR2,17.25
Leukocytes,L3,61311103,XR2,16.97
Leukocytes,L3,61311103,XR2,16.97
Leukocytes,L3,61311103,XR2,16.85
Leukocytes,L3,61311103,XR2,17.16
Leukocytes,L3,61311103,XR2,16.91
Leukocytes,L3,61311103,XR2,16.87
Leukocytes,L3,61311103,XR2,16.76
Leukocytes,L3,61311103,XR2,17.04
Leukocytes,L3,61311103,XR2,17.14
Leukocytes,L3,61311103,XR2,16.91
Leukocytes,L3,61311103,XR2,16.72
Leukocytes,L3,61311103,XR2,17.14
Leukocytes,L3,61311103,XR2,16.93
Leukocytes,L3,61311103,XR2,16.98
Leukocytes,L3,61311103,XR2,16.87
Leukocytes,L3,61311103,XR2,16.98
Leukocytes,L3,61311103,XR2,16.95
Leukocytes,L3,61311103,XR2,17.17
Leukocytes,L3,61311103,XR2,17.07
Leukocytes,L3,61311103,XR2,16.75
Leukocytes,L3,61311103,XR2,16.7
Leukocytes,L3,61311103,XR2,16.76
Leukocytes,L3,61311103,XR2,16.74
Leukocytes,L3,61311103,XR2,16.91
Leukocytes,L3,61311103,XR2,17.12
Leukocytes,L3,61311103,XR2,16.63
Leukocytes,L3,61311103,XR2,16.68
Leukocytes,L3,61311103,XR2,17.18
Leukocytes,L3,61311103,XR2,17.07
Leukocytes,L3,61311103,XR2,17.26
Leukocytes,L3,61311103,XR2,16.87
Leukocytes,L3,61311103,XR2,17.07
Leukocytes,L3,61311103,XR2,16.97
Leukocytes,L3,61311103,XR2,16.88
Leukocytes,L3,61311103,XR2,16.9
Leukocytes,L3,61311103,XR2,16.56
Leukocytes,L3,61311103,XR2,16.75
Leukocytes,L3,61311103,XR2,17.14
Leukocytes,L3,61311103,XR2,16.95
Leukocytes,L3,61311103,XR2,17.17
Leukocytes,L3,61311103,XR2,16.73
Leukocytes,L3,61311103,XR2,16.75
Leukocytes,L3,61311103,XR2,17.08
Leukocytes,L3,61311103,XR2,16.87
Leukocytes,L3,61311103,XR2,16.88
Leukocytes,L3,61311103,XR2,17.16
Leukocytes,L3,61311103,XR2,16.88
Leukocytes,L3,61311103,XR2,17.13
Leukocytes,L3,61311103,XR2,16.78
Leukocytes,L3,61311103,XR2,16.65
Leukocytes,L3,61311103,XR2,16.66
Leukocytes,L3,61311103,XR2,17.03
Leukocytes,L3,61311103,XR2,16.92
Leukocytes,L3,61311103,XR2,17.19
Leukocytes,L3,61311103,XR2,16.74
Leukocytes,L1,53281101,XR3,3.05
Leukocytes,L1,53281101,XR3,3.1
Leukocytes,L1,53281101,XR3,3.08
Leukocytes,L1,53281101,XR3,2.93
Leukocytes,L1,53281101,XR3,3.04
Leukocytes,L1,53281101,XR3,2.99
Leukocytes,L1,53281101,XR3,2.95
Leukocytes,L1,53281101,XR3,3.01
Leukocytes,L1,53281101,XR3,2.95
Leukocytes,L1,53281101,XR3,3.02
Leukocytes,L1,53281101,XR3,3.01
Leukocytes,L1,53281101,XR3,3.08
Leukocytes,L1,53281101,XR3,2.84
Leukocytes,L1,53281101,XR3,3.06
Leukocytes,L1,53281101,XR3,3.04
Leukocytes,L1,53281101,XR3,3.07
Leukocytes,L1,53281101,XR3,2.96
Leukocytes,L1,53281101,XR3,3.05
Leukocytes,L1,53281101,XR3,3.0
Leukocytes,L1,53281101,XR3,3.06
Leukocytes,L1,53281101,XR3,2.91
Leukocytes,L1,53281101,XR3,3.02
Leukocytes,L1,53281101,XR3,2.99
Leukocytes,L1,53281101,XR3,3.03
Leukocytes,L1,53281101,XR3,3.1
Leukocytes,L1,53281101,XR3,3.03
Leukocytes,L1,53281101,XR3,3.03
Leukocytes,L1,53281101,XR3,3.05
Leukocytes,L1,53281101,XR3,2.99
Leukocytes,L1,53281101,XR3,3.08
Leukocytes,L1,53281101,XR3,3.05
Leukocytes,L1,53281101,XR3,3.18
Leukocytes,L1,53281101,XR3,3.06
Leukocytes,L1,53281101,XR3,2.99
Leukocytes,L1,53281101,XR3,3.03
Leukocytes,L1,53281101,XR3,3.17
Leukocytes,L1,53281101,XR3,3.0
Leukocytes,L1,53281101,XR3,2.93
Leukocytes,L1,53281101,XR3,3.05
Leukocytes,L1,53281101,XR3,3.07
Leukocytes,L1,53281101,XR3,3.02
Leukocytes,L1,53281101,XR3,2.93
Leukocytes,L1,53281101,XR3,3.04
Leukocytes,L1,53281101,XR3,2.95
Leukocytes,L1,53281101,XR3,2.99
Leukocytes,L1,53281101,XR3,3.11
Leukocytes,L1,53281101,XR3,3.09
Leukocytes,L1,53281101,XR3,3.03
Leukocytes,L1,53281101,XR3,2.98
Leukocytes,L1,53281101,XR3,3.06
Leukocytes,L1,53281101,XR3,2.95
Leukocytes,L1,53281101,XR3,2.92
Leukocytes,L1,53281101,XR3,2.91
Leukocytes,L1,53281101,XR3,3.04
Leukocytes,L1,53281101,XR3,3.07
Leukocytes,L1,53281101,XR3,3.1
Leukocytes,L1,53281101,XR3,2.99
Leukocytes,L1,53281101,XR3,2.92
Leukocytes,L1,60191101,XR3,3.03
Leukocytes,L1,60191101,XR3,3.04
Leukocytes,L1,60191101,XR3,3.08
Leukocytes,L1,60191101,XR3,3.0
Leukocytes,L1,60191101,XR3,3.09
Leukocytes,L1,60191101,XR3,3.09
Leukocytes,L1,60191101,XR3,2.96
Leukocytes,L1,60191101,XR3,3.02
Leukocytes,L1,60191101,XR3,3.05
Leukocytes,L1,60191101,XR3,3.06
Leukocytes,L1,60191101,XR3,3.05
Leukocytes,L1,60191101,XR3,3.13
Leukocytes,L1,60191101,XR3,3.11
Leukocytes,L1,60191101,XR3,3.19
Leukocytes,L1,60191101,XR3,3.02
Leukocytes,L1,60191101,XR3,3.11
Leukocytes,L1,60191101,XR3,3.08
Leukocytes,L1,60191101,XR3,2.98
Leukocytes,L1,60191101,XR3,3.15
Leukocytes,L1,60191101,XR3,3.08
Leukocytes,L1,60191101,XR3,3.03
Leukocytes,L1,60191101,XR3,3.05
Leukocytes,L1,60191101,XR3,3.06
Leukocytes,L1,60191101,XR3,3.12
Leukocytes,L1,60191101,XR3,3.1
Leukocytes,L1,60191101,XR3,3.1
Leukocytes,L1,60191101,XR3,3.02
Leukocytes,L1,60191101,XR3,3.12
Leukocytes,L1,60191101,XR3,3.15
Leukocytes,L1,60191101,XR3,3.18
Leukocytes,L1,60191101,XR3,3.07
Leukocytes,L1,60191101,XR3,3.09
Leukocytes,L1,60191101,XR3,3.02
Leukocytes,L1,60191101,XR3,3.12
Leukocytes,L1,60191101,XR3,3.06
Leukocytes,L1,60191101,XR3,3.18
Leukocytes,L1,60191101,XR3,3.07
Leukocytes,L1,60191101,XR3,3.06
Leukocytes,L1,60191101,XR3,3.12
Leukocytes,L1,60191101,XR3,3.05
Leukocytes,L1,60191101,XR3,3.12
Leukocytes,L1,60191101,XR3,3.01
Leukocytes,L1,60191101,XR3,3.11
Leukocytes,L1,60191101,XR3,3.17
Leukocytes,L1,60191101,XR3,3.05
Leukocytes,L1,60191101,XR3,3.08
Leukocytes,L1,60191101,XR3,3.06
Leukocytes,L1,60191101,XR3,3.03
Leukocytes,L1,60191101,XR3,3.16
Leukocytes,L1,60191101,XR3,3.0
Leukocytes,L1,60191101,XR3,3.07
Leukocytes,L1,60191101,XR3,3.0
Leukocytes,L1,60191101,XR3,3.16
Leukocytes,L1,60191101,XR3,3.03
Leukocytes,L1,60191101,XR3,3.03
Leukocytes,L1,60191101,XR3,3.04
Leukocytes,L1,60191101,XR3,3.13
Leukocytes,L1,60191101,XR3,3.05
Leukocytes,L1,60191101,XR3,3.16
Leukocytes,L1,60191101,XR3,3.08
Leukocytes,L1,60191101,XR3,3.11
Leukocytes,L1,60191101,XR3,3.05
Leukocytes,L1,60191101,XR3,3.07
Leukocytes,L1,60191101,XR3,3.03
Leukocytes,L1,60191101,XR3,3.07
Leukocytes,L1,60191101,XR3,3.17
Leukocytes,L1,60191101,XR3,3.07
Leukocytes,L1,60191101,XR3,3.04
Leukocytes,L1,60191101,XR3,3.22
Leukocytes,L1,60191101,XR3,3.13
Leukocytes,L1,60191101,XR3,3.14
Leukocytes,L1,60191101,XR3,3.16
Leukocytes,L1,60191101,XR3,3.12
Leukocytes,L1,60191101,XR3,3.08
Leukocytes,L1,60191101,XR3,3.14
Leukocytes,L1,60191101,XR3,3.08
Leukocytes,L1,60191101,XR3,3.07
Leukocytes,L1,60191101,XR3,3.13
Leukocytes,L1,60191101,XR3,3.12
Leukocytes,L1,60191101,XR3,3.03
Leukocytes,L1,60191101,XR3,3.08
Leukocytes,L1,60191101,XR3,3.09
Leukocytes,L1,60191101,XR3,3.22
Leukocytes,L1,60191101,XR3,3.15
Leukocytes,L1,60191101,XR3,3.09
Leukocytes,L1,60191101,XR3,3.13
Leukocytes,L1,60191101,XR3,3.16
Leukocytes,L1,60191101,XR3,3.13
Leukocytes,L1,60191101,XR3,3.17
Leukocytes,L1,60191101,XR3,3.16
Leukocytes,L1,60191101,XR3,3.06
Leukocytes,L1,60191101,XR3,3.15
Leukocytes,L1,60191101,XR3,3.05
Leukocytes,L1,60191101,XR3,3.09
Leukocytes,L1,60191101,XR3,3.07
Leukocytes,L1,60191101,XR3,2.99
Leukocytes,L1,60191101,XR3,3.14
Leukocytes,L1,60191101,XR3,3.04
Leukocytes,L1,60191101,XR3,3.12
Leukocytes,L1,60191101,XR3,3.09
Leukocytes,L1,60191101,XR3,3.11
Leukocytes,L1,60191101,XR3,3.04
Leukocytes,L1,60191101,XR3,3.22
Leukocytes,L1,60191101,XR3,3.18
Leukocytes,L1,60191101,XR3,3.06
Leukocytes,L1,60191101,XR3,3.02
Leukocytes,L1,60191101,XR3,3.14
Leukocytes,L1,60191101,XR3,3.01
Leukocytes,L1,60191101,XR3,3.14
Leukocytes,L1,60191101,XR3,3.12
Leukocytes,L1,60191101,XR3,3.13
Leukocytes,L1,60191101,XR3,3.07
Leukocytes,L1,60191101,XR3,3.13
Leukocytes,L1,60191101,XR3,3.09
Leukocytes,L1,60191101,XR3,2.99
Leukocytes,L1,60191101,XR3,3.16
Leukocytes,L1,60751101,XR3,3.12
Leukocytes,L1,60751101,XR3,3.01
Leukocytes,L1,60751101,XR3,3.13
Leukocytes,L1,60751101,XR3,2.97
Leukocytes,L1,60751101,XR3,3.04
Leukocytes,L1,60751101,XR3,3.01
Leukocytes,L1,60751101,XR3,3.08
Leukocytes,L1,60751101,XR3,3.09
Leukocytes,L1,60751101,XR3,3.13
Leukocytes,L1,60751101,XR3,3.16
Leukocytes,L1,60751101,XR3,3.05
Leukocytes,L1,60751101,XR3,2.99
Leukocytes,L1,60751101,XR3,3.06
Leukocytes,L1,60751101,XR3,3.14
Leukocytes,L1,60751101,XR3,3.13
Leukocytes,L1,60751101,XR3,3.01
Leukocytes,L1,60751101,XR3,3.1
Leukocytes,L1,60751101,XR3,2.99
Leukocytes,L1,60751101,XR3,3.07
Leukocytes,L1,60751101,XR3,3.1
Leukocytes,L1,60751101,XR3,3.07
Leukocytes,L1,60751101,XR3,3.0
Leukocytes,L1,60751101,XR3,3.03
Leukocytes,L1,60751101,XR3,3.1
Leukocytes,L1,60751101,XR3,3.09
Leukocytes,L1,60751101,XR3,3.11
Leukocytes,L1,60751101,XR3,3.15
Leukocytes,L1,60751101,XR3,3.18
Leukocytes,L1,60751101,XR3,3.08
Leukocytes,L1,60751101,XR3,3.05
Leukocytes,L1,60751101,XR3,3.01
Leukocytes,L1,60751101,XR3,2.92
Leukocytes,L1,60751101,XR3,3.15
Leukocytes,L1,60751101,XR3,3.15
Leukocytes,L1,60751101,XR3,3.1
Leukocytes,L1,60751101,XR3,3.17
Leukocytes,L1,60751101,XR3,3.03
Leukocytes,L1,60751101,XR3,3.06
Leukocytes,L1,60751101,XR3,3.1
Leukocytes,L1,60751101,XR3,3.13
Leukocytes,L1,60751101,XR3,2.96
Leukocytes,L1,60751101,XR3,3.12
Leukocytes,L1,60751101,XR3,3.09
Leukocytes,L1,60751101,XR3,3.12
Leukocytes,L1,60751101,XR3,3.1
Leukocytes,L1,60751101,XR3,3.07
Leukocytes,L1,60751101,XR3,3.14
Leukocytes,L1,60751101,XR3,3.11
Leukocytes,L1,60751101,XR3,3.08
Leukocytes,L1,60751101,XR3,3.04
Leukocytes,L1,60751101,XR3,3.04
Leukocytes,L1,60751101,XR3,3.13
Leukocytes,L1,60751101,XR3,3.18
Leukocytes,L1,60751101,XR3,3.19
Leukocytes,L1,60751101,XR3,3.0
Leukocytes,L1,60751101,XR3,3.13
Leukocytes,L1,60751101,XR3,3.08
Leukocytes,L1,60751101,XR3,2.98
Leukocytes,L1,60751101,XR3,3.14
Leukocytes,L1,60751101,XR3,3.04
Leukocytes,L1,60751101,XR3,3.14
Leukocytes,L1,60751101,XR3,3.13
Leukocytes,L1,60751101,XR3,3.1
Leukocytes,L1,60751101,XR3,3.05
Leukocytes,L1,60751101,XR3,3.08
Leukocytes,L1,60751101,XR3,3.03
Leukocytes,L1,60751101,XR3,3.15
Leukocytes,L1,60751101,XR3,3.17
Leukocytes,L1,60751101,XR3,2.97
Leukocytes,L1,60751101,XR3,3.05
Leukocytes,L1,60751101,XR3,3.1
Leukocytes,L1,60751101,XR3,3.1
Leukocytes,L1,60751101,XR3,2.96
Leukocytes,L1,60751101,XR3,3.16
Leukocytes,L1,60751101,XR3,3.11
Leukocytes,L1,60751101,XR3,3.12
Leukocytes,L1,60751101,XR3,3.03
Leukocytes,L1,60751101,XR3,3.05
Leukocytes,L1,60751101,XR3,3.13
Leukocytes,L1,60751101,XR3,3.1
Leukocytes,L1,60751101,XR3,3.13
Leukocytes,L1,60751101,XR3,3.08
Leukocytes,L1,60751101,XR3,3.09
Leukocytes,L1,60751101,XR3,3.23
Leukocytes,L1,60751101,XR3,3.11
Leukocytes,L1,60751101,XR3,3.06
Leukocytes,L1,60751101,XR3,3.08
Leukocytes,L1,60751101,XR3,3.14
Leukocytes,L1,60751101,XR3,3.1
Leukocytes,L1,60751101,XR3,3.2
Leukocytes,L1,60751101,XR3,3.07
Leukocytes,L1,60751101,XR3,3.14
Leukocytes,L1,60751101,XR3,3.09
Leukocytes,L1,60751101,XR3,3.21
Leukocytes,L1,60751101,XR3,2.99
Leukocytes,L1,60751101,XR3,3.14
Leukocytes,L1,60751101,XR3,3.01
Leukocytes,L1,60751101,XR3,3.03
Leukocytes,L1,60751101,XR3,3.11
Leukocytes,L1,60751101,XR3,3.05
Leukocytes,L1,60751101,XR3,3.1
Leukocytes,L1,60751101,XR3,2.94
Leukocytes,L1,60751101,XR3,3.13
Leukocytes,L1,60751101,XR3,3.17
Leukocytes,L1,60751101,XR3,3.09
Leukocytes,L1,60751101,XR3,3.15
Leukocytes,L1,61311101,XR3,3.05
Leukocytes,L1,60751101,XR3,3.04
Leukocytes,L1,60751101,XR3,3.05
Leukocytes,L1,60751101,XR3,3.04
Leukocytes,L1,60751101,XR3,3.11
Leukocytes,L1,60751101,XR3,3.06
Leukocytes,L1,60751101,XR3,2.96
Leukocytes,L1,60751101,XR3,3.07
Leukocytes,L1,61311101,XR3,3.13
Leukocytes,L1,61311101,XR3,3.1
Leukocytes,L1,61311101,XR3,3.12
Leukocytes,L1,61311101,XR3,3.08
Leukocytes,L1,61311101,XR3,3.1
Leukocytes,L1,61311101,XR3,3.15
Leukocytes,L1,61311101,XR3,3.12
Leukocytes,L1,61311101,XR3,3.17
Leukocytes,L1,61311101,XR3,3.11
Leukocytes,L1,61311101,XR3,3.12
Leukocytes,L1,61311101,XR3,3.11
Leukocytes,L1,61311101,XR3,3.14
Leukocytes,L1,61311101,XR3,3.13
Leukocytes,L1,61311101,XR3,3.1
Leukocytes,L1,61311101,XR3,3.18
Leukocytes,L1,61311101,XR3,3.21
Leukocytes,L1,61311101,XR3,3.16
Leukocytes,L1,61311101,XR3,3.18
Leukocytes,L1,61311101,XR3,3.07
Leukocytes,L1,61311101,XR3,3.17
Leukocytes,L1,61311101,XR3,3.13
Leukocytes,L1,61311101,XR3,3.15
Leukocytes,L1,61311101,XR3,3.19
Leukocytes,L1,61311101,XR3,3.13
Leukocytes,L1,61311101,XR3,2.96
Leukocytes,L1,61311101,XR3,3.11
Leukocytes,L1,61311101,XR3,3.08
Leukocytes,L1,61311101,XR3,3.03
Leukocytes,L1,61311101,XR3,3.16
Leukocytes,L1,61311101,XR3,3.15
Leukocytes,L1,61311101,XR3,3.18
Leukocytes,L1,61311101,XR3,3.13
Leukocytes,L1,61311101,XR3,3.07
Leukocytes,L1,61311101,XR3,3.16
Leukocytes,L1,61311101,XR3,3.08
Leukocytes,L1,61311101,XR3,2.95
Leukocytes,L1,61311101,XR3,3.14
Leukocytes,L1,61311101,XR3,3.11
Leukocytes,L1,61311101,XR3,3.19
Leukocytes,L1,61311101,XR3,3.08
Leukocytes,L1,61311101,XR3,3.11
Leukocytes,L1,61311101,XR3,2.99
Leukocytes,L1,61311101,XR3,3.15
Leukocytes,L1,61311101,XR3,3.11
Leukocytes,L1,61311101,XR3,3.1
Leukocytes,L1,61311101,XR3,3.23
Leukocytes,L1,61311101,XR3,3.16
Leukocytes,L1,61311101,XR3,3.04
Leukocytes,L1,61311101,XR3,3.11
Leukocytes,L1,61311101,XR3,3.25
Leukocytes,L1,61311101,XR3,3.15
Leukocytes,L1,61311101,XR3,3.04
Leukocytes,L1,61311101,XR3,3.22
Leukocytes,L1,61311101,XR3,3.06
Leukocytes,L1,61311101,XR3,3.06
Leukocytes,L1,61311101,XR3,3.09
Leukocytes,L1,61311101,XR3,3.08
Leukocytes,L1,61311101,XR3,3.13
Leukocytes,L1,61311101,XR3,3.11
Leukocytes,L1,61311101,XR3,3.09
Leukocytes,L1,61311101,XR3,3.23
Leukocytes,L1,61311101,XR3,3.08
Leukocytes,L1,61311101,XR3,3.11
Leukocytes,L1,61311101,XR3,3.12
Leukocytes,L1,61311101,XR3,3.12
Leukocytes,L1,61311101,XR3,3.06
Leukocytes,L1,61311101,XR3,3.16
Leukocytes,L1,61311101,XR3,3.17
Leukocytes,L1,61311101,XR3,3.03
Leukocytes,L1,61311101,XR3,3.0
Leukocytes,L1,61311101,XR3,3.06
Leukocytes,L1,61311101,XR3,3.07
Leukocytes,L1,61311101,XR3,3.06
Leukocytes,L1,61311101,XR3,3.15
Leukocytes,L1,61311101,XR3,3.08
Leukocytes,L1,61311101,XR3,3.05
Leukocytes,L1,61311101,XR3,2.99
Leukocytes,L1,61311101,XR3,3.06
Leukocytes,L1,61311101,XR3,3.15
Leukocytes,L1,61311101,XR3,3.08
Leukocytes,L1,61311101,XR3,3.08
Leukocytes,L1,61311101,XR3,3.16
Leukocytes,L1,61311101,XR3,3.08
Leukocytes,L1,61311101,XR3,3.12
Leukocytes,L1,61311101,XR3,3.19
Leukocytes,L1,61311101,XR3,3.1
Leukocytes,L1,61311101,XR3,3.15
Leukocytes,L1,61311101,XR3,3.09
Leukocytes,L1,61311101,XR3,3.09
Leukocytes,L1,61311101,XR3,3.17
Leukocytes,L1,61311101,XR3,2.97
Leukocytes,L1,61311101,XR3,3.09
Leukocytes,L1,61311101,XR3,3.12
Leukocytes,L1,61311101,XR3,3.16
Leukocytes,L2,53281102,XR3,6.84
Leukocytes,L2,53281102,XR3,6.83
Leukocytes,L2,53281102,XR3,6.89
Leukocytes,L2,53281102,XR3,6.97
Leukocytes,L2,53281102,XR3,6.91
Leukocytes,L2,53281102,XR3,6.9
Leukocytes,L2,53281102,XR3,7.09
Leukocytes,L2,53281102,XR3,6.86
Leukocytes,L2,53281102,XR3,6.9
Leukocytes,L2,53281102,XR3,6.85
Leukocytes,L2,53281102,XR3,6.83
Leukocytes,L2,53281102,XR3,6.86
Leukocytes,L2,53281102,XR3,6.92
Leukocytes,L2,53281102,XR3,6.94
Leukocytes,L2,53281102,XR3,7.06
Leukocytes,L2,53281102,XR3,6.89
Leukocytes,L2,53281102,XR3,7.17
Leukocytes,L2,53281102,XR3,6.83
Leukocytes,L2,53281102,XR3,6.76
Leukocytes,L2,53281102,XR3,6.81
Leukocytes,L2,53281102,XR3,6.89
Leukocytes,L2,53281102,XR3,6.97
Leukocytes,L2,53281102,XR3,7.0
Leukocytes,L2,53281102,XR3,6.93
Leukocytes,L2,53281102,XR3,6.89
Leukocytes,L2,53281102,XR3,6.83
Leukocytes,L2,53281102,XR3,6.79
Leukocytes,L2,53281102,XR3,6.74
Leukocytes,L2,53281102,XR3,6.82
Leukocytes,L2,53281102,XR3,6.98
Leukocytes,L2,53281102,XR3,6.78
Leukocytes,L2,53281102,XR3,6.98
Leukocytes,L2,53281102,XR3,6.88
Leukocytes,L2,53281102,XR3,6.87
Leukocytes,L2,53281102,XR3,6.93
Leukocytes,L2,53281102,XR3,6.88
Leukocytes,L2,53281102,XR3,6.94
Leukocytes,L2,53281102,XR3,6.79
Leukocytes,L2,53281102,XR3,6.97
Leukocytes,L2,53281102,XR3,6.87
Leukocytes,L2,53281102,XR3,6.86
Leukocytes,L2,53281102,XR3,6.98
Leukocytes,L2,53281102,XR3,6.83
Leukocytes,L2,53281102,XR3,7.06
Leukocytes,L2,53281102,XR3,7.01
Leukocytes,L2,53281102,XR3,6.91
Leukocytes,L2,53281102,XR3,6.8
Leukocytes,L2,53281102,XR3,6.89
Leukocytes,L2,53281102,XR3,6.81
Leukocytes,L2,53281102,XR3,6.88
Leukocytes,L2,53281102,XR3,7.03
Leukocytes,L2,53281102,XR3,6.88
Leukocytes,L2,53281102,XR3,6.73
Leukocytes,L2,53281102,XR3,6.68
Leukocytes,L2,53281102,XR3,6.94
Leukocytes,L2,53281102,XR3,6.96
Leukocytes,L2,53281102,XR3,6.78
Leukocytes,L2,53281102,XR3,6.89
Leukocytes,L2,53281102,XR3,6.88
Leukocytes,L2,53281102,XR3,6.97
Leukocytes,L2,53281102,XR3,7.04
Leukocytes,L2,53281102,XR3,6.93
Leukocytes,L2,53281102,XR3,6.83
Leukocytes,L2,53281102,XR3,6.94
Leukocytes,L2,53281102,XR3,6.97
Leukocytes,L2,53281102,XR3,6.74
Leukocytes,L2,53281102,XR3,7.02
Leukocytes,L2,53281102,XR3,6.86
Leukocytes,L2,53281102,XR3,6.86
Leukocytes,L2,53281102,XR3,6.87
Leukocytes,L2,53281102,XR3,6.88
Leukocytes,L2,53281102,XR3,7.06
Leukocytes,L2,53281102,XR3,7.04
Leukocytes,L2,53281102,XR3,6.76
Leukocytes,L2,53281102,XR3,6.82
Leukocytes,L2,53281102,XR3,6.72
Leukocytes,L2,53281102,XR3,6.96
Leukocytes,L2,53281102,XR3,6.97
Leukocytes,L2,53281102,XR3,6.73
Leukocytes,L2,53281102,XR3,6.89
Leukocytes,L2,53281102,XR3,7.08
Leukocytes,L2,53281102,XR3,7.06
Leukocytes,L2,53281102,XR3,6.79
Leukocytes,L2,53281102,XR3,6.8
Leukocytes,L2,53281102,XR3,6.81
Leukocytes,L2,53281102,XR3,6.73
Leukocytes,L2,53281102,XR3,6.95
Leukocytes,L2,53281102,XR3,6.91
Leukocytes,L2,53281102,XR3,6.82
Leukocytes,L2,53281102,XR3,6.75
Leukocytes,L2,53281102,XR3,7.07
Leukocytes,L2,53281102,XR3,6.94
Leukocytes,L2,53281102,XR3,6.88
Leukocytes,L2,53281102,XR3,6.96
Leukocytes,L2,53281102,XR3,6.75
Leukocytes,L2,53281102,XR3,7.03
Leukocytes,L2,53281102,XR3,7.05
Leukocytes,L2,53281102,XR3,6.96
Leukocytes,L2,53281102,XR3,7.01
Leukocytes,L2,53281102,XR3,6.83
Leukocytes,L2,53281102,XR3,6.88
Leukocytes,L2,53281102,XR3,6.93
Leukocytes,L2,53281102,XR3,6.91
Leukocytes,L2,53281102,XR3,6.81
Leukocytes,L2,53281102,XR3,6.87
Leukocytes,L2,53281102,XR3,6.93
Leukocytes,L2,53281102,XR3,6.85
Leukocytes,L2,53281102,XR3,6.9
Leukocytes,L2,53281102,XR3,6.91
Leukocytes,L2,53281102,XR3,6.93
Leukocytes,L2,53281102,XR3,6.86
Leukocytes,L2,53281102,XR3,6.96
Leukocytes,L2,53281102,XR3,6.7
Leukocytes,L2,53281102,XR3,6.88
Leukocytes,L2,53281102,XR3,7.05
Leukocytes,L2,53281102,XR3,6.82
Leukocytes,L2,53281102,XR3,6.89
Leukocytes,L2,53281102,XR3,6.85
Leukocytes,L2,53281102,XR3,7.0
Leukocytes,L2,53281102,XR3,7.03
Leukocytes,L2,53281102,XR3,6.81
Leukocytes,L2,53281102,XR3,6.89
Leukocytes,L2,53281102,XR3,6.75
Leukocytes,L2,53281102,XR3,6.97
Leukocytes,L2,53281102,XR3,6.89
Leukocytes,L2,53281102,XR3,6.75
Leukocytes,L2,53281102,XR3,6.71
Leukocytes,L2,53281102,XR3,6.9
Leukocytes,L2,53281102,XR3,6.82
Leukocytes,L2,53281102,XR3,6.77
Leukocytes,L2,53281102,XR3,7.07
Leukocytes,L2,53281102,XR3,6.9
Leukocytes,L2,53281102,XR3,6.77
Leukocytes,L2,53281102,XR3,6.95
Leukocytes,L2,53281102,XR3,6.84
Leukocytes,L2,53281102,XR3,6.89
Leukocytes,L2,53281102,XR3,7.05
Leukocytes,L2,53281102,XR3,6.88
Leukocytes,L2,53281102,XR3,6.98
Leukocytes,L2,53281102,XR3,6.7
Leukocytes,L2,53281102,XR3,6.95
Leukocytes,L2,53281102,XR3,6.97
Leukocytes,L2,53281102,XR3,6.86
Leukocytes,L2,53281102,XR3,6.84
Leukocytes,L2,53281102,XR3,6.88
Leukocytes,L2,53281102,XR3,6.85
Leukocytes,L2,53281102,XR3,6.94
Leukocytes,L2,53281102,XR3,6.79
Leukocytes,L2,53281102,XR3,6.83
Leukocytes,L2,53281102,XR3,6.82
Leukocytes,L2,53281102,XR3,6.92
Leukocytes,L2,53281102,XR3,6.82
Leukocytes,L2,53281102,XR3,6.86
Leukocytes,L2,53281102,XR3,6.76
Leukocytes,L2,53281102,XR3,6.8
Leukocytes,L2,53281102,XR3,6.85
Leukocytes,L2,53281102,XR3,6.81
Leukocytes,L2,60191102,XR3,6.91
Leukocytes,L2,60191102,XR3,6.88
Leukocytes,L2,60191102,XR3,6.76
Leukocytes,L2,60191102,XR3,6.74
Leukocytes,L2,60191102,XR3,6.61
Leukocytes,L2,60191102,XR3,6.84
Leukocytes,L2,60191102,XR3,6.83
Leukocytes,L2,60191102,XR3,6.73
Leukocytes,L2,60191102,XR3,6.79
Leukocytes,L2,60191102,XR3,6.82
Leukocytes,L2,60191102,XR3,6.76
Leukocytes,L2,60191102,XR3,6.77
Leukocytes,L2,60191102,XR3,6.64
Leukocytes,L2,60191102,XR3,6.93
Leukocytes,L2,60191102,XR3,6.6
Leukocytes,L2,60191102,XR3,6.75
Leukocytes,L2,60191102,XR3,6.73
Leukocytes,L2,60191102,XR3,7.01
Leukocytes,L2,60191102,XR3,6.67
Leukocytes,L2,60191102,XR3,6.74
Leukocytes,L2,60191102,XR3,6.55
Leukocytes,L2,60191102,XR3,6.71
Leukocytes,L2,60191102,XR3,6.56
Leukocytes,L2,60191102,XR3,6.71
Leukocytes,L2,60191102,XR3,6.73
Leukocytes,L2,60191102,XR3,6.83
Leukocytes,L2,60191102,XR3,6.82
Leukocytes,L2,60191102,XR3,6.67
Leukocytes,L2,60191102,XR3,6.61
Leukocytes,L2,60191102,XR3,6.85
Leukocytes,L2,60191102,XR3,6.8
Leukocytes,L2,60191102,XR3,6.69
Leukocytes,L2,60191102,XR3,6.87
Leukocytes,L2,60191102,XR3,6.76
Leukocytes,L2,60191102,XR3,6.76
Leukocytes,L2,60191102,XR3,6.68
Leukocytes,L2,60191102,XR3,6.76
Leukocytes,L2,60191102,XR3,6.75
Leukocytes,L2,60191102,XR3,6.96
Leukocytes,L2,60191102,XR3,6.74
Leukocytes,L2,60191102,XR3,6.76
Leukocytes,L2,60191102,XR3,6.74
Leukocytes,L2,60191102,XR3,6.61
Leukocytes,L2,60191102,XR3,6.79
Leukocytes,L2,60191102,XR3,6.87
Leukocytes,L2,60191102,XR3,6.64
Leukocytes,L2,60191102,XR3,6.66
Leukocytes,L2,60191102,XR3,6.74
Leukocytes,L2,60191102,XR3,6.69
Leukocytes,L2,60191102,XR3,6.56
Leukocytes,L2,60191102,XR3,6.7
Leukocytes,L2,60191102,XR3,6.68
Leukocytes,L2,60191102,XR3,6.79
Leukocytes,L2,60191102,XR3,6.64
Leukocytes,L2,60191102,XR3,6.91
Leukocytes,L2,60191102,XR3,6.58
Leukocytes,L2,60191102,XR3,6.7
Leukocytes,L2,60191102,XR3,6.75
Leukocytes,L2,60191102,XR3,6.78
Leukocytes,L2,60191102,XR3,6.69
Leukocytes,L2,60191102,XR3,6.61
Leukocytes,L2,60191102,XR3,6.87
Leukocytes,L2,60191102,XR3,6.77
Leukocytes,L2,60191102,XR3,6.94
Leukocytes,L2,60191102,XR3,6.73
Leukocytes,L2,60191102,XR3,6.65
Leukocytes,L2,60191102,XR3,6.74
Leukocytes,L2,60191102,XR3,6.92
Leukocytes,L2,60191102,XR3,6.68
Leukocytes,L2,60191102,XR3,6.74
Leukocytes,L2,60191102,XR3,6.74
Leukocytes,L2,60191102,XR3,6.89
Leukocytes,L2,60191102,XR3,6.67
Leukocytes,L2,60191102,XR3,6.82
Leukocytes,L2,60191102,XR3,6.93
Leukocytes,L2,60191102,XR3,6.77
Leukocytes,L2,60191102,XR3,6.84
Leukocytes,L2,60191102,XR3,6.77
Leukocytes,L2,60191102,XR3,6.79
Leukocytes,L2,60191102,XR3,6.73
Leukocytes,L2,60191102,XR3,6.66
Leukocytes,L2,60191102,XR3,6.79
Leukocytes,L2,60191102,XR3,6.74
Leukocytes,L2,60191102,XR3,6.79
Leukocytes,L2,60191102,XR3,6.67
Leukocytes,L2,60191102,XR3,7.0
Leukocytes,L2,60191102,XR3,6.78
Leukocytes,L2,60191102,XR3,6.62
Leukocytes,L2,60191102,XR3,6.77
Leukocytes,L2,60191102,XR3,6.87
Leukocytes,L2,60191102,XR3,6.79
Leukocytes,L2,60191102,XR3,6.85
Leukocytes,L2,60191102,XR3,6.65
Leukocytes,L2,60191102,XR3,6.85
Leukocytes,L2,60191102,XR3,6.99
Leukocytes,L2,60191102,XR3,6.78
Leukocytes,L2,60191102,XR3,6.74
Leukocytes,L2,60191102,XR3,6.96
Leukocytes,L2,60191102,XR3,6.81
Leukocytes,L2,60191102,XR3,6.72
Leukocytes,L2,60191102,XR3,6.6
Leukocytes,L2,60191102,XR3,6.98
Leukocytes,L2,60191102,XR3,6.71
Leukocytes,L2,60191102,XR3,6.85
Leukocytes,L2,60191102,XR3,6.8
Leukocytes,L2,60191102,XR3,6.8
Leukocytes,L2,60191102,XR3,6.86
Leukocytes,L2,60191102,XR3,6.55
Leukocytes,L2,60191102,XR3,6.6
Leukocytes,L2,60191102,XR3,6.91
Leukocytes,L2,60191102,XR3,6.93
Leukocytes,L2,60191102,XR3,6.81
Leukocytes,L2,60191102,XR3,6.89
Leukocytes,L2,60191102,XR3,6.68
Leukocytes,L2,60191102,XR3,6.76
Leukocytes,L2,60191102,XR3,6.72
Leukocytes,L2,60191102,XR3,6.66
Leukocytes,L2,60191102,XR3,6.89
Leukocytes,L2,60191102,XR3,6.84
Leukocytes,L2,60191102,XR3,6.9
Leukocytes,L2,60191102,XR3,6.81
Leukocytes,L2,60191102,XR3,6.8
Leukocytes,L2,60191102,XR3,6.76
Leukocytes,L2,60191102,XR3,6.79
Leukocytes,L2,60191102,XR3,6.84
Leukocytes,L2,60191102,XR3,6.83
Leukocytes,L2,60191102,XR3,6.86
Leukocytes,L2,60191102,XR3,6.81
Leukocytes,L2,60191102,XR3,6.82
Leukocytes,L2,60191102,XR3,6.81
Leukocytes,L2,60191102,XR3,6.91
Leukocytes,L2,60191102,XR3,6.67
Leukocytes,L2,60191102,XR3,6.89
Leukocytes,L2,60191102,XR3,6.91
Leukocytes,L2,60191102,XR3,6.96
Leukocytes,L2,60191102,XR3,6.75
Leukocytes,L2,60191102,XR3,6.75
Leukocytes,L2,60191102,XR3,6.78
Leukocytes,L2,60191102,XR3,6.73
Leukocytes,L2,60191102,XR3,6.76
Leukocytes,L2,60191102,XR3,7.04
Leukocytes,L2,60191102,XR3,7.15
Leukocytes,L2,60191102,XR3,6.73
Leukocytes,L2,60191102,XR3,6.83
Leukocytes,L2,60191102,XR3,6.93
Leukocytes,L2,60191102,XR3,6.8
Leukocytes,L2,60191102,XR3,6.76
Leukocytes,L2,60191102,XR3,6.76
Leukocytes,L2,60191102,XR3,6.88
Leukocytes,L2,60191102,XR3,6.85
Leukocytes,L2,60191102,XR3,6.87
Leukocytes,L2,60191102,XR3,6.94
Leukocytes,L2,60191102,XR3,6.77
Leukocytes,L2,60191102,XR3,6.71
Leukocytes,L2,60191102,XR3,6.69
Leukocytes,L2,60191102,XR3,6.95
Leukocytes,L2,60191102,XR3,6.99
Leukocytes,L2,60191102,XR3,6.7
Leukocytes,L2,60191102,XR3,6.86
Leukocytes,L2,60191102,XR3,6.83
Leukocytes,L2,60191102,XR3,6.86
Leukocytes,L2,60191102,XR3,6.67
Leukocytes,L2,60191102,XR3,6.66
Leukocytes,L2,60191102,XR3,6.79
Leukocytes,L2,60191102,XR3,6.64
Leukocytes,L2,60191102,XR3,6.92
Leukocytes,L2,60191102,XR3,6.87
Leukocytes,L2,60191102,XR3,6.84
Leukocytes,L2,60191102,XR3,6.82
Leukocytes,L2,60751102,XR3,7.0
Leukocytes,L2,60751102,XR3,7.0
Leukocytes,L2,60751102,XR3,7.31
Leukocytes,L2,60751102,XR3,6.99
Leukocytes,L2,60751102,XR3,7.11
Leukocytes,L2,60751102,XR3,6.86
Leukocytes,L2,60751102,XR3,6.99
Leukocytes,L2,60751102,XR3,6.97
Leukocytes,L2,60751102,XR3,7.04
Leukocytes,L2,60751102,XR3,7.11
Leukocytes,L2,60751102,XR3,7.06
Leukocytes,L2,60751102,XR3,7.25
Leukocytes,L2,60751102,XR3,7.04
Leukocytes,L2,60751102,XR3,6.89
Leukocytes,L2,60751102,XR3,7.05
Leukocytes,L2,60751102,XR3,7.2
Leukocytes,L2,60751102,XR3,7.26
Leukocytes,L2,60751102,XR3,7.06
Leukocytes,L2,60751102,XR3,6.86
Leukocytes,L2,60751102,XR3,7.15
Leukocytes,L2,60751102,XR3,7.04
Leukocytes,L2,60751102,XR3,7.1
Leukocytes,L2,60751102,XR3,7.02
Leukocytes,L2,60751102,XR3,6.88
Leukocytes,L2,60751102,XR3,6.98
Leukocytes,L2,60751102,XR3,6.95
Leukocytes,L2,60751102,XR3,7.02
Leukocytes,L2,60751102,XR3,7.03
Leukocytes,L2,60751102,XR3,6.98
Leukocytes,L2,60751102,XR3,6.97
Leukocytes,L2,60751102,XR3,6.9
Leukocytes,L2,60751102,XR3,7.01
Leukocytes,L2,60751102,XR3,7.1
Leukocytes,L2,60751102,XR3,6.95
Leukocytes,L2,60751102,XR3,7.13
Leukocytes,L2,60751102,XR3,6.85
Leukocytes,L2,60751102,XR3,7.01
Leukocytes,L2,60751102,XR3,7.02
Leukocytes,L2,60751102,XR3,7.09
Leukocytes,L2,60751102,XR3,7.02
Leukocytes,L2,60751102,XR3,7.14
Leukocytes,L2,60751102,XR3,7.1
Leukocytes,L2,60751102,XR3,6.97
Leukocytes,L2,60751102,XR3,7.14
Leukocytes,L2,60751102,XR3,7.03
Leukocytes,L2,60751102,XR3,7.07
Leukocytes,L2,60751102,XR3,6.86
Leukocytes,L2,60751102,XR3,7.01
Leukocytes,L2,60751102,XR3,6.9
Leukocytes,L2,60751102,XR3,6.93
Leukocytes,L2,60751102,XR3,7.15
Leukocytes,L2,60751102,XR3,7.07
Leukocytes,L2,60751102,XR3,6.94
Leukocytes,L2,60751102,XR3,6.82
Leukocytes,L2,60751102,XR3,6.9
Leukocytes,L2,60751102,XR3,7.1
Leukocytes,L2,60751102,XR3,7.0
Leukocytes,L2,60751102,XR3,7.16
Leukocytes,L2,60751102,XR3,6.91
Leukocytes,L2,60751102,XR3,7.05
Leukocytes,L2,60751102,XR3,6.98
Leukocytes,L2,60751102,XR3,6.98
Leukocytes,L2,60751102,XR3,6.99
Leukocytes,L2,60751102,XR3,6.93
Leukocytes,L2,60751102,XR3,7.02
Leukocytes,L2,60751102,XR3,7.07
Leukocytes,L2,60751102,XR3,6.94
Leukocytes,L2,60751102,XR3,7.09
Leukocytes,L2,60751102,XR3,7.09
Leukocytes,L2,60751102,XR3,6.94
Leukocytes,L2,60751102,XR3,7.1
Leukocytes,L2,60751102,XR3,7.1
Leukocytes,L2,60751102,XR3,6.96
Leukocytes,L2,60751102,XR3,7.02
Leukocytes,L2,60751102,XR3,7.0
Leukocytes,L2,60751102,XR3,7.07
Leukocytes,L2,60751102,XR3,6.96
Leukocytes,L2,60751102,XR3,7.01
Leukocytes,L2,60751102,XR3,7.11
Leukocytes,L2,60751102,XR3,7.03
Leukocytes,L2,60751102,XR3,6.88
Leukocytes,L2,60751102,XR3,7.02
Leukocytes,L2,60751102,XR3,7.18
Leukocytes,L2,60751102,XR3,6.86
Leukocytes,L2,60751102,XR3,6.95
Leukocytes,L2,60751102,XR3,7.09
Leukocytes,L2,60751102,XR3,7.16
Leukocytes,L2,60751102,XR3,7.22
Leukocytes,L2,60751102,XR3,7.13
Leukocytes,L2,60751102,XR3,7.09
Leukocytes,L2,60751102,XR3,6.94
Leukocytes,L2,60751102,XR3,6.9
Leukocytes,L2,60751102,XR3,7.1
Leukocytes,L2,60751102,XR3,7.13
Leukocytes,L2,60751102,XR3,6.95
Leukocytes,L2,60751102,XR3,7.13
Leukocytes,L2,60751102,XR3,6.95
Leukocytes,L2,60751102,XR3,7.2
Leukocytes,L2,60751102,XR3,7.22
Leukocytes,L2,60751102,XR3,6.98
Leukocytes,L2,60751102,XR3,7.32
Leukocytes,L2,60751102,XR3,7.06
Leukocytes,L2,60751102,XR3,7.12
Leukocytes,L2,60751102,XR3,7.02
Leukocytes,L2,60751102,XR3,7.05
Leukocytes,L2,60751102,XR3,6.84
Leukocytes,L2,60751102,XR3,6.87
Leukocytes,L2,60751102,XR3,6.88
Leukocytes,L2,60751102,XR3,7.07
Leukocytes,L2,60751102,XR3,7.05
Leukocytes,L2,60751102,XR3,6.98
Leukocytes,L2,60751102,XR3,7.09
Leukocytes,L2,60751102,XR3,7.1
Leukocytes,L2,60751102,XR3,7.09
Leukocytes,L2,60751102,XR3,7.04
Leukocytes,L2,60751102,XR3,7.02
Leukocytes,L2,60751102,XR3,7.13
Leukocytes,L2,60751102,XR3,7.12
Leukocytes,L2,60751102,XR3,7.05
Leukocytes,L2,60751102,XR3,7.02
Leukocytes,L2,60751102,XR3,7.14
Leukocytes,L2,60751102,XR3,7.13
Leukocytes,L2,60751102,XR3,7.1
Leukocytes,L2,60751102,XR3,6.99
Leukocytes,L2,60751102,XR3,7.08
Leukocytes,L2,60751102,XR3,6.94
Leukocytes,L2,60751102,XR3,7.02
Leukocytes,L2,60751102,XR3,6.93
Leukocytes,L2,60751102,XR3,6.89
Leukocytes,L2,60751102,XR3,7.13
Leukocytes,L2,60751102,XR3,6.9
Leukocytes,L2,60751102,XR3,6.99
Leukocytes,L2,60751102,XR3,7.15
Leukocytes,L2,60751102,XR3,7.04
Leukocytes,L2,60751102,XR3,7.04
Leukocytes,L2,60751102,XR3,7.03
Leukocytes,L2,60751102,XR3,6.99
Leukocytes,L2,60751102,XR3,7.07
Leukocytes,L2,60751102,XR3,7.07
Leukocytes,L2,60751102,XR3,7.06
Leukocytes,L2,60751102,XR3,6.98
Leukocytes,L2,60751102,XR3,6.99
Leukocytes,L2,60751102,XR3,6.97
Leukocytes,L2,60751102,XR3,7.21
Leukocytes,L2,60751102,XR3,7.15
Leukocytes,L2,60751102,XR3,7.13
Leukocytes,L2,60751102,XR3,7.05
Leukocytes,L2,60751102,XR3,7.12
Leukocytes,L2,60751102,XR3,7.2
Leukocytes,L2,60751102,XR3,7.08
Leukocytes,L2,60751102,XR3,7.06
Leukocytes,L2,60751102,XR3,7.12
Leukocytes,L2,60751102,XR3,7.09
Leukocytes,L2,60751102,XR3,6.99
Leukocytes,L2,60751102,XR3,7.0
Leukocytes,L2,60751102,XR3,6.99
Leukocytes,L2,60751102,XR3,7.14
Leukocytes,L2,60751102,XR3,6.94
Leukocytes,L2,61311102,XR3,6.71
Leukocytes,L2,60751102,XR3,6.95
Leukocytes,L2,60751102,XR3,7.0
Leukocytes,L2,60751102,XR3,6.97
Leukocytes,L2,60751102,XR3,7.05
Leukocytes,L2,60751102,XR3,7.14
Leukocytes,L2,60751102,XR3,6.94
Leukocytes,L2,60751102,XR3,6.9
Leukocytes,L2,60751102,XR3,7.19
Leukocytes,L2,60751102,XR3,7.06
Leukocytes,L2,60751102,XR3,7.04
Leukocytes,L2,61311102,XR3,6.9
Leukocytes,L2,61311102,XR3,6.91
Leukocytes,L2,61311102,XR3,6.79
Leukocytes,L2,61311102,XR3,7.05
Leukocytes,L2,61311102,XR3,6.96
Leukocytes,L2,61311102,XR3,6.77
Leukocytes,L2,61311102,XR3,6.73
Leukocytes,L2,61311102,XR3,6.97
Leukocytes,L2,61311102,XR3,6.88
Leukocytes,L2,61311102,XR3,6.75
Leukocytes,L2,61311102,XR3,6.96
Leukocytes,L2,61311102,XR3,6.92
Leukocytes,L2,61311102,XR3,6.84
Leukocytes,L2,61311102,XR3,6.92
Leukocytes,L2,61311102,XR3,6.8
Leukocytes,L2,61311102,XR3,6.86
Leukocytes,L2,61311102,XR3,6.96
Leukocytes,L2,61311102,XR3,6.94
Leukocytes,L2,61311102,XR3,6.76
Leukocytes,L2,61311102,XR3,6.99
Leukocytes,L2,61311102,XR3,6.95
Leukocytes,L2,61311102,XR3,6.82
Leukocytes,L2,61311102,XR3,6.91
Leukocytes,L2,61311102,XR3,6.72
Leukocytes,L2,61311102,XR3,7.21
Leukocytes,L2,61311102,XR3,6.84
Leukocytes,L2,61311102,XR3,6.88
Leukocytes,L2,61311102,XR3,6.99
Leukocytes,L2,61311102,XR3,7.02
Leukocytes,L2,61311102,XR3,6.81
Leukocytes,L2,61311102,XR3,6.84
Leukocytes,L2,61311102,XR3,6.82
Leukocytes,L2,61311102,XR3,6.9
Leukocytes,L2,61311102,XR3,6.96
Leukocytes,L2,61311102,XR3,6.92
Leukocytes,L2,61311102,XR3,6.84
Leukocytes,L2,61311102,XR3,6.84
Leukocytes,L2,61311102,XR3,6.9
Leukocytes,L2,61311102,XR3,7.06
Leukocytes,L2,61311102,XR3,6.92
Leukocytes,L2,61311102,XR3,6.92
Leukocytes,L2,61311102,XR3,7.1
Leukocytes,L2,61311102,XR3,6.95
Leukocytes,L2,61311102,XR3,6.91
Leukocytes,L2,61311102,XR3,7.05
Leukocytes,L2,61311102,XR3,6.99
Leukocytes,L2,61311102,XR3,6.94
Leukocytes,L2,61311102,XR3,6.83
Leukocytes,L2,61311102,XR3,6.84
Leukocytes,L2,61311102,XR3,6.91
Leukocytes,L2,61311102,XR3,6.84
Leukocytes,L2,61311102,XR3,6.82
Leukocytes,L2,61311102,XR3,6.99
Leukocytes,L2,61311102,XR3,6.96
Leukocytes,L2,61311102,XR3,6.91
Leukocytes,L2,61311102,XR3,6.95
Leukocytes,L2,61311102,XR3,6.78
Leukocytes,L2,61311102,XR3,6.9
Leukocytes,L2,61311102,XR3,6.99
Leukocytes,L2,61311102,XR3,6.91
Leukocytes,L2,61311102,XR3,7.04
Leukocytes,L2,61311102,XR3,6.93
Leukocytes,L2,61311102,XR3,6.89
Leukocytes,L2,61311102,XR3,6.89
Leukocytes,L2,61311102,XR3,7.05
Leukocytes,L2,61311102,XR3,6.86
Leukocytes,L2,61311102,XR3,7.04
Leukocytes,L2,61311102,XR3,6.96
Leukocytes,L2,61311102,XR3,7.0
Leukocytes,L2,61311102,XR3,6.92
Leukocytes,L2,61311102,XR3,6.79
Leukocytes,L2,61311102,XR3,7.02
Leukocytes,L2,61311102,XR3,7.03
Leukocytes,L2,61311102,XR3,6.95
Leukocytes,L2,61311102,XR3,7.22
Leukocytes,L2,61311102,XR3,7.01
Leukocytes,L2,61311102,XR3,6.92
Leukocytes,L2,61311102,XR3,6.78
Leukocytes,L2,61311102,XR3,6.87
Leukocytes,L2,61311102,XR3,6.94
Leukocytes,L2,61311102,XR3,6.94
Leukocytes,L2,61311102,XR3,6.84
Leukocytes,L2,61311102,XR3,6.87
Leukocytes,L2,61311102,XR3,6.95
Leukocytes,L2,61311102,XR3,6.95
Leukocytes,L2,61311102,XR3,7.02
Leukocytes,L2,61311102,XR3,6.85
Leukocytes,L2,61311102,XR3,6.85
Leukocytes,L2,61311102,XR3,6.84
Leukocytes,L2,61311102,XR3,6.96
Leukocytes,L2,61311102,XR3,6.92
Leukocytes,L2,61311102,XR3,6.8
Leukocytes,L2,61311102,XR3,7.02
Leukocytes,L2,61311102,XR3,6.9
Leukocytes,L2,61311102,XR3,6.83
Leukocytes,L2,61311102,XR3,6.78
Leukocytes,L2,61311102,XR3,7.07
Leukocytes,L2,61311102,XR3,6.82
Leukocytes,L2,61311102,XR3,6.96
Leukocytes,L2,61311102,XR3,6.89
Leukocytes,L2,61311102,XR3,7.0
Leukocytes,L2,61311102,XR3,6.92
Leukocytes,L2,61311102,XR3,6.93
Leukocytes,L2,61311102,XR3,6.94
Leukocytes,L2,61311102,XR3,6.99
Leukocytes,L2,61311102,XR3,6.91
Leukocytes,L2,61311102,XR3,6.84
Leukocytes,L2,61311102,XR3,6.93
Leukocytes,L2,61311102,XR3,6.96
Leukocytes,L2,61311102,XR3,6.96
Leukocytes,L2,61311102,XR3,6.86
Leukocytes,L2,61311102,XR3,7.0
Leukocytes,L2,61311102,XR3,6.82
Leukocytes,L2,61311102,XR3,7.13
Leukocytes,L2,61311102,XR3,6.97
Leukocytes,L2,61311102,XR3,6.8
Leukocytes,L2,61311102,XR3,6.91
Leukocytes,L2,61311102,XR3,7.03
Leukocytes,L2,61311102,XR3,6.94
Leukocytes,L2,61311102,XR3,6.87
Leukocytes,L2,61311102,XR3,6.91
Leukocytes,L2,61311102,XR3,7.02
Leukocytes,L2,61311102,XR3,6.83
Leukocytes,L2,61311102,XR3,6.78
Leukocytes,L2,61311102,XR3,7.01
Leukocytes,L2,61311102,XR3,6.86
Leukocytes,L2,61311102,XR3,6.84
Leukocytes,L2,61311102,XR3,6.79
Leukocytes,L2,61311102,XR3,6.84
Leukocytes,L2,61311102,XR3,6.78
Leukocytes,L2,61311102,XR3,7.01
Leukocytes,L2,61311102,XR3,6.81
Leukocytes,L2,61311102,XR3,6.94
Leukocytes,L2,61311102,XR3,6.79
Leukocytes,L2,61311102,XR3,7.04
Leukocytes,L2,61311102,XR3,7.02
Leukocytes,L2,61311102,XR3,6.93
Leukocytes,L2,61311102,XR3,6.9
Leukocytes,L2,61311102,XR3,6.91
Leukocytes,L2,61311102,XR3,6.77
Leukocytes,L3,53281103,XR3,16.44
Leukocytes,L3,53281103,XR3,16.38
Leukocytes,L3,53281103,XR3,16.44
Leukocytes,L3,53281103,XR3,16.07
Leukocytes,L3,53281103,XR3,16.66
Leukocytes,L3,53281103,XR3,16.89
Leukocytes,L3,53281103,XR3,16.5
Leukocytes,L3,53281103,XR3,16.46
Leukocytes,L3,53281103,XR3,16.54
Leukocytes,L3,53281103,XR3,16.72
Leukocytes,L3,53281103,XR3,16.53
Leukocytes,L3,53281103,XR3,16.77
Leukocytes,L3,53281103,XR3,16.64
Leukocytes,L3,53281103,XR3,16.52
Leukocytes,L3,53281103,XR3,16.87
Leukocytes,L3,53281103,XR3,16.65
Leukocytes,L3,53281103,XR3,16.56
Leukocytes,L3,53281103,XR3,16.56
Leukocytes,L3,53281103,XR3,16.65
Leukocytes,L3,53281103,XR3,16.53
Leukocytes,L3,53281103,XR3,16.38
Leukocytes,L3,53281103,XR3,16.7
Leukocytes,L3,53281103,XR3,16.49
Leukocytes,L3,53281103,XR3,16.31
Leukocytes,L3,53281103,XR3,16.48
Leukocytes,L3,53281103,XR3,16.31
Leukocytes,L3,53281103,XR3,16.27
Leukocytes,L3,53281103,XR3,16.68
Leukocytes,L3,53281103,XR3,16.52
Leukocytes,L3,53281103,XR3,16.55
Leukocytes,L3,53281103,XR3,16.49
Leukocytes,L3,53281103,XR3,16.43
Leukocytes,L3,53281103,XR3,16.16
Leukocytes,L3,53281103,XR3,16.2
Leukocytes,L3,53281103,XR3,16.71
Leukocytes,L3,53281103,XR3,16.5
Leukocytes,L3,53281103,XR3,16.35
Leukocytes,L3,53281103,XR3,16.66
Leukocytes,L3,53281103,XR3,16.43
Leukocytes,L3,53281103,XR3,16.6
Leukocytes,L3,53281103,XR3,16.35
Leukocytes,L3,53281103,XR3,16.45
Leukocytes,L3,53281103,XR3,16.59
Leukocytes,L3,53281103,XR3,16.67
Leukocytes,L3,53281103,XR3,16.84
Leukocytes,L3,53281103,XR3,16.6
Leukocytes,L3,53281103,XR3,16.32
Leukocytes,L3,53281103,XR3,16.35
Leukocytes,L3,53281103,XR3,16.46
Leukocytes,L3,53281103,XR3,16.5
Leukocytes,L3,53281103,XR3,16.56
Leukocytes,L3,53281103,XR3,16.19
Leukocytes,L3,53281103,XR3,16.53
Leukocytes,L3,53281103,XR3,16.26
Leukocytes,L3,60191103,XR3,16.12
Leukocytes,L3,60191103,XR3,16.13
Leukocytes,L3,60191103,XR3,16.22
Leukocytes,L3,60191103,XR3,15.88
Leukocytes,L3,60191103,XR3,15.92
Leukocytes,L3,60191103,XR3,15.92
Leukocytes,L3,60191103,XR3,16.03
Leukocytes,L3,60191103,XR3,16.14
Leukocytes,L3,60191103,XR3,16.23
Leukocytes,L3,60191103,XR3,16.24
Leukocytes,L3,60191103,XR3,16.31
Leukocytes,L3,60191103,XR3,16.09
Leukocytes,L3,60191103,XR3,15.95
Leukocytes,L3,60191103,XR3,15.86
Leukocytes,L3,60191103,XR3,16.09
Leukocytes,L3,60191103,XR3,15.73
Leukocytes,L3,60191103,XR3,15.95
Leukocytes,L3,60191103,XR3,16.13
Leukocytes,L3,60191103,XR3,16.08
Leukocytes,L3,60191103,XR3,16.12
Leukocytes,L3,60191103,XR3,15.88
Leukocytes,L3,60191103,XR3,16.36
Leukocytes,L3,60191103,XR3,16.24
Leukocytes,L3,60191103,XR3,15.84
Leukocytes,L3,60191103,XR3,16.32
Leukocytes,L3,60191103,XR3,16.18
Leukocytes,L3,60191103,XR3,16.24
Leukocytes,L3,60191103,XR3,16.06
Leukocytes,L3,60191103,XR3,16.0
Leukocytes,L3,60191103,XR3,15.9
Leukocytes,L3,60191103,XR3,16.25
Leukocytes,L3,60191103,XR3,15.92
Leukocytes,L3,60191103,XR3,16.26
Leukocytes,L3,60191103,XR3,16.12
Leukocytes,L3,60191103,XR3,16.35
Leukocytes,L3,60191103,XR3,16.18
Leukocytes,L3,60191103,XR3,16.19
Leukocytes,L3,60191103,XR3,15.89
Leukocytes,L3,60191103,XR3,15.92
Leukocytes,L3,60191103,XR3,16.15
Leukocytes,L3,60191103,XR3,16.2
Leukocytes,L3,60191103,XR3,16.27
Leukocytes,L3,60191103,XR3,16.31
Leukocytes,L3,60191103,XR3,16.26
Leukocytes,L3,60191103,XR3,16.23
Leukocytes,L3,60191103,XR3,16.02
Leukocytes,L3,60191103,XR3,16.08
Leukocytes,L3,60191103,XR3,16.34
Leukocytes,L3,60191103,XR3,16.12
Leukocytes,L3,60191103,XR3,16.02
Leukocytes,L3,60191103,XR3,16.07
Leukocytes,L3,60191103,XR3,15.84
Leukocytes,L3,60191103,XR3,16.23
Leukocytes,L3,60191103,XR3,15.96
Leukocytes,L3,60191103,XR3,16.09
Leukocytes,L3,60191103,XR3,15.99
Leukocytes,L3,60191103,XR3,16.12
Leukocytes,L3,60191103,XR3,16.08
Leukocytes,L3,60191103,XR3,15.91
Leukocytes,L3,60191103,XR3,16.25
Leukocytes,L3,60191103,XR3,15.8
Leukocytes,L3,60191103,XR3,16.35
Leukocytes,L3,60191103,XR3,16.17
Leukocytes,L3,60191103,XR3,16.27
Leukocytes,L3,60191103,XR3,16.07
Leukocytes,L3,60191103,XR3,16.31
Leukocytes,L3,60191103,XR3,16.29
Leukocytes,L3,60191103,XR3,16.02
Leukocytes,L3,60191103,XR3,16.1
Leukocytes,L3,60191103,XR3,16.32
Leukocytes,L3,60191103,XR3,16.42
Leukocytes,L3,60191103,XR3,16.12
Leukocytes,L3,60191103,XR3,16.05
Leukocytes,L3,60191103,XR3,16.05
Leukocytes,L3,60191103,XR3,16.21
Leukocytes,L3,60191103,XR3,16.2
Leukocytes,L3,60191103,XR3,15.94
Leukocytes,L3,60191103,XR3,16.32
Leukocytes,L3,60191103,XR3,16.17
Leukocytes,L3,60191103,XR3,16.26
Leukocytes,L3,60191103,XR3,16.29
Leukocytes,L3,60191103,XR3,16.18
Leukocytes,L3,60191103,XR3,16.52
Leukocytes,L3,60191103,XR3,16.41
Leukocytes,L3,60191103,XR3,16.02
Leukocytes,L3,60191103,XR3,16.01
Leukocytes,L3,60191103,XR3,16.16
Leukocytes,L3,60191103,XR3,16.24
Leukocytes,L3,60191103,XR3,16.47
Leukocytes,L3,60191103,XR3,16.33
Leukocytes,L3,60191103,XR3,16.36
Leukocytes,L3,60191103,XR3,16.34
Leukocytes,L3,60191103,XR3,16.02
Leukocytes,L3,60191103,XR3,16.29
Leukocytes,L3,60191103,XR3,15.9
Leukocytes,L3,60191103,XR3,16.06
Leukocytes,L3,60191103,XR3,16.15
Leukocytes,L3,60191103,XR3,16.06
Leukocytes,L3,60191103,XR3,16.15
Leukocytes,L3,60191103,XR3,16.3
Leukocytes,L3,60191103,XR3,16.05
Leukocytes,L3,60191103,XR3,16.34
Leukocytes,L3,60191103,XR3,16.4
Leukocytes,L3,60191103,XR3,16.37
Leukocytes,L3,60191103,XR3,16.41
Leukocytes,L3,60191103,XR3,16.42
Leukocytes,L3,60191103,XR3,16.36
Leukocytes,L3,60191103,XR3,16.12
Leukocytes,L3,60191103,XR3,16.27
Leukocytes,L3,60191103,XR3,16.43
Leukocytes,L3,60191103,XR3,16.22
Leukocytes,L3,60191103,XR3,16.01
Leukocytes,L3,60191103,XR3,16.1
Leukocytes,L3,60191103,XR3,16.33
Leukocytes,L3,60191103,XR3,16.36
Leukocytes,L3,60191103,XR3,16.21
Leukocytes,L3,60191103,XR3,16.41
Leukocytes,L3,60751103,XR3,16.77
Leukocytes,L3,60751103,XR3,16.46
Leukocytes,L3,60751103,XR3,16.63
Leukocytes,L3,60751103,XR3,16.65
Leukocytes,L3,60751103,XR3,16.56
Leukocytes,L3,60751103,XR3,16.65
Leukocytes,L3,60751103,XR3,16.28
Leukocytes,L3,60751103,XR3,16.56
Leukocytes,L3,60751103,XR3,16.71
Leukocytes,L3,60751103,XR3,16.49
Leukocytes,L3,60751103,XR3,16.45
Leukocytes,L3,60751103,XR3,16.35
Leukocytes,L3,60751103,XR3,16.45
Leukocytes,L3,60751103,XR3,16.36
Leukocytes,L3,60751103,XR3,16.44
Leukocytes,L3,60751103,XR3,16.44
Leukocytes,L3,60751103,XR3,16.6
Leukocytes,L3,60751103,XR3,16.62
Leukocytes,L3,60751103,XR3,16.35
Leukocytes,L3,60751103,XR3,16.32
Leukocytes,L3,60751103,XR3,16.45
Leukocytes,L3,60751103,XR3,16.46
Leukocytes,L3,60751103,XR3,16.87
Leukocytes,L3,60751103,XR3,16.51
Leukocytes,L3,60751103,XR3,16.64
Leukocytes,L3,60751103,XR3,16.57
Leukocytes,L3,60751103,XR3,16.59
Leukocytes,L3,60751103,XR3,16.59
Leukocytes,L3,60751103,XR3,16.27
Leukocytes,L3,60751103,XR3,16.29
Leukocytes,L3,60751103,XR3,16.47
Leukocytes,L3,60751103,XR3,16.76
Leukocytes,L3,60751103,XR3,16.62
Leukocytes,L3,60751103,XR3,16.33
Leukocytes,L3,60751103,XR3,16.64
Leukocytes,L3,60751103,XR3,16.79
Leukocytes,L3,60751103,XR3,16.41
Leukocytes,L3,60751103,XR3,16.8
Leukocytes,L3,60751103,XR3,16.76
Leukocytes,L3,60751103,XR3,16.62
Leukocytes,L3,60751103,XR3,16.43
Leukocytes,L3,60751103,XR3,16.31
Leukocytes,L3,60751103,XR3,16.77
Leukocytes,L3,60751103,XR3,16.29
Leukocytes,L3,60751103,XR3,16.41
Leukocytes,L3,60751103,XR3,16.58
Leukocytes,L3,60751103,XR3,16.33
Leukocytes,L3,60751103,XR3,16.87
Leukocytes,L3,60751103,XR3,16.59
Leukocytes,L3,60751103,XR3,16.51
Leukocytes,L3,60751103,XR3,16.4
Leukocytes,L3,60751103,XR3,16.48
Leukocytes,L3,60751103,XR3,16.71
Leukocytes,L3,60751103,XR3,16.52
Leukocytes,L3,60751103,XR3,16.6
Leukocytes,L3,60751103,XR3,16.53
Leukocytes,L3,60751103,XR3,16.52
Leukocytes,L3,60751103,XR3,16.52
Leukocytes,L3,60751103,XR3,16.59
Leukocytes,L3,60751103,XR3,16.29
Leukocytes,L3,60751103,XR3,16.67
Leukocytes,L3,60751103,XR3,16.63
Leukocytes,L3,60751103,XR3,16.73
Leukocytes,L3,60751103,XR3,16.48
Leukocytes,L3,60751103,XR3,16.78
Leukocytes,L3,60751103,XR3,16.36
Leukocytes,L3,60751103,XR3,16.36
Leukocytes,L3,60751103,XR3,16.32
Leukocytes,L3,60751103,XR3,16.35
Leukocytes,L3,60751103,XR3,16.56
Leukocytes,L3,60751103,XR3,16.65
Leukocytes,L3,60751103,XR3,16.55
Leukocytes,L3,60751103,XR3,16.27
Leukocytes,L3,60751103,XR3,16.4
Leukocytes,L3,60751103,XR3,16.66
Leukocytes,L3,60751103,XR3,16.36
Leukocytes,L3,60751103,XR3,16.58
Leukocytes,L3,60751103,XR3,16.45
Leukocytes,L3,60751103,XR3,16.61
Leukocytes,L3,60751103,XR3,16.38
Leukocytes,L3,60751103,XR3,16.56
Leukocytes,L3,60751103,XR3,16.63
Leukocytes,L3,60751103,XR3,16.5
Leukocytes,L3,60751103,XR3,16.47
Leukocytes,L3,60751103,XR3,16.83
Leukocytes,L3,60751103,XR3,16.65
Leukocytes,L3,60751103,XR3,16.57
Leukocytes,L3,60751103,XR3,16.2
Leukocytes,L3,60751103,XR3,16.8
Leukocytes,L3,60751103,XR3,16.56
Leukocytes,L3,60751103,XR3,16.53
Leukocytes,L3,60751103,XR3,16.59
Leukocytes,L3,60751103,XR3,16.59
Leukocytes,L3,60751103,XR3,16.58
Leukocytes,L3,60751103,XR3,16.52
Leukocytes,L3,60751103,XR3,16.46
Leukocytes,L3,60751103,XR3,16.59
Leukocytes,L3,60751103,XR3,16.58
Leukocytes,L3,60751103,XR3,16.38
Leukocytes,L3,60751103,XR3,16.88
Leukocytes,L3,60751103,XR3,16.53
Leukocytes,L3,60751103,XR3,16.53
Leukocytes,L3,60751103,XR3,16.67
Leukocytes,L3,60751103,XR3,16.69
Leukocytes,L3,60751103,XR3,16.52
Leukocytes,L3,60751103,XR3,16.32
Leukocytes,L3,61311103,XR3,16.68
Leukocytes,L3,60751103,XR3,16.63
Leukocytes,L3,60751103,XR3,16.61
Leukocytes,L3,60751103,XR3,16.69
Leukocytes,L3,60751103,XR3,16.7
Leukocytes,L3,60751103,XR3,16.81
Leukocytes,L3,60751103,XR3,16.37
Leukocytes,L3,61311103,XR3,16.87
Leukocytes,L3,61311103,XR3,16.67
Leukocytes,L3,61311103,XR3,16.83
Leukocytes,L3,61311103,XR3,17.0
Leukocytes,L3,61311103,XR3,16.79
Leukocytes,L3,61311103,XR3,16.79
Leukocytes,L3,61311103,XR3,16.9
Leukocytes,L3,61311103,XR3,17.03
Leukocytes,L3,61311103,XR3,16.86
Leukocytes,L3,61311103,XR3,16.82
Leukocytes,L3,61311103,XR3,16.79
Leukocytes,L3,61311103,XR3,16.73
Leukocytes,L3,61311103,XR3,16.82
Leukocytes,L3,61311103,XR3,16.66
Leukocytes,L3,61311103,XR3,16.71
Leukocytes,L3,61311103,XR3,17.04
Leukocytes,L3,61311103,XR3,17.05
Leukocytes,L3,61311103,XR3,17.14
Leukocytes,L3,61311103,XR3,17.11
Leukocytes,L3,61311103,XR3,16.91
Leukocytes,L3,61311103,XR3,17.1
Leukocytes,L3,61311103,XR3,16.81
Leukocytes,L3,61311103,XR3,16.8
Leukocytes,L3,61311103,XR3,16.98
Leukocytes,L3,61311103,XR3,16.8
Leukocytes,L3,61311103,XR3,16.82
Leukocytes,L3,61311103,XR3,16.64
Leukocytes,L3,61311103,XR3,16.9
Leukocytes,L3,61311103,XR3,16.82
Leukocytes,L3,61311103,XR3,16.43
Leukocytes,L3,61311103,XR3,16.74
Leukocytes,L3,61311103,XR3,17.11
Leukocytes,L3,61311103,XR3,16.81
Leukocytes,L3,61311103,XR3,17.09
Leukocytes,L3,61311103,XR3,17.21
Leukocytes,L3,61311103,XR3,17.02
Leukocytes,L3,61311103,XR3,16.6
Leukocytes,L3,61311103,XR3,16.59
Leukocytes,L3,61311103,XR3,17.06
Leukocytes,L3,61311103,XR3,16.9
Leukocytes,L3,61311103,XR3,17.06
Leukocytes,L3,61311103,XR3,16.95
Leukocytes,L3,61311103,XR3,16.93
Leukocytes,L3,61311103,XR3,16.45
Leukocytes,L3,61311103,XR3,16.94
Leukocytes,L3,61311103,XR3,16.34
Leukocytes,L3,61311103,XR3,16.92
Leukocytes,L3,61311103,XR3,16.98
Leukocytes,L3,61311103,XR3,16.8
Leukocytes,L3,61311103,XR3,16.76
Leukocytes,L3,61311103,XR3,16.88
Leukocytes,L3,61311103,XR3,16.53
Leukocytes,L3,61311103,XR3,16.83
Leukocytes,L3,61311103,XR3,17.0
Leukocytes,L3,61311103,XR3,16.86
Leukocytes,L3,61311103,XR3,16.85
Leukocytes,L3,61311103,XR3,17.13
Leukocytes,L3,61311103,XR3,16.77
Leukocytes,L3,61311103,XR3,17.11
Leukocytes,L3,61311103,XR3,16.68
Leukocytes,L3,61311103,XR3,16.89
Leukocytes,L3,61311103,XR3,16.94
Leukocytes,L3,61311103,XR3,16.72
Leukocytes,L3,61311103,XR3,16.85
Leukocytes,L3,61311103,XR3,16.58
Leukocytes,L3,61311103,XR3,16.77
Leukocytes,L3,61311103,XR3,16.91
Leukocytes,L3,61311103,XR3,16.73
Leukocytes,L3,61311103,XR3,17.06
Leukocytes,L3,61311103,XR3,17.06
Leukocytes,L3,61311103,XR3,16.94
Leukocytes,L3,61311103,XR3,16.81
Leukocytes,L3,61311103,XR3,16.72
Leukocytes,L3,61311103,XR3,16.61
Leukocytes,L3,61311103,XR3,16.93
Leukocytes,L3,61311103,XR3,16.57
Leukocytes,L3,61311103,XR3,17.18
Leukocytes,L3,61311103,XR3,16.91
Leukocytes,L3,61311103,XR3,16.9
Leukocytes,L3,61311103,XR3,16.94
Leukocytes,L3,61311103,XR3,16.73
Leukocytes,L3,61311103,XR3,16.76
Leukocytes,L3,61311103,XR3,16.92
Leukocytes,L3,61311103,XR3,16.69
Leukocytes,L3,61311103,XR3,17.06
Leukocytes,L3,61311103,XR3,16.93
Leukocytes,L3,61311103,XR3,16.75
Leukocytes,L3,61311103,XR3,16.97
Leukocytes,L3,61311103,XR3,16.99
Leukocytes,L3,61311103,XR3,16.64
Leukocytes,L3,61311103,XR3,16.9
Leukocytes,L3,61311103,XR3,17.11
Leukocytes,L3,61311103,XR3,16.76
Leukocytes,L3,61311103,XR3,16.78
MCHC,L1,53281101,XR1,33.2
MCHC,L1,53281101,XR1,33.2
MCHC,L1,53281101,XR1,33.2
MCHC,L1,53281101,XR1,33.2
MCHC,L1,53281101,XR1,33.2
MCHC,L1,53281101,XR1,32.8
MCHC,L1,53281101,XR1,32.8
MCHC,L1,53281101,XR1,32.8
MCHC,L1,53281101,XR1,33.2
MCHC,L1,53281101,XR1,33.5
MCHC,L1,53281101,XR1,33.3
MCHC,L1,53281101,XR1,33.2
MCHC,L1,53281101,XR1,32.6
MCHC,L1,53281101,XR1,32.6
MCHC,L1,53281101,XR1,33.0
MCHC,L1,53281101,XR1,33.0
MCHC,L1,53281101,XR1,33.2
MCHC,L1,53281101,XR1,33.3
MCHC,L1,53281101,XR1,33.2
MCHC,L1,53281101,XR1,33.2
MCHC,L1,53281101,XR1,33.2
MCHC,L1,53281101,XR1,33.2
MCHC,L1,53281101,XR1,33.3
MCHC,L1,53281101,XR1,33.2
MCHC,L1,53281101,XR1,33.3
MCHC,L1,53281101,XR1,32.8
MCHC,L1,53281101,XR1,33.2
MCHC,L1,53281101,XR1,31.5
MCHC,L1,53281101,XR1,32.5
MCHC,L1,53281101,XR1,32.3
MCHC,L1,53281101,XR1,32.8
MCHC,L1,53281101,XR1,32.1
MCHC,L1,53281101,XR1,32.6
MCHC,L1,53281101,XR1,33.2
MCHC,L1,53281101,XR1,32.5
MCHC,L1,53281101,XR1,32.1
MCHC,L1,53281101,XR1,32.1
MCHC,L1,53281101,XR1,32.6
MCHC,L1,53281101,XR1,32.1
MCHC,L1,53281101,XR1,31.8
MCHC,L1,53281101,XR1,32.1
MCHC,L1,53281101,XR1,32.6
MCHC,L1,53281101,XR1,31.0
MCHC,L1,53281101,XR1,31.7
MCHC,L1,53281101,XR1,32.0
MCHC,L1,53281101,XR1,32.0
MCHC,L1,53281101,XR1,32.6
MCHC,L1,53281101,XR1,32.1
MCHC,L1,53281101,XR1,31.6
MCHC,L1,53281101,XR1,32.6
MCHC,L1,53281101,XR1,31.8
MCHC,L1,53281101,XR1,32.6
MCHC,L1,53281101,XR1,32.3
MCHC,L1,53281101,XR1,31.8
MCHC,L1,53281101,XR1,32.1
MCHC,L1,60191101,XR1,33.3
MCHC,L1,60191101,XR1,33.0
MCHC,L1,60191101,XR1,33.0
MCHC,L1,60191101,XR1,33.7
MCHC,L1,60191101,XR1,33.7
MCHC,L1,60191101,XR1,33.2
MCHC,L1,60191101,XR1,33.5
MCHC,L1,60191101,XR1,33.2
MCHC,L1,60191101,XR1,33.3
MCHC,L1,60191101,XR1,33.9
MCHC,L1,60191101,XR1,33.5
MCHC,L1,60191101,XR1,33.3
MCHC,L1,60191101,XR1,33.3
MCHC,L1,60191101,XR1,33.9
MCHC,L1,60191101,XR1,33.5
MCHC,L1,60191101,XR1,33.0
MCHC,L1,60191101,XR1,33.2
MCHC,L1,60191101,XR1,33.7
MCHC,L1,60191101,XR1,33.5
MCHC,L1,60191101,XR1,33.2
MCHC,L1,60191101,XR1,33.7
MCHC,L1,60191101,XR1,33.5
MCHC,L1,60191101,XR1,33.3
MCHC,L1,60191101,XR1,33.5
MCHC,L1,60191101,XR1,33.2
MCHC,L1,60191101,XR1,33.3
MCHC,L1,60191101,XR1,32.8
MCHC,L1,60191101,XR1,33.7
MCHC,L1,60191101,XR1,34.0
MCHC,L1,60191101,XR1,33.5
MCHC,L1,60191101,XR1,33.7
MCHC,L1,60191101,XR1,32.8
MCHC,L1,60191101,XR1,33.3
MCHC,L1,60191101,XR1,33.3
MCHC,L1,60191101,XR1,33.3
MCHC,L1,60191101,XR1,33.5
MCHC,L1,60191101,XR1,32.6
MCHC,L1,60191101,XR1,32.8
MCHC,L1,60191101,XR1,32.3
MCHC,L1,60191101,XR1,33.9
MCHC,L1,60191101,XR1,33.3
MCHC,L1,60191101,XR1,33.2
MCHC,L1,60191101,XR1,32.8
MCHC,L1,60191101,XR1,33.5
MCHC,L1,60191101,XR1,32.3
MCHC,L1,60191101,XR1,33.2
MCHC,L1,60191101,XR1,33.0
MCHC,L1,60191101,XR1,33.0
MCHC,L1,60191101,XR1,33.0
MCHC,L1,60191101,XR1,33.3
MCHC,L1,60191101,XR1,33.3
MCHC,L1,60191101,XR1,33.0
MCHC,L1,60191101,XR1,33.2
MCHC,L1,60191101,XR1,33.7
MCHC,L1,60191101,XR1,33.0
MCHC,L1,60191101,XR1,33.3
MCHC,L1,60191101,XR1,33.0
MCHC,L1,60191101,XR1,33.0
MCHC,L1,60191101,XR1,33.3
MCHC,L1,60191101,XR1,33.5
MCHC,L1,60191101,XR1,33.3
MCHC,L1,60191101,XR1,33.3
MCHC,L1,60191101,XR1,33.2
MCHC,L1,60191101,XR1,33.2
MCHC,L1,60191101,XR1,33.2
MCHC,L1,60191101,XR1,33.0
MCHC,L1,60191101,XR1,33.7
MCHC,L1,60191101,XR1,34.0
MCHC,L1,60191101,XR1,34.4
MCHC,L1,60191101,XR1,34.1
MCHC,L1,60191101,XR1,34.4
MCHC,L1,60191101,XR1,32.5
MCHC,L1,60191101,XR1,33.5
MCHC,L1,60191101,XR1,33.0
MCHC,L1,60191101,XR1,33.0
MCHC,L1,60191101,XR1,33.7
MCHC,L1,60191101,XR1,33.9
MCHC,L1,60191101,XR1,33.9
MCHC,L1,60191101,XR1,33.0
MCHC,L1,60191101,XR1,33.5
MCHC,L1,60191101,XR1,33.2
MCHC,L1,60191101,XR1,33.3
MCHC,L1,60191101,XR1,32.8
MCHC,L1,60191101,XR1,33.7
MCHC,L1,60191101,XR1,33.9
MCHC,L1,60191101,XR1,33.7
MCHC,L1,60191101,XR1,31.8
MCHC,L1,60191101,XR1,33.0
MCHC,L1,60191101,XR1,33.5
MCHC,L1,60191101,XR1,33.3
MCHC,L1,60191101,XR1,33.3
MCHC,L1,60191101,XR1,33.0
MCHC,L1,60191101,XR1,33.5
MCHC,L1,60191101,XR1,33.9
MCHC,L1,60191101,XR1,33.2
MCHC,L1,60191101,XR1,32.8
MCHC,L1,60191101,XR1,33.3
MCHC,L1,60191101,XR1,33.3
MCHC,L1,60191101,XR1,33.7
MCHC,L1,60191101,XR1,33.5
MCHC,L1,60191101,XR1,33.7
MCHC,L1,60191101,XR1,33.5
MCHC,L1,60191101,XR1,33.7
MCHC,L1,60191101,XR1,33.3
MCHC,L1,60191101,XR1,33.0
MCHC,L1,60191101,XR1,33.2
MCHC,L1,60191101,XR1,33.2
MCHC,L1,60191101,XR1,32.6
MCHC,L1,60191101,XR1,33.3
MCHC,L1,60191101,XR1,34.2
MCHC,L1,60191101,XR1,33.5
MCHC,L1,60191101,XR1,32.5
MCHC,L1,60191101,XR1,33.3
MCHC,L1,60191101,XR1,32.8
MCHC,L1,60191101,XR1,34.0
MCHC,L1,60191101,XR1,33.2
MCHC,L1,60191101,XR1,33.9
MCHC,L1,60191101,XR1,33.9
MCHC,L1,60191101,XR1,33.5
MCHC,L1,60751101,XR1,33.9
MCHC,L1,60751101,XR1,33.5
MCHC,L1,60751101,XR1,34.4
MCHC,L1,60751101,XR1,33.2
MCHC,L1,60751101,XR1,34.1
MCHC,L1,60751101,XR1,34.4
MCHC,L1,60751101,XR1,34.1
MCHC,L1,60751101,XR1,33.9
MCHC,L1,60751101,XR1,33.5
MCHC,L1,60751101,XR1,33.3
MCHC,L1,60751101,XR1,33.3
MCHC,L1,60751101,XR1,33.9
MCHC,L1,60751101,XR1,33.3
MCHC,L1,60751101,XR1,33.3
MCHC,L1,60751101,XR1,33.7
MCHC,L1,60751101,XR1,32.5
MCHC,L1,60751101,XR1,34.1
MCHC,L1,60751101,XR1,33.3
MCHC,L1,60751101,XR1,33.2
MCHC,L1,60751101,XR1,33.0
MCHC,L1,60751101,XR1,33.9
MCHC,L1,60751101,XR1,33.7
MCHC,L1,60751101,XR1,34.1
MCHC,L1,60751101,XR1,33.5
MCHC,L1,60751101,XR1,33.7
MCHC,L1,60751101,XR1,33.3
MCHC,L1,60751101,XR1,33.3
MCHC,L1,60751101,XR1,32.8
MCHC,L1,60751101,XR1,33.3
MCHC,L1,60751101,XR1,33.5
MCHC,L1,60751101,XR1,33.5
MCHC,L1,60751101,XR1,33.2
MCHC,L1,60751101,XR1,33.0
MCHC,L1,60751101,XR1,33.0
MCHC,L1,60751101,XR1,33.5
MCHC,L1,60751101,XR1,33.5
MCHC,L1,60751101,XR1,33.2
MCHC,L1,60751101,XR1,33.2
MCHC,L1,60751101,XR1,33.9
MCHC,L1,60751101,XR1,33.3
MCHC,L1,60751101,XR1,32.6
MCHC,L1,60751101,XR1,32.5
MCHC,L1,60751101,XR1,33.2
MCHC,L1,60751101,XR1,33.0
MCHC,L1,60751101,XR1,32.8
MCHC,L1,60751101,XR1,33.0
MCHC,L1,60751101,XR1,33.5
MCHC,L1,60751101,XR1,33.9
MCHC,L1,60751101,XR1,32.3
MCHC,L1,60751101,XR1,33.3
MCHC,L1,60751101,XR1,33.2
MCHC,L1,60751101,XR1,33.0
MCHC,L1,60751101,XR1,32.8
MCHC,L1,60751101,XR1,33.3
MCHC,L1,60751101,XR1,33.7
MCHC,L1,60751101,XR1,33.5
MCHC,L1,60751101,XR1,33.7
MCHC,L1,60751101,XR1,33.3
MCHC,L1,60751101,XR1,33.0
MCHC,L1,60751101,XR1,33.5
MCHC,L1,60751101,XR1,33.0
MCHC,L1,60751101,XR1,33.9
MCHC,L1,60751101,XR1,33.5
MCHC,L1,60751101,XR1,33.0
MCHC,L1,60751101,XR1,33.5
MCHC,L1,60751101,XR1,33.5
MCHC,L1,60751101,XR1,33.2
MCHC,L1,60751101,XR1,32.8
MCHC,L1,60751101,XR1,33.2
MCHC,L1,60751101,XR1,33.5
MCHC,L1,60751101,XR1,34.1
MCHC,L1,60751101,XR1,33.3
MCHC,L1,60751101,XR1,33.2
MCHC,L1,60751101,XR1,33.3
MCHC,L1,60751101,XR1,32.8
MCHC,L1,60751101,XR1,33.3
MCHC,L1,60751101,XR1,33.3
MCHC,L1,60751101,XR1,33.0
MCHC,L1,60751101,XR1,33.2
MCHC,L1,60751101,XR1,33.3
MCHC,L1,60751101,XR1,33.2
MCHC,L1,60751101,XR1,33.0
MCHC,L1,60751101,XR1,33.5
MCHC,L1,60751101,XR1,33.7
MCHC,L1,60751101,XR1,33.5
MCHC,L1,60751101,XR1,34.0
MCHC,L1,60751101,XR1,33.9
MCHC,L1,60751101,XR1,33.3
MCHC,L1,60751101,XR1,33.0
MCHC,L1,60751101,XR1,33.2
MCHC,L1,60751101,XR1,33.2
MCHC,L1,60751101,XR1,33.5
MCHC,L1,60751101,XR1,34.1
MCHC,L1,60751101,XR1,33.7
MCHC,L1,60751101,XR1,33.5
MCHC,L1,60751101,XR1,33.0
MCHC,L1,60751101,XR1,32.8
MCHC,L1,60751101,XR1,33.0
MCHC,L1,60751101,XR1,33.5
MCHC,L1,60751101,XR1,34.1
MCHC,L1,60751101,XR1,33.3
MCHC,L1,60751101,XR1,33.2
MCHC,L1,60751101,XR1,32.0
MCHC,L1,60751101,XR1,33.2
MCHC,L1,60751101,XR1,33.5
MCHC,L1,60751101,XR1,32.8
MCHC,L1,60751101,XR1,33.3
MCHC,L1,60751101,XR1,34.2
MCHC,L1,60751101,XR1,33.2
MCHC,L1,60751101,XR1,33.3
MCHC,L1,60751101,XR1,32.8
MCHC,L1,60751101,XR1,33.3
MCHC,L1,60751101,XR1,33.5
MCHC,L1,60751101,XR1,33.3
MCHC,L1,60751101,XR1,33.3
MCHC,L1,60751101,XR1,32.8
MCHC,L1,61311101,XR1,33.2
MCHC,L1,61311101,XR1,32.6
MCHC,L1,61311101,XR1,33.2
MCHC,L1,61311101,XR1,33.5
MCHC,L1,61311101,XR1,33.2
MCHC,L1,61311101,XR1,33.2
MCHC,L1,61311101,XR1,33.5
MCHC,L1,61311101,XR1,33.0
MCHC,L1,61311101,XR1,32.8
MCHC,L1,61311101,XR1,33.0
MCHC,L1,61311101,XR1,33.3
MCHC,L1,61311101,XR1,33.5
MCHC,L1,61311101,XR1,32.5
MCHC,L1,61311101,XR1,33.3
MCHC,L1,61311101,XR1,33.3
MCHC,L1,61311101,XR1,32.8
MCHC,L1,61311101,XR1,32.5
MCHC,L1,61311101,XR1,33.2
MCHC,L1,61311101,XR1,32.1
MCHC,L1,61311101,XR1,32.6
MCHC,L1,61311101,XR1,33.3
MCHC,L1,61311101,XR1,33.7
MCHC,L1,61311101,XR1,33.9
MCHC,L1,61311101,XR1,33.0
MCHC,L1,61311101,XR1,32.8
MCHC,L1,61311101,XR1,32.8
MCHC,L1,61311101,XR1,33.0
MCHC,L1,61311101,XR1,32.6
MCHC,L1,61311101,XR1,33.9
MCHC,L1,61311101,XR1,32.8
MCHC,L1,61311101,XR1,32.1
MCHC,L1,61311101,XR1,32.5
MCHC,L1,61311101,XR1,32.6
MCHC,L1,61311101,XR1,32.8
MCHC,L1,61311101,XR1,33.0
MCHC,L1,61311101,XR1,33.9
MCHC,L1,61311101,XR1,33.3
MCHC,L1,61311101,XR1,33.2
MCHC,L1,61311101,XR1,32.1
MCHC,L1,61311101,XR1,32.6
MCHC,L1,61311101,XR1,32.8
MCHC,L1,61311101,XR1,32.1
MCHC,L1,61311101,XR1,33.2
MCHC,L1,61311101,XR1,33.3
MCHC,L1,61311101,XR1,33.5
MCHC,L1,61311101,XR1,32.5
MCHC,L1,61311101,XR1,32.6
MCHC,L1,61311101,XR1,32.8
MCHC,L1,61311101,XR1,33.7
MCHC,L1,61311101,XR1,32.8
MCHC,L1,61311101,XR1,33.9
MCHC,L1,61311101,XR1,34.1
MCHC,L1,61311101,XR1,32.1
MCHC,L1,61311101,XR1,32.8
MCHC,L1,61311101,XR1,33.3
MCHC,L1,61311101,XR1,33.0
MCHC,L1,61311101,XR1,33.0
MCHC,L1,61311101,XR1,32.6
MCHC,L1,61311101,XR1,33.0
MCHC,L1,61311101,XR1,33.3
MCHC,L1,61311101,XR1,33.5
MCHC,L1,61311101,XR1,32.0
MCHC,L1,61311101,XR1,32.8
MCHC,L1,61311101,XR1,33.3
MCHC,L1,61311101,XR1,32.5
MCHC,L1,61311101,XR1,32.6
MCHC,L1,61311101,XR1,32.6
MCHC,L1,61311101,XR1,33.7
MCHC,L1,61311101,XR1,32.3
MCHC,L1,61311101,XR1,33.0
MCHC,L1,61311101,XR1,32.3
MCHC,L1,61311101,XR1,32.8
MCHC,L1,61311101,XR1,33.0
MCHC,L1,61311101,XR1,32.6
MCHC,L1,61311101,XR1,33.2
MCHC,L1,61311101,XR1,32.5
MCHC,L1,61311101,XR1,32.3
MCHC,L1,61311101,XR1,33.3
MCHC,L1,61311101,XR1,32.1
MCHC,L1,61311101,XR1,33.5
MCHC,L1,61311101,XR1,33.2
MCHC,L1,61311101,XR1,33.3
MCHC,L1,61311101,XR1,33.0
MCHC,L1,61311101,XR1,33.3
MCHC,L1,61311101,XR1,32.3
MCHC,L1,61311101,XR1,32.5
MCHC,L1,61311101,XR1,32.6
MCHC,L1,61311101,XR1,32.6
MCHC,L1,61311101,XR1,32.6
MCHC,L1,61311101,XR1,33.2
MCHC,L1,61311101,XR1,33.2
MCHC,L1,61311101,XR1,32.1
MCHC,L1,61311101,XR1,32.1
MCHC,L1,61311101,XR1,33.0
MCHC,L1,61311101,XR1,33.0
MCHC,L1,61311101,XR1,33.0
MCHC,L2,53281102,XR1,34.0
MCHC,L2,53281102,XR1,34.0
MCHC,L2,53281102,XR1,34.2
MCHC,L2,53281102,XR1,33.9
MCHC,L2,53281102,XR1,34.1
MCHC,L2,53281102,XR1,33.7
MCHC,L2,53281102,XR1,33.0
MCHC,L2,53281102,XR1,33.4
MCHC,L2,53281102,XR1,33.6
MCHC,L2,53281102,XR1,33.7
MCHC,L2,53281102,XR1,33.7
MCHC,L2,53281102,XR1,33.8
MCHC,L2,53281102,XR1,33.3
MCHC,L2,53281102,XR1,33.9
MCHC,L2,53281102,XR1,33.8
MCHC,L2,53281102,XR1,33.5
MCHC,L2,53281102,XR1,34.1
MCHC,L2,53281102,XR1,34.0
MCHC,L2,53281102,XR1,33.2
MCHC,L2,53281102,XR1,33.9
MCHC,L2,53281102,XR1,33.3
MCHC,L2,53281102,XR1,33.2
MCHC,L2,53281102,XR1,33.7
MCHC,L2,53281102,XR1,34.4
MCHC,L2,53281102,XR1,33.5
MCHC,L2,53281102,XR1,34.3
MCHC,L2,53281102,XR1,33.7
MCHC,L2,53281102,XR1,33.8
MCHC,L2,53281102,XR1,33.6
MCHC,L2,53281102,XR1,32.8
MCHC,L2,53281102,XR1,33.4
MCHC,L2,53281102,XR1,33.8
MCHC,L2,53281102,XR1,33.5
MCHC,L2,53281102,XR1,33.5
MCHC,L2,53281102,XR1,33.9
MCHC,L2,53281102,XR1,33.6
MCHC,L2,53281102,XR1,33.4
MCHC,L2,53281102,XR1,33.8
MCHC,L2,53281102,XR1,33.8
MCHC,L2,53281102,XR1,33.7
MCHC,L2,53281102,XR1,34.0
MCHC,L2,53281102,XR1,33.5
MCHC,L2,53281102,XR1,33.5
MCHC,L2,53281102,XR1,33.8
MCHC,L2,53281102,XR1,33.9
MCHC,L2,53281102,XR1,33.6
MCHC,L2,53281102,XR1,33.4
MCHC,L2,53281102,XR1,33.7
MCHC,L2,53281102,XR1,33.4
MCHC,L2,53281102,XR1,33.6
MCHC,L2,53281102,XR1,34.0
MCHC,L2,53281102,XR1,33.2
MCHC,L2,53281102,XR1,33.3
MCHC,L2,53281102,XR1,33.4
MCHC,L2,53281102,XR1,33.9
MCHC,L2,53281102,XR1,34.0
MCHC,L2,53281102,XR1,33.7
MCHC,L2,53281102,XR1,33.9
MCHC,L2,53281102,XR1,33.7
MCHC,L2,53281102,XR1,33.0
MCHC,L2,53281102,XR1,33.6
MCHC,L2,53281102,XR1,33.8
MCHC,L2,53281102,XR1,33.4
MCHC,L2,53281102,XR1,33.9
MCHC,L2,53281102,XR1,33.6
MCHC,L2,53281102,XR1,33.6
MCHC,L2,53281102,XR1,33.7
MCHC,L2,53281102,XR1,33.6
MCHC,L2,53281102,XR1,33.1
MCHC,L2,53281102,XR1,34.0
MCHC,L2,53281102,XR1,33.9
MCHC,L2,53281102,XR1,33.6
MCHC,L2,53281102,XR1,33.4
MCHC,L2,53281102,XR1,33.9
MCHC,L2,53281102,XR1,32.9
MCHC,L2,53281102,XR1,33.1
MCHC,L2,53281102,XR1,33.1
MCHC,L2,53281102,XR1,33.2
MCHC,L2,53281102,XR1,33.0
MCHC,L2,53281102,XR1,34.0
MCHC,L2,53281102,XR1,33.6
MCHC,L2,53281102,XR1,33.1
MCHC,L2,53281102,XR1,33.2
MCHC,L2,53281102,XR1,33.2
MCHC,L2,53281102,XR1,33.8
MCHC,L2,53281102,XR1,33.7
MCHC,L2,53281102,XR1,33.5
MCHC,L2,53281102,XR1,33.5
MCHC,L2,53281102,XR1,33.6
MCHC,L2,53281102,XR1,33.2
MCHC,L2,53281102,XR1,33.2
MCHC,L2,53281102,XR1,33.3
MCHC,L2,53281102,XR1,33.4
MCHC,L2,53281102,XR1,33.3
MCHC,L2,53281102,XR1,33.7
MCHC,L2,53281102,XR1,33.1
MCHC,L2,53281102,XR1,33.6
MCHC,L2,53281102,XR1,33.8
MCHC,L2,53281102,XR1,32.9
MCHC,L2,53281102,XR1,33.4
MCHC,L2,53281102,XR1,33.5
MCHC,L2,53281102,XR1,33.2
MCHC,L2,53281102,XR1,33.6
MCHC,L2,53281102,XR1,33.7
MCHC,L2,53281102,XR1,32.8
MCHC,L2,53281102,XR1,33.9
MCHC,L2,53281102,XR1,33.6
MCHC,L2,53281102,XR1,33.6
MCHC,L2,53281102,XR1,33.1
MCHC,L2,53281102,XR1,33.8
MCHC,L2,53281102,XR1,33.3
MCHC,L2,53281102,XR1,33.0
MCHC,L2,53281102,XR1,33.3
MCHC,L2,53281102,XR1,33.1
MCHC,L2,53281102,XR1,33.0
MCHC,L2,53281102,XR1,32.7
MCHC,L2,53281102,XR1,33.1
MCHC,L2,53281102,XR1,33.2
MCHC,L2,53281102,XR1,33.5
MCHC,L2,53281102,XR1,33.1
MCHC,L2,53281102,XR1,33.9
MCHC,L2,53281102,XR1,33.7
MCHC,L2,53281102,XR1,32.6
MCHC,L2,53281102,XR1,33.9
MCHC,L2,53281102,XR1,33.7
MCHC,L2,53281102,XR1,32.6
MCHC,L2,53281102,XR1,34.1
MCHC,L2,53281102,XR1,33.0
MCHC,L2,53281102,XR1,32.9
MCHC,L2,53281102,XR1,33.5
MCHC,L2,53281102,XR1,33.1
MCHC,L2,53281102,XR1,33.1
MCHC,L2,53281102,XR1,33.4
MCHC,L2,53281102,XR1,33.1
MCHC,L2,53281102,XR1,33.2
MCHC,L2,53281102,XR1,33.2
MCHC,L2,53281102,XR1,33.0
MCHC,L2,53281102,XR1,33.1
MCHC,L2,53281102,XR1,33.1
MCHC,L2,53281102,XR1,33.5
MCHC,L2,53281102,XR1,33.5
MCHC,L2,53281102,XR1,33.7
MCHC,L2,53281102,XR1,34.1
MCHC,L2,53281102,XR1,32.9
MCHC,L2,53281102,XR1,33.5
MCHC,L2,53281102,XR1,33.6
MCHC,L2,53281102,XR1,33.3
MCHC,L2,53281102,XR1,33.2
MCHC,L2,53281102,XR1,33.3
MCHC,L2,53281102,XR1,33.7
MCHC,L2,53281102,XR1,32.6
MCHC,L2,53281102,XR1,32.9
MCHC,L2,53281102,XR1,33.0
MCHC,L2,53281102,XR1,33.9
MCHC,L2,53281102,XR1,33.7
MCHC,L2,53281102,XR1,33.5
MCHC,L2,53281102,XR1,33.8
MCHC,L2,60191102,XR1,33.5
MCHC,L2,60191102,XR1,34.2
MCHC,L2,60191102,XR1,33.8
MCHC,L2,60191102,XR1,34.2
MCHC,L2,60191102,XR1,33.6
MCHC,L2,60191102,XR1,34.3
MCHC,L2,60191102,XR1,34.1
MCHC,L2,60191102,XR1,34.1
MCHC,L2,60191102,XR1,33.8
MCHC,L2,60191102,XR1,33.9
MCHC,L2,60191102,XR1,34.1
MCHC,L2,60191102,XR1,34.3
MCHC,L2,60191102,XR1,34.6
MCHC,L2,60191102,XR1,34.3
MCHC,L2,60191102,XR1,34.5
MCHC,L2,60191102,XR1,34.4
MCHC,L2,60191102,XR1,33.7
MCHC,L2,60191102,XR1,33.9
MCHC,L2,60191102,XR1,34.2
MCHC,L2,60191102,XR1,33.7
MCHC,L2,60191102,XR1,34.4
MCHC,L2,60191102,XR1,34.2
MCHC,L2,60191102,XR1,34.4
MCHC,L2,60191102,XR1,33.8
MCHC,L2,60191102,XR1,34.0
MCHC,L2,60191102,XR1,34.3
MCHC,L2,60191102,XR1,34.4
MCHC,L2,60191102,XR1,34.0
MCHC,L2,60191102,XR1,34.4
MCHC,L2,60191102,XR1,33.8
MCHC,L2,60191102,XR1,34.4
MCHC,L2,60191102,XR1,34.1
MCHC,L2,60191102,XR1,33.7
MCHC,L2,60191102,XR1,33.9
MCHC,L2,60191102,XR1,34.5
MCHC,L2,60191102,XR1,34.0
MCHC,L2,60191102,XR1,34.0
MCHC,L2,60191102,XR1,34.4
MCHC,L2,60191102,XR1,33.4
MCHC,L2,60191102,XR1,34.4
MCHC,L2,60191102,XR1,34.3
MCHC,L2,60191102,XR1,34.5
MCHC,L2,60191102,XR1,34.6
MCHC,L2,60191102,XR1,34.4
MCHC,L2,60191102,XR1,33.9
MCHC,L2,60191102,XR1,33.8
MCHC,L2,60191102,XR1,34.0
MCHC,L2,60191102,XR1,33.5
MCHC,L2,60191102,XR1,33.6
MCHC,L2,60191102,XR1,33.7
MCHC,L2,60191102,XR1,33.9
MCHC,L2,60191102,XR1,33.7
MCHC,L2,60191102,XR1,34.5
MCHC,L2,60191102,XR1,34.2
MCHC,L2,60191102,XR1,33.4
MCHC,L2,60191102,XR1,33.7
MCHC,L2,60191102,XR1,33.9
MCHC,L2,60191102,XR1,33.9
MCHC,L2,60191102,XR1,34.2
MCHC,L2,60191102,XR1,33.9
MCHC,L2,60191102,XR1,33.9
MCHC,L2,60191102,XR1,34.0
MCHC,L2,60191102,XR1,32.8
MCHC,L2,60191102,XR1,33.8
MCHC,L2,60191102,XR1,34.1
MCHC,L2,60191102,XR1,34.4
MCHC,L2,60191102,XR1,34.3
MCHC,L2,60191102,XR1,33.5
MCHC,L2,60191102,XR1,33.6
MCHC,L2,60191102,XR1,34.0
MCHC,L2,60191102,XR1,34.0
MCHC,L2,60191102,XR1,33.5
MCHC,L2,60191102,XR1,34.3
MCHC,L2,60191102,XR1,34.0
MCHC,L2,60191102,XR1,33.8
MCHC,L2,60191102,XR1,33.6
MCHC,L2,60191102,XR1,34.1
MCHC,L2,60191102,XR1,34.0
MCHC,L2,60191102,XR1,34.0
MCHC,L2,60191102,XR1,34.2
MCHC,L2,60191102,XR1,34.0
MCHC,L2,60191102,XR1,33.6
MCHC,L2,60191102,XR1,34.0
MCHC,L2,60191102,XR1,33.7
MCHC,L2,60191102,XR1,33.5
MCHC,L2,60191102,XR1,34.2
MCHC,L2,60191102,XR1,33.9
MCHC,L2,60191102,XR1,33.9
MCHC,L2,60191102,XR1,34.1
MCHC,L2,60191102,XR1,34.8
MCHC,L2,60191102,XR1,34.2
MCHC,L2,60191102,XR1,34.5
MCHC,L2,60191102,XR1,34.2
MCHC,L2,60191102,XR1,34.0
MCHC,L2,60191102,XR1,34.3
MCHC,L2,60191102,XR1,34.1
MCHC,L2,60191102,XR1,34.3
MCHC,L2,60191102,XR1,34.3
MCHC,L2,60191102,XR1,34.1
MCHC,L2,60191102,XR1,34.2
MCHC,L2,60191102,XR1,34.3
MCHC,L2,60191102,XR1,33.7
MCHC,L2,60191102,XR1,34.4
MCHC,L2,60191102,XR1,34.6
MCHC,L2,60191102,XR1,34.8
MCHC,L2,60191102,XR1,34.1
MCHC,L2,60191102,XR1,34.1
MCHC,L2,60191102,XR1,34.4
MCHC,L2,60191102,XR1,34.0
MCHC,L2,60191102,XR1,34.2
MCHC,L2,60191102,XR1,34.4
MCHC,L2,60191102,XR1,34.2
MCHC,L2,60191102,XR1,34.7
MCHC,L2,60191102,XR1,33.6
MCHC,L2,60191102,XR1,33.7
MCHC,L2,60191102,XR1,33.8
MCHC,L2,60191102,XR1,33.9
MCHC,L2,60191102,XR1,34.1
MCHC,L2,60191102,XR1,34.2
MCHC,L2,60191102,XR1,34.3
MCHC,L2,60191102,XR1,34.5
MCHC,L2,60191102,XR1,33.5
MCHC,L2,60191102,XR1,33.5
MCHC,L2,60191102,XR1,34.1
MCHC,L2,60191102,XR1,34.0
MCHC,L2,60191102,XR1,34.0
MCHC,L2,60191102,XR1,34.3
MCHC,L2,60191102,XR1,34.7
MCHC,L2,60191102,XR1,34.2
MCHC,L2,60191102,XR1,34.0
MCHC,L2,60191102,XR1,33.5
MCHC,L2,60191102,XR1,33.2
MCHC,L2,60191102,XR1,34.0
MCHC,L2,60191102,XR1,34.6
MCHC,L2,60191102,XR1,33.9
MCHC,L2,60191102,XR1,34.1
MCHC,L2,60191102,XR1,34.8
MCHC,L2,60191102,XR1,33.9
MCHC,L2,60191102,XR1,33.8
MCHC,L2,60191102,XR1,34.1
MCHC,L2,60191102,XR1,34.3
MCHC,L2,60191102,XR1,33.4
MCHC,L2,60191102,XR1,34.2
MCHC,L2,60191102,XR1,34.3
MCHC,L2,60191102,XR1,34.3
MCHC,L2,60191102,XR1,33.6
MCHC,L2,60191102,XR1,33.9
MCHC,L2,60191102,XR1,34.0
MCHC,L2,60191102,XR1,34.0
MCHC,L2,60191102,XR1,34.1
MCHC,L2,60191102,XR1,34.4
MCHC,L2,60191102,XR1,34.3
MCHC,L2,60191102,XR1,33.4
MCHC,L2,60191102,XR1,33.5
MCHC,L2,60191102,XR1,34.1
MCHC,L2,60191102,XR1,34.3
MCHC,L2,60191102,XR1,33.9
MCHC,L2,60191102,XR1,34.4
MCHC,L2,60191102,XR1,34.5
MCHC,L2,60191102,XR1,34.2
MCHC,L2,60191102,XR1,33.8
MCHC,L2,60191102,XR1,33.6
MCHC,L2,60191102,XR1,33.7
MCHC,L2,60191102,XR1,34.6
MCHC,L2,60191102,XR1,33.8
MCHC,L2,60191102,XR1,34.2
MCHC,L2,60191102,XR1,34.6
MCHC,L2,60751102,XR1,34.2
MCHC,L2,60751102,XR1,33.6
MCHC,L2,60751102,XR1,34.6
MCHC,L2,60751102,XR1,34.2
MCHC,L2,60751102,XR1,34.5
MCHC,L2,60751102,XR1,34.8
MCHC,L2,60751102,XR1,34.6
MCHC,L2,60751102,XR1,34.7
MCHC,L2,60751102,XR1,33.3
MCHC,L2,60751102,XR1,33.7
MCHC,L2,60751102,XR1,33.2
MCHC,L2,60751102,XR1,34.6
MCHC,L2,60751102,XR1,34.4
MCHC,L2,60751102,XR1,34.5
MCHC,L2,60751102,XR1,35.2
MCHC,L2,60751102,XR1,34.4
MCHC,L2,60751102,XR1,33.8
MCHC,L2,60751102,XR1,34.2
MCHC,L2,60751102,XR1,34.1
MCHC,L2,60751102,XR1,33.7
MCHC,L2,60751102,XR1,33.9
MCHC,L2,60751102,XR1,34.0
MCHC,L2,60751102,XR1,34.6
MCHC,L2,60751102,XR1,33.8
MCHC,L2,60751102,XR1,34.4
MCHC,L2,60751102,XR1,34.2
MCHC,L2,60751102,XR1,33.9
MCHC,L2,60751102,XR1,33.9
MCHC,L2,60751102,XR1,34.4
MCHC,L2,60751102,XR1,33.8
MCHC,L2,60751102,XR1,34.0
MCHC,L2,60751102,XR1,34.6
MCHC,L2,60751102,XR1,34.2
MCHC,L2,60751102,XR1,33.7
MCHC,L2,60751102,XR1,34.5
MCHC,L2,60751102,XR1,34.4
MCHC,L2,60751102,XR1,34.2
MCHC,L2,60751102,XR1,34.6
MCHC,L2,60751102,XR1,34.2
MCHC,L2,60751102,XR1,34.3
MCHC,L2,60751102,XR1,33.5
MCHC,L2,60751102,XR1,34.1
MCHC,L2,60751102,XR1,33.9
MCHC,L2,60751102,XR1,34.3
MCHC,L2,60751102,XR1,33.9
MCHC,L2,60751102,XR1,34.1
MCHC,L2,60751102,XR1,34.3
MCHC,L2,60751102,XR1,34.4
MCHC,L2,60751102,XR1,33.2
MCHC,L2,60751102,XR1,33.9
MCHC,L2,60751102,XR1,34.5
MCHC,L2,60751102,XR1,34.1
MCHC,L2,60751102,XR1,34.3
MCHC,L2,60751102,XR1,33.8
MCHC,L2,60751102,XR1,34.0
MCHC,L2,60751102,XR1,34.0
MCHC,L2,60751102,XR1,34.2
MCHC,L2,60751102,XR1,34.1
MCHC,L2,60751102,XR1,34.9
MCHC,L2,60751102,XR1,34.6
MCHC,L2,60751102,XR1,34.2
MCHC,L2,60751102,XR1,33.9
MCHC,L2,60751102,XR1,33.5
MCHC,L2,60751102,XR1,33.5
MCHC,L2,60751102,XR1,33.8
MCHC,L2,60751102,XR1,33.6
MCHC,L2,60751102,XR1,34.2
MCHC,L2,60751102,XR1,33.5
MCHC,L2,60751102,XR1,34.4
MCHC,L2,60751102,XR1,34.2
MCHC,L2,60751102,XR1,33.5
MCHC,L2,60751102,XR1,33.6
MCHC,L2,60751102,XR1,33.9
MCHC,L2,60751102,XR1,34.1
MCHC,L2,60751102,XR1,34.2
MCHC,L2,60751102,XR1,34.8
MCHC,L2,60751102,XR1,33.2
MCHC,L2,60751102,XR1,33.9
MCHC,L2,60751102,XR1,34.5
MCHC,L2,60751102,XR1,34.4
MCHC,L2,60751102,XR1,33.8
MCHC,L2,60751102,XR1,33.8
MCHC,L2,60751102,XR1,34.7
MCHC,L2,60751102,XR1,34.2
MCHC,L2,60751102,XR1,33.5
MCHC,L2,60751102,XR1,34.1
MCHC,L2,60751102,XR1,34.1
MCHC,L2,60751102,XR1,33.6
MCHC,L2,60751102,XR1,34.0
MCHC,L2,60751102,XR1,34.2
MCHC,L2,60751102,XR1,34.4
MCHC,L2,60751102,XR1,34.0
MCHC,L2,60751102,XR1,33.9
MCHC,L2,60751102,XR1,33.7
MCHC,L2,60751102,XR1,33.8
MCHC,L2,60751102,XR1,34.0
MCHC,L2,60751102,XR1,33.8
MCHC,L2,60751102,XR1,34.2
MCHC,L2,60751102,XR1,33.9
MCHC,L2,60751102,XR1,34.3
MCHC,L2,60751102,XR1,32.8
MCHC,L2,60751102,XR1,34.0
MCHC,L2,60751102,XR1,33.9
MCHC,L2,60751102,XR1,34.1
MCHC,L2,60751102,XR1,34.2
MCHC,L2,60751102,XR1,34.1
MCHC,L2,60751102,XR1,34.4
MCHC,L2,60751102,XR1,34.4
MCHC,L2,60751102,XR1,33.2
MCHC,L2,60751102,XR1,33.4
MCHC,L2,60751102,XR1,34.0
MCHC,L2,60751102,XR1,33.3
MCHC,L2,60751102,XR1,33.7
MCHC,L2,60751102,XR1,34.0
MCHC,L2,60751102,XR1,33.8
MCHC,L2,60751102,XR1,33.5
MCHC,L2,60751102,XR1,33.6
MCHC,L2,60751102,XR1,33.5
MCHC,L2,60751102,XR1,33.6
MCHC,L2,60751102,XR1,34.1
MCHC,L2,60751102,XR1,34.1
MCHC,L2,60751102,XR1,33.6
MCHC,L2,60751102,XR1,34.0
MCHC,L2,60751102,XR1,33.5
MCHC,L2,60751102,XR1,33.7
MCHC,L2,60751102,XR1,33.6
MCHC,L2,60751102,XR1,33.8
MCHC,L2,60751102,XR1,34.0
MCHC,L2,60751102,XR1,33.7
MCHC,L2,60751102,XR1,33.8
MCHC,L2,60751102,XR1,33.8
MCHC,L2,60751102,XR1,33.4
MCHC,L2,60751102,XR1,33.6
MCHC,L2,60751102,XR1,33.7
MCHC,L2,60751102,XR1,33.8
MCHC,L2,60751102,XR1,33.9
MCHC,L2,60751102,XR1,34.0
MCHC,L2,60751102,XR1,34.1
MCHC,L2,60751102,XR1,33.4
MCHC,L2,60751102,XR1,33.4
MCHC,L2,60751102,XR1,33.7
MCHC,L2,60751102,XR1,33.7
MCHC,L2,60751102,XR1,33.9
MCHC,L2,60751102,XR1,34.2
MCHC,L2,60751102,XR1,33.6
MCHC,L2,60751102,XR1,34.3
MCHC,L2,60751102,XR1,33.9
MCHC,L2,60751102,XR1,33.6
MCHC,L2,60751102,XR1,34.2
MCHC,L2,60751102,XR1,34.4
MCHC,L2,60751102,XR1,34.0
MCHC,L2,60751102,XR1,33.7
MCHC,L2,60751102,XR1,34.3
MCHC,L2,60751102,XR1,34.3
MCHC,L2,60751102,XR1,33.6
MCHC,L2,60751102,XR1,33.1
MCHC,L2,60751102,XR1,33.1
MCHC,L2,60751102,XR1,33.9
MCHC,L2,60751102,XR1,33.9
MCHC,L2,60751102,XR1,33.8
MCHC,L2,60751102,XR1,33.4
MCHC,L2,60751102,XR1,33.5
MCHC,L2,60751102,XR1,33.2
MCHC,L2,60751102,XR1,33.8
MCHC,L2,60751102,XR1,33.3
MCHC,L2,60751102,XR1,33.6
MCHC,L2,60751102,XR1,33.9
MCHC,L2,60751102,XR1,34.0
MCHC,L2,60751102,XR1,34.1
MCHC,L2,60751102,XR1,33.6
MCHC,L2,60751102,XR1,33.9
MCHC,L2,60751102,XR1,33.6
MCHC,L2,60751102,XR1,33.8
MCHC,L2,60751102,XR1,33.9
MCHC,L2,61311102,XR1,33.3
MCHC,L2,61311102,XR1,33.4
MCHC,L2,61311102,XR1,33.7
MCHC,L2,61311102,XR1,33.8
MCHC,L2,61311102,XR1,34.4
MCHC,L2,61311102,XR1,33.4
MCHC,L2,61311102,XR1,34.0
MCHC,L2,61311102,XR1,34.4
MCHC,L2,61311102,XR1,33.8
MCHC,L2,61311102,XR1,33.6
MCHC,L2,61311102,XR1,33.5
MCHC,L2,61311102,XR1,33.2
MCHC,L2,61311102,XR1,34.1
MCHC,L2,61311102,XR1,34.1
MCHC,L2,61311102,XR1,33.7
MCHC,L2,61311102,XR1,34.1
MCHC,L2,61311102,XR1,34.7
MCHC,L2,61311102,XR1,33.6
MCHC,L2,61311102,XR1,33.8
MCHC,L2,61311102,XR1,33.7
MCHC,L2,61311102,XR1,32.9
MCHC,L2,61311102,XR1,33.8
MCHC,L2,61311102,XR1,33.8
MCHC,L2,61311102,XR1,33.9
MCHC,L2,61311102,XR1,34.7
MCHC,L2,61311102,XR1,33.9
MCHC,L2,61311102,XR1,33.5
MCHC,L2,61311102,XR1,33.2
MCHC,L2,61311102,XR1,33.6
MCHC,L2,61311102,XR1,33.8
MCHC,L2,61311102,XR1,34.9
MCHC,L2,61311102,XR1,34.2
MCHC,L2,61311102,XR1,33.0
MCHC,L2,61311102,XR1,33.6
MCHC,L2,61311102,XR1,33.9
MCHC,L2,61311102,XR1,33.8
MCHC,L2,61311102,XR1,33.5
MCHC,L2,61311102,XR1,33.9
MCHC,L2,61311102,XR1,34.4
MCHC,L2,61311102,XR1,33.9
MCHC,L2,61311102,XR1,33.6
MCHC,L2,61311102,XR1,33.0
MCHC,L2,61311102,XR1,33.6
MCHC,L2,61311102,XR1,33.6
MCHC,L2,61311102,XR1,34.0
MCHC,L2,61311102,XR1,34.3
MCHC,L2,61311102,XR1,34.4
MCHC,L2,61311102,XR1,34.2
MCHC,L2,61311102,XR1,33.3
MCHC,L2,61311102,XR1,33.6
MCHC,L2,61311102,XR1,33.3
MCHC,L2,61311102,XR1,33.8
MCHC,L2,61311102,XR1,33.8
MCHC,L2,61311102,XR1,33.4
MCHC,L2,61311102,XR1,34.1
MCHC,L2,61311102,XR1,33.5
MCHC,L2,61311102,XR1,33.6
MCHC,L2,61311102,XR1,33.2
MCHC,L2,61311102,XR1,34.0
MCHC,L2,61311102,XR1,33.4
MCHC,L2,61311102,XR1,33.4
MCHC,L2,61311102,XR1,34.0
MCHC,L2,61311102,XR1,33.7
MCHC,L2,61311102,XR1,33.3
MCHC,L2,61311102,XR1,33.8
MCHC,L2,61311102,XR1,33.6
MCHC,L2,61311102,XR1,33.9
MCHC,L2,61311102,XR1,33.8
MCHC,L2,61311102,XR1,33.8
MCHC,L2,61311102,XR1,33.8
MCHC,L2,61311102,XR1,34.4
MCHC,L2,61311102,XR1,33.0
MCHC,L2,61311102,XR1,34.0
MCHC,L2,61311102,XR1,33.8
MCHC,L2,61311102,XR1,33.8
MCHC,L2,61311102,XR1,34.0
MCHC,L2,61311102,XR1,34.5
MCHC,L2,61311102,XR1,33.9
MCHC,L2,61311102,XR1,33.1
MCHC,L2,61311102,XR1,33.6
MCHC,L2,61311102,XR1,33.2
MCHC,L2,61311102,XR1,33.4
MCHC,L2,61311102,XR1,34.3
MCHC,L2,61311102,XR1,33.1
MCHC,L2,61311102,XR1,33.3
MCHC,L2,61311102,XR1,33.9
MCHC,L2,61311102,XR1,33.4
MCHC,L2,61311102,XR1,33.5
MCHC,L2,61311102,XR1,33.9
MCHC,L2,61311102,XR1,33.9
MCHC,L2,61311102,XR1,33.4
MCHC,L2,61311102,XR1,34.1
MCHC,L2,61311102,XR1,33.3
MCHC,L2,61311102,XR1,34.0
MCHC,L2,61311102,XR1,33.2
MCHC,L2,61311102,XR1,33.5
MCHC,L2,61311102,XR1,33.2
MCHC,L2,61311102,XR1,33.3
MCHC,L2,61311102,XR1,34.0
MCHC,L2,61311102,XR1,33.5
MCHC,L2,61311102,XR1,33.8
MCHC,L2,61311102,XR1,34.0
MCHC,L2,61311102,XR1,33.5
MCHC,L2,61311102,XR1,33.8
MCHC,L2,61311102,XR1,33.6
MCHC,L2,61311102,XR1,33.7
MCHC,L2,61311102,XR1,33.5
MCHC,L2,61311102,XR1,34.0
MCHC,L2,61311102,XR1,33.8
MCHC,L2,61311102,XR1,33.7
MCHC,L2,61311102,XR1,33.9
MCHC,L2,61311102,XR1,33.3
MCHC,L2,61311102,XR1,33.1
MCHC,L2,61311102,XR1,33.3
MCHC,L2,61311102,XR1,33.4
MCHC,L2,61311102,XR1,33.9
MCHC,L2,61311102,XR1,33.7
MCHC,L2,61311102,XR1,34.3
MCHC,L2,61311102,XR1,33.1
MCHC,L2,61311102,XR1,33.5
MCHC,L2,61311102,XR1,33.5
MCHC,L2,61311102,XR1,33.7
MCHC,L2,61311102,XR1,34.3
MCHC,L2,61311102,XR1,33.8
MCHC,L2,61311102,XR1,34.1
MCHC,L2,61311102,XR1,33.2
MCHC,L2,61311102,XR1,32.6
MCHC,L2,61311102,XR1,33.1
MCHC,L2,61311102,XR1,33.7
MCHC,L2,61311102,XR1,33.5
MCHC,L2,61311102,XR1,33.6
MCHC,L2,61311102,XR1,33.6
MCHC,L2,61311102,XR1,33.8
MCHC,L2,61311102,XR1,32.8
MCHC,L2,61311102,XR1,33.4
MCHC,L2,61311102,XR1,33.3
MCHC,L2,61311102,XR1,33.8
MCHC,L2,61311102,XR1,33.8
MCHC,L2,61311102,XR1,33.9
MCHC,L2,61311102,XR1,33.6
MCHC,L2,61311102,XR1,33.7
MCHC,L2,61311102,XR1,33.3
MCHC,L2,61311102,XR1,33.4
MCHC,L2,61311102,XR1,33.5
MCHC,L3,53281103,XR1,34.8
MCHC,L3,53281103,XR1,34.8
MCHC,L3,53281103,XR1,34.8
MCHC,L3,53281103,XR1,34.8
MCHC,L3,53281103,XR1,34.8
MCHC,L3,53281103,XR1,34.4
MCHC,L3,53281103,XR1,34.2
MCHC,L3,53281103,XR1,34.5
MCHC,L3,53281103,XR1,34.5
MCHC,L3,53281103,XR1,34.6
MCHC,L3,53281103,XR1,34.9
MCHC,L3,53281103,XR1,35.1
MCHC,L3,53281103,XR1,34.2
MCHC,L3,53281103,XR1,34.7
MCHC,L3,53281103,XR1,33.8
MCHC,L3,53281103,XR1,34.2
MCHC,L3,53281103,XR1,34.4
MCHC,L3,53281103,XR1,34.8
MCHC,L3,53281103,XR1,34.9
MCHC,L3,53281103,XR1,34.8
MCHC,L3,53281103,XR1,34.8
MCHC,L3,53281103,XR1,34.7
MCHC,L3,53281103,XR1,35.0
MCHC,L3,53281103,XR1,34.7
MCHC,L3,53281103,XR1,34.8
MCHC,L3,53281103,XR1,34.5
MCHC,L3,53281103,XR1,34.4
MCHC,L3,53281103,XR1,33.3
MCHC,L3,53281103,XR1,34.1
MCHC,L3,53281103,XR1,34.2
MCHC,L3,53281103,XR1,33.9
MCHC,L3,53281103,XR1,33.8
MCHC,L3,53281103,XR1,34.3
MCHC,L3,53281103,XR1,34.1
MCHC,L3,53281103,XR1,34.4
MCHC,L3,53281103,XR1,34.1
MCHC,L3,53281103,XR1,34.1
MCHC,L3,53281103,XR1,33.9
MCHC,L3,53281103,XR1,33.8
MCHC,L3,53281103,XR1,34.5
MCHC,L3,53281103,XR1,34.0
MCHC,L3,53281103,XR1,34.1
MCHC,L3,53281103,XR1,33.9
MCHC,L3,53281103,XR1,34.0
MCHC,L3,53281103,XR1,34.2
MCHC,L3,53281103,XR1,33.8
MCHC,L3,53281103,XR1,34.0
MCHC,L3,53281103,XR1,33.7
MCHC,L3,53281103,XR1,34.2
MCHC,L3,53281103,XR1,33.9
MCHC,L3,53281103,XR1,33.8
MCHC,L3,53281103,XR1,33.4
MCHC,L3,53281103,XR1,34.1
MCHC,L3,60191103,XR1,34.3
MCHC,L3,60191103,XR1,34.6
MCHC,L3,60191103,XR1,34.6
MCHC,L3,60191103,XR1,34.3
MCHC,L3,60191103,XR1,34.4
MCHC,L3,60191103,XR1,34.7
MCHC,L3,60191103,XR1,34.7
MCHC,L3,60191103,XR1,34.3
MCHC,L3,60191103,XR1,34.4
MCHC,L3,60191103,XR1,35.0
MCHC,L3,60191103,XR1,34.3
MCHC,L3,60191103,XR1,34.5
MCHC,L3,60191103,XR1,34.3
MCHC,L3,60191103,XR1,34.7
MCHC,L3,60191103,XR1,34.5
MCHC,L3,60191103,XR1,34.1
MCHC,L3,60191103,XR1,34.1
MCHC,L3,60191103,XR1,34.7
MCHC,L3,60191103,XR1,34.4
MCHC,L3,60191103,XR1,34.1
MCHC,L3,60191103,XR1,34.8
MCHC,L3,60191103,XR1,34.4
MCHC,L3,60191103,XR1,33.9
MCHC,L3,60191103,XR1,34.1
MCHC,L3,60191103,XR1,34.4
MCHC,L3,60191103,XR1,34.6
MCHC,L3,60191103,XR1,34.5
MCHC,L3,60191103,XR1,34.5
MCHC,L3,60191103,XR1,34.2
MCHC,L3,60191103,XR1,34.5
MCHC,L3,60191103,XR1,34.2
MCHC,L3,60191103,XR1,34.3
MCHC,L3,60191103,XR1,34.4
MCHC,L3,60191103,XR1,34.4
MCHC,L3,60191103,XR1,34.2
MCHC,L3,60191103,XR1,34.1
MCHC,L3,60191103,XR1,34.6
MCHC,L3,60191103,XR1,34.4
MCHC,L3,60191103,XR1,34.6
MCHC,L3,60191103,XR1,33.9
MCHC,L3,60191103,XR1,33.8
MCHC,L3,60191103,XR1,34.7
MCHC,L3,60191103,XR1,34.1
MCHC,L3,60191103,XR1,34.7
MCHC,L3,60191103,XR1,34.5
MCHC,L3,60191103,XR1,33.8
MCHC,L3,60191103,XR1,34.1
MCHC,L3,60191103,XR1,34.2
MCHC,L3,60191103,XR1,34.6
MCHC,L3,60191103,XR1,34.3
MCHC,L3,60191103,XR1,34.2
MCHC,L3,60191103,XR1,34.4
MCHC,L3,60191103,XR1,34.4
MCHC,L3,60191103,XR1,34.1
MCHC,L3,60191103,XR1,33.8
MCHC,L3,60191103,XR1,34.2
MCHC,L3,60191103,XR1,34.3
MCHC,L3,60191103,XR1,34.4
MCHC,L3,60191103,XR1,34.0
MCHC,L3,60191103,XR1,34.9
MCHC,L3,60191103,XR1,34.0
MCHC,L3,60191103,XR1,34.5
MCHC,L3,60191103,XR1,34.5
MCHC,L3,60191103,XR1,34.4
MCHC,L3,60191103,XR1,34.5
MCHC,L3,60191103,XR1,34.7
MCHC,L3,60191103,XR1,34.8
MCHC,L3,60191103,XR1,34.8
MCHC,L3,60191103,XR1,34.9
MCHC,L3,60191103,XR1,34.4
MCHC,L3,60191103,XR1,34.5
MCHC,L3,60191103,XR1,34.9
MCHC,L3,60191103,XR1,34.8
MCHC,L3,60191103,XR1,34.6
MCHC,L3,60191103,XR1,34.5
MCHC,L3,60191103,XR1,34.9
MCHC,L3,60191103,XR1,34.2
MCHC,L3,60191103,XR1,34.6
MCHC,L3,60191103,XR1,34.4
MCHC,L3,60191103,XR1,33.8
MCHC,L3,60191103,XR1,33.8
MCHC,L3,60191103,XR1,34.3
MCHC,L3,60191103,XR1,34.7
MCHC,L3,60191103,XR1,34.5
MCHC,L3,60191103,XR1,34.5
MCHC,L3,60191103,XR1,34.4
MCHC,L3,60191103,XR1,34.1
MCHC,L3,60191103,XR1,34.0
MCHC,L3,60191103,XR1,34.4
MCHC,L3,60191103,XR1,34.5
MCHC,L3,60191103,XR1,34.2
MCHC,L3,60191103,XR1,34.8
MCHC,L3,60191103,XR1,34.3
MCHC,L3,60191103,XR1,34.3
MCHC,L3,60191103,XR1,34.4
MCHC,L3,60191103,XR1,34.3
MCHC,L3,60191103,XR1,34.4
MCHC,L3,60191103,XR1,34.0
MCHC,L3,60191103,XR1,34.7
MCHC,L3,60191103,XR1,34.4
MCHC,L3,60191103,XR1,34.2
MCHC,L3,60191103,XR1,34.1
MCHC,L3,60191103,XR1,34.3
MCHC,L3,60191103,XR1,34.7
MCHC,L3,60191103,XR1,34.7
MCHC,L3,60191103,XR1,34.2
MCHC,L3,60191103,XR1,34.5
MCHC,L3,60191103,XR1,33.8
MCHC,L3,60191103,XR1,33.4
MCHC,L3,60191103,XR1,33.6
MCHC,L3,60191103,XR1,34.2
MCHC,L3,60751103,XR1,34.8
MCHC,L3,60751103,XR1,34.6
MCHC,L3,60751103,XR1,34.4
MCHC,L3,60751103,XR1,34.8
MCHC,L3,60751103,XR1,35.0
MCHC,L3,60751103,XR1,35.1
MCHC,L3,60751103,XR1,35.2
MCHC,L3,60751103,XR1,35.0
MCHC,L3,60751103,XR1,34.5
MCHC,L3,60751103,XR1,34.1
MCHC,L3,60751103,XR1,34.8
MCHC,L3,60751103,XR1,34.8
MCHC,L3,60751103,XR1,34.4
MCHC,L3,60751103,XR1,34.5
MCHC,L3,60751103,XR1,34.8
MCHC,L3,60751103,XR1,34.4
MCHC,L3,60751103,XR1,34.4
MCHC,L3,60751103,XR1,34.3
MCHC,L3,60751103,XR1,34.1
MCHC,L3,60751103,XR1,34.7
MCHC,L3,60751103,XR1,34.2
MCHC,L3,60751103,XR1,34.6
MCHC,L3,60751103,XR1,34.5
MCHC,L3,60751103,XR1,34.5
MCHC,L3,60751103,XR1,34.4
MCHC,L3,60751103,XR1,34.4
MCHC,L3,60751103,XR1,34.6
MCHC,L3,60751103,XR1,34.2
MCHC,L3,60751103,XR1,34.7
MCHC,L3,60751103,XR1,34.4
MCHC,L3,60751103,XR1,34.6
MCHC,L3,60751103,XR1,34.1
MCHC,L3,60751103,XR1,34.7
MCHC,L3,60751103,XR1,35.0
MCHC,L3,60751103,XR1,34.2
MCHC,L3,60751103,XR1,34.3
MCHC,L3,60751103,XR1,34.4
MCHC,L3,60751103,XR1,34.5
MCHC,L3,60751103,XR1,34.7
MCHC,L3,60751103,XR1,34.2
MCHC,L3,60751103,XR1,34.8
MCHC,L3,60751103,XR1,34.1
MCHC,L3,60751103,XR1,34.3
MCHC,L3,60751103,XR1,33.8
MCHC,L3,60751103,XR1,34.5
MCHC,L3,60751103,XR1,34.4
MCHC,L3,60751103,XR1,34.5
MCHC,L3,60751103,XR1,33.8
MCHC,L3,60751103,XR1,34.1
MCHC,L3,60751103,XR1,34.1
MCHC,L3,60751103,XR1,34.0
MCHC,L3,60751103,XR1,34.5
MCHC,L3,60751103,XR1,34.3
MCHC,L3,60751103,XR1,34.3
MCHC,L3,60751103,XR1,34.3
MCHC,L3,60751103,XR1,34.3
MCHC,L3,60751103,XR1,34.0
MCHC,L3,60751103,XR1,34.4
MCHC,L3,60751103,XR1,34.1
MCHC,L3,60751103,XR1,34.0
MCHC,L3,60751103,XR1,34.5
MCHC,L3,60751103,XR1,34.5
MCHC,L3,60751103,XR1,34.6
MCHC,L3,60751103,XR1,34.1
MCHC,L3,60751103,XR1,34.4
MCHC,L3,60751103,XR1,34.6
MCHC,L3,60751103,XR1,33.8
MCHC,L3,60751103,XR1,34.4
MCHC,L3,60751103,XR1,35.1
MCHC,L3,60751103,XR1,34.6
MCHC,L3,60751103,XR1,33.6
MCHC,L3,60751103,XR1,34.2
MCHC,L3,60751103,XR1,34.1
MCHC,L3,60751103,XR1,34.1
MCHC,L3,60751103,XR1,34.1
MCHC,L3,60751103,XR1,34.5
MCHC,L3,60751103,XR1,34.2
MCHC,L3,60751103,XR1,34.3
MCHC,L3,60751103,XR1,34.1
MCHC,L3,60751103,XR1,34.4
MCHC,L3,60751103,XR1,34.5
MCHC,L3,60751103,XR1,34.1
MCHC,L3,60751103,XR1,34.4
MCHC,L3,60751103,XR1,34.7
MCHC,L3,60751103,XR1,34.2
MCHC,L3,60751103,XR1,34.5
MCHC,L3,60751103,XR1,34.4
MCHC,L3,60751103,XR1,34.6
MCHC,L3,60751103,XR1,34.9
MCHC,L3,60751103,XR1,34.5
MCHC,L3,60751103,XR1,35.1
MCHC,L3,60751103,XR1,34.8
MCHC,L3,60751103,XR1,35.1
MCHC,L3,60751103,XR1,34.1
MCHC,L3,60751103,XR1,34.0
MCHC,L3,60751103,XR1,34.2
MCHC,L3,60751103,XR1,34.0
MCHC,L3,60751103,XR1,34.2
MCHC,L3,60751103,XR1,34.4
MCHC,L3,60751103,XR1,34.1
MCHC,L3,60751103,XR1,33.8
MCHC,L3,60751103,XR1,33.8
MCHC,L3,60751103,XR1,34.6
MCHC,L3,60751103,XR1,34.1
MCHC,L3,60751103,XR1,34.5
MCHC,L3,60751103,XR1,34.8
MCHC,L3,60751103,XR1,34.8
MCHC,L3,60751103,XR1,34.5
MCHC,L3,60751103,XR1,34.1
MCHC,L3,60751103,XR1,33.9
MCHC,L3,60751103,XR1,33.9
MCHC,L3,60751103,XR1,33.9
MCHC,L3,60751103,XR1,34.1
MCHC,L3,61311103,XR1,34.3
MCHC,L3,61311103,XR1,34.3
MCHC,L3,61311103,XR1,34.3
MCHC,L3,61311103,XR1,34.6
MCHC,L3,61311103,XR1,34.9
MCHC,L3,61311103,XR1,35.0
MCHC,L3,61311103,XR1,34.6
MCHC,L3,61311103,XR1,35.0
MCHC,L3,61311103,XR1,34.1
MCHC,L3,61311103,XR1,34.7
MCHC,L3,61311103,XR1,34.4
MCHC,L3,61311103,XR1,34.9
MCHC,L3,61311103,XR1,35.0
MCHC,L3,61311103,XR1,34.9
MCHC,L3,61311103,XR1,34.4
MCHC,L3,61311103,XR1,34.6
MCHC,L3,61311103,XR1,34.7
MCHC,L3,61311103,XR1,34.5
MCHC,L3,61311103,XR1,34.5
MCHC,L3,61311103,XR1,34.5
MCHC,L3,61311103,XR1,34.7
MCHC,L3,61311103,XR1,34.6
MCHC,L3,61311103,XR1,34.5
MCHC,L3,61311103,XR1,34.6
MCHC,L3,61311103,XR1,34.8
MCHC,L3,61311103,XR1,34.2
MCHC,L3,61311103,XR1,34.6
MCHC,L3,61311103,XR1,34.6
MCHC,L3,61311103,XR1,34.5
MCHC,L3,61311103,XR1,34.6
MCHC,L3,61311103,XR1,34.6
MCHC,L3,61311103,XR1,34.2
MCHC,L3,61311103,XR1,34.3
MCHC,L3,61311103,XR1,34.9
MCHC,L3,61311103,XR1,34.5
MCHC,L3,61311103,XR1,34.8
MCHC,L3,61311103,XR1,34.7
MCHC,L3,61311103,XR1,34.2
MCHC,L3,61311103,XR1,34.6
MCHC,L3,61311103,XR1,34.5
MCHC,L3,61311103,XR1,33.9
MCHC,L3,61311103,XR1,34.4
MCHC,L3,61311103,XR1,34.4
MCHC,L3,61311103,XR1,34.9
MCHC,L3,61311103,XR1,34.3
MCHC,L3,61311103,XR1,34.2
MCHC,L3,61311103,XR1,33.6
MCHC,L3,61311103,XR1,34.3
MCHC,L3,61311103,XR1,34.3
MCHC,L3,61311103,XR1,34.5
MCHC,L3,61311103,XR1,34.2
MCHC,L3,61311103,XR1,34.5
MCHC,L3,61311103,XR1,34.9
MCHC,L3,61311103,XR1,34.4
MCHC,L3,61311103,XR1,34.2
MCHC,L3,61311103,XR1,34.3
MCHC,L3,61311103,XR1,34.3
MCHC,L3,61311103,XR1,34.3
MCHC,L3,61311103,XR1,34.9
MCHC,L3,61311103,XR1,34.5
MCHC,L3,61311103,XR1,34.4
MCHC,L3,61311103,XR1,34.7
MCHC,L3,61311103,XR1,33.8
MCHC,L3,61311103,XR1,34.2
MCHC,L3,61311103,XR1,34.5
MCHC,L3,61311103,XR1,33.9
MCHC,L3,61311103,XR1,34.5
MCHC,L3,61311103,XR1,34.5
MCHC,L3,61311103,XR1,34.4
MCHC,L3,61311103,XR1,34.2
MCHC,L3,61311103,XR1,34.2
MCHC,L3,61311103,XR1,34.2
MCHC,L3,61311103,XR1,34.8
MCHC,L3,61311103,XR1,34.3
MCHC,L3,61311103,XR1,34.2
MCHC,L3,61311103,XR1,34.6
MCHC,L3,61311103,XR1,35.0
MCHC,L3,61311103,XR1,34.5
MCHC,L3,61311103,XR1,33.8
MCHC,L3,61311103,XR1,34.2
MCHC,L3,61311103,XR1,34.2
MCHC,L3,61311103,XR1,34.4
MCHC,L3,61311103,XR1,34.3
MCHC,L3,61311103,XR1,34.4
MCHC,L3,61311103,XR1,34.5
MCHC,L3,61311103,XR1,33.6
MCHC,L3,61311103,XR1,34.1
MCHC,L3,61311103,XR1,34.4
MCHC,L3,61311103,XR1,34.2
MCHC,L3,61311103,XR1,34.3
MCHC,L3,61311103,XR1,34.3
MCHC,L3,61311103,XR1,34.4
MCHC,L3,61311103,XR1,34.4
MCHC,L3,61311103,XR1,34.1
MCHC,L3,61311103,XR1,34.3
MCHC,L1,53281101,XR2,33.2
MCHC,L1,53281101,XR2,33.3
MCHC,L1,53281101,XR2,33.0
MCHC,L1,53281101,XR2,33.2
MCHC,L1,53281101,XR2,32.3
MCHC,L1,53281101,XR2,33.0
MCHC,L1,53281101,XR2,33.5
MCHC,L1,53281101,XR2,33.0
MCHC,L1,53281101,XR2,33.3
MCHC,L1,53281101,XR2,33.7
MCHC,L1,53281101,XR2,33.5
MCHC,L1,53281101,XR2,33.7
MCHC,L1,53281101,XR2,31.8
MCHC,L1,53281101,XR2,33.0
MCHC,L1,53281101,XR2,33.0
MCHC,L1,53281101,XR2,33.0
MCHC,L1,53281101,XR2,33.5
MCHC,L1,53281101,XR2,33.0
MCHC,L1,53281101,XR2,33.2
MCHC,L1,53281101,XR2,32.8
MCHC,L1,53281101,XR2,33.0
MCHC,L1,53281101,XR2,33.3
MCHC,L1,53281101,XR2,33.5
MCHC,L1,53281101,XR2,33.3
MCHC,L1,53281101,XR2,33.5
MCHC,L1,53281101,XR2,33.0
MCHC,L1,53281101,XR2,32.6
MCHC,L1,53281101,XR2,33.0
MCHC,L1,53281101,XR2,32.5
MCHC,L1,53281101,XR2,33.0
MCHC,L1,53281101,XR2,32.5
MCHC,L1,53281101,XR2,32.3
MCHC,L1,53281101,XR2,32.3
MCHC,L1,53281101,XR2,32.3
MCHC,L1,53281101,XR2,33.0
MCHC,L1,53281101,XR2,33.2
MCHC,L1,53281101,XR2,31.6
MCHC,L1,53281101,XR2,32.3
MCHC,L1,53281101,XR2,32.1
MCHC,L1,53281101,XR2,32.5
MCHC,L1,53281101,XR2,32.5
MCHC,L1,53281101,XR2,33.0
MCHC,L1,53281101,XR2,33.0
MCHC,L1,53281101,XR2,32.3
MCHC,L1,53281101,XR2,32.3
MCHC,L1,53281101,XR2,32.6
MCHC,L1,53281101,XR2,32.5
MCHC,L1,53281101,XR2,33.0
MCHC,L1,53281101,XR2,32.3
MCHC,L1,53281101,XR2,32.5
MCHC,L1,53281101,XR2,32.6
MCHC,L1,53281101,XR2,31.2
MCHC,L1,53281101,XR2,30.8
MCHC,L1,53281101,XR2,32.0
MCHC,L1,53281101,XR2,32.6
MCHC,L1,60191101,XR2,33.0
MCHC,L1,53281101,XR2,32.5
MCHC,L1,53281101,XR2,32.1
MCHC,L1,60191101,XR2,33.7
MCHC,L1,60191101,XR2,33.9
MCHC,L1,60191101,XR2,33.3
MCHC,L1,60191101,XR2,32.8
MCHC,L1,60191101,XR2,33.5
MCHC,L1,60191101,XR2,33.9
MCHC,L1,60191101,XR2,33.5
MCHC,L1,60191101,XR2,33.2
MCHC,L1,60191101,XR2,33.7
MCHC,L1,60191101,XR2,33.7
MCHC,L1,60191101,XR2,33.2
MCHC,L1,60191101,XR2,33.5
MCHC,L1,60191101,XR2,33.9
MCHC,L1,60191101,XR2,34.4
MCHC,L1,60191101,XR2,32.6
MCHC,L1,60191101,XR2,33.3
MCHC,L1,60191101,XR2,33.7
MCHC,L1,60191101,XR2,33.2
MCHC,L1,60191101,XR2,33.2
MCHC,L1,60191101,XR2,34.0
MCHC,L1,60191101,XR2,33.5
MCHC,L1,60191101,XR2,33.3
MCHC,L1,60191101,XR2,33.0
MCHC,L1,60191101,XR2,33.3
MCHC,L1,60191101,XR2,32.6
MCHC,L1,60191101,XR2,33.0
MCHC,L1,60191101,XR2,33.2
MCHC,L1,60191101,XR2,33.5
MCHC,L1,60191101,XR2,33.5
MCHC,L1,60191101,XR2,33.2
MCHC,L1,60191101,XR2,33.2
MCHC,L1,60191101,XR2,33.3
MCHC,L1,60191101,XR2,33.2
MCHC,L1,60191101,XR2,33.7
MCHC,L1,60191101,XR2,33.2
MCHC,L1,60191101,XR2,33.7
MCHC,L1,60191101,XR2,33.3
MCHC,L1,60191101,XR2,33.3
MCHC,L1,60191101,XR2,33.5
MCHC,L1,60191101,XR2,33.9
MCHC,L1,60191101,XR2,33.3
MCHC,L1,60191101,XR2,33.7
MCHC,L1,60191101,XR2,33.2
MCHC,L1,60191101,XR2,33.9
MCHC,L1,60191101,XR2,34.1
MCHC,L1,60191101,XR2,33.0
MCHC,L1,60191101,XR2,33.2
MCHC,L1,60191101,XR2,33.3
MCHC,L1,60191101,XR2,33.2
MCHC,L1,60191101,XR2,33.5
MCHC,L1,60191101,XR2,33.5
MCHC,L1,60191101,XR2,33.2
MCHC,L1,60191101,XR2,33.5
MCHC,L1,60191101,XR2,33.0
MCHC,L1,60191101,XR2,33.3
MCHC,L1,60191101,XR2,33.9
MCHC,L1,60191101,XR2,33.5
MCHC,L1,60191101,XR2,34.2
MCHC,L1,60191101,XR2,32.5
MCHC,L1,60191101,XR2,32.2
MCHC,L1,60191101,XR2,32.5
MCHC,L1,60191101,XR2,33.3
MCHC,L1,60191101,XR2,34.0
MCHC,L1,60191101,XR2,34.4
MCHC,L1,60191101,XR2,33.9
MCHC,L1,60191101,XR2,34.1
MCHC,L1,60191101,XR2,33.3
MCHC,L1,60191101,XR2,32.3
MCHC,L1,60191101,XR2,32.6
MCHC,L1,60191101,XR2,33.2
MCHC,L1,60191101,XR2,33.5
MCHC,L1,60191101,XR2,33.5
MCHC,L1,60191101,XR2,33.2
MCHC,L1,60191101,XR2,33.2
MCHC,L1,60191101,XR2,33.5
MCHC,L1,60191101,XR2,32.8
MCHC,L1,60191101,XR2,32.8
MCHC,L1,60191101,XR2,33.3
MCHC,L1,60191101,XR2,33.2
MCHC,L1,60191101,XR2,33.3
MCHC,L1,60191101,XR2,33.5
MCHC,L1,60191101,XR2,33.0
MCHC,L1,60191101,XR2,33.3
MCHC,L1,60191101,XR2,32.8
MCHC,L1,60191101,XR2,33.0
MCHC,L1,60191101,XR2,33.3
MCHC,L1,60191101,XR2,33.0
MCHC,L1,60191101,XR2,33.3
MCHC,L1,60191101,XR2,33.9
MCHC,L1,60191101,XR2,33.3
MCHC,L1,60191101,XR2,32.8
MCHC,L1,60191101,XR2,32.5
MCHC,L1,60191101,XR2,33.7
MCHC,L1,60191101,XR2,33.5
MCHC,L1,60191101,XR2,33.2
MCHC,L1,60191101,XR2,33.2
MCHC,L1,60191101,XR2,33.5
MCHC,L1,60191101,XR2,32.6
MCHC,L1,60191101,XR2,32.3
MCHC,L1,60191101,XR2,33.2
MCHC,L1,60191101,XR2,33.2
MCHC,L1,60191101,XR2,33.3
MCHC,L1,60191101,XR2,33.5
MCHC,L1,60191101,XR2,33.5
MCHC,L1,60191101,XR2,33.5
MCHC,L1,60191101,XR2,32.8
MCHC,L1,60191101,XR2,32.3
MCHC,L1,60191101,XR2,32.3
MCHC,L1,60191101,XR2,32.8
MCHC,L1,60191101,XR2,33.5
MCHC,L1,60191101,XR2,33.9
MCHC,L1,60191101,XR2,33.5
MCHC,L1,60191101,XR2,32.8
MCHC,L1,60751101,XR2,33.2
MCHC,L1,60751101,XR2,33.7
MCHC,L1,60751101,XR2,33.5
MCHC,L1,60751101,XR2,33.7
MCHC,L1,60751101,XR2,34.2
MCHC,L1,60751101,XR2,33.9
MCHC,L1,60751101,XR2,34.4
MCHC,L1,60751101,XR2,33.9
MCHC,L1,60751101,XR2,33.0
MCHC,L1,60751101,XR2,32.8
MCHC,L1,60751101,XR2,32.8
MCHC,L1,60751101,XR2,33.7
MCHC,L1,60751101,XR2,33.5
MCHC,L1,60751101,XR2,33.5
MCHC,L1,60751101,XR2,33.5
MCHC,L1,60751101,XR2,33.9
MCHC,L1,60751101,XR2,33.3
MCHC,L1,60751101,XR2,33.0
MCHC,L1,60751101,XR2,33.5
MCHC,L1,60751101,XR2,33.5
MCHC,L1,60751101,XR2,33.0
MCHC,L1,60751101,XR2,33.7
MCHC,L1,60751101,XR2,33.5
MCHC,L1,60751101,XR2,33.0
MCHC,L1,60751101,XR2,33.7
MCHC,L1,60751101,XR2,33.7
MCHC,L1,60751101,XR2,33.5
MCHC,L1,60751101,XR2,33.7
MCHC,L1,60751101,XR2,33.0
MCHC,L1,60751101,XR2,33.9
MCHC,L1,60751101,XR2,34.1
MCHC,L1,60751101,XR2,32.5
MCHC,L1,60751101,XR2,33.5
MCHC,L1,60751101,XR2,33.9
MCHC,L1,60751101,XR2,34.1
MCHC,L1,60751101,XR2,33.5
MCHC,L1,60751101,XR2,33.5
MCHC,L1,60751101,XR2,33.3
MCHC,L1,60751101,XR2,32.5
MCHC,L1,60751101,XR2,33.0
MCHC,L1,60751101,XR2,33.0
MCHC,L1,60751101,XR2,33.7
MCHC,L1,60751101,XR2,33.9
MCHC,L1,60751101,XR2,33.7
MCHC,L1,60751101,XR2,33.3
MCHC,L1,60751101,XR2,33.7
MCHC,L1,60751101,XR2,33.3
MCHC,L1,60751101,XR2,32.8
MCHC,L1,60751101,XR2,33.0
MCHC,L1,60751101,XR2,33.5
MCHC,L1,60751101,XR2,33.5
MCHC,L1,60751101,XR2,33.5
MCHC,L1,60751101,XR2,33.5
MCHC,L1,60751101,XR2,33.3
MCHC,L1,60751101,XR2,33.3
MCHC,L1,60751101,XR2,32.8
MCHC,L1,60751101,XR2,33.2
MCHC,L1,60751101,XR2,33.3
MCHC,L1,60751101,XR2,33.7
MCHC,L1,60751101,XR2,33.3
MCHC,L1,60751101,XR2,34.1
MCHC,L1,60751101,XR2,32.5
MCHC,L1,60751101,XR2,33.0
MCHC,L1,60751101,XR2,33.0
MCHC,L1,60751101,XR2,33.5
MCHC,L1,60751101,XR2,33.7
MCHC,L1,60751101,XR2,33.5
MCHC,L1,60751101,XR2,33.7
MCHC,L1,60751101,XR2,33.0
MCHC,L1,60751101,XR2,33.2
MCHC,L1,60751101,XR2,33.9
MCHC,L1,60751101,XR2,33.9
MCHC,L1,60751101,XR2,33.7
MCHC,L1,60751101,XR2,33.5
MCHC,L1,60751101,XR2,33.0
MCHC,L1,60751101,XR2,33.9
MCHC,L1,60751101,XR2,32.6
MCHC,L1,60751101,XR2,33.3
MCHC,L1,60751101,XR2,33.0
MCHC,L1,60751101,XR2,33.3
MCHC,L1,60751101,XR2,33.2
MCHC,L1,60751101,XR2,33.7
MCHC,L1,60751101,XR2,34.2
MCHC,L1,60751101,XR2,33.5
MCHC,L1,60751101,XR2,33.0
MCHC,L1,60751101,XR2,33.2
MCHC,L1,60751101,XR2,33.5
MCHC,L1,60751101,XR2,33.7
MCHC,L1,60751101,XR2,33.7
MCHC,L1,60751101,XR2,33.0
MCHC,L1,60751101,XR2,33.3
MCHC,L1,60751101,XR2,34.2
MCHC,L1,60751101,XR2,33.3
MCHC,L1,60751101,XR2,33.0
MCHC,L1,60751101,XR2,33.5
MCHC,L1,60751101,XR2,33.2
MCHC,L1,60751101,XR2,33.7
MCHC,L1,60751101,XR2,34.4
MCHC,L1,60751101,XR2,33.9
MCHC,L1,60751101,XR2,33.9
MCHC,L1,60751101,XR2,34.1
MCHC,L1,60751101,XR2,33.5
MCHC,L1,60751101,XR2,33.2
MCHC,L1,60751101,XR2,32.6
MCHC,L1,60751101,XR2,33.3
MCHC,L1,60751101,XR2,33.2
MCHC,L1,60751101,XR2,33.0
MCHC,L1,60751101,XR2,34.6
MCHC,L1,60751101,XR2,34.2
MCHC,L1,60751101,XR2,32.6
MCHC,L1,60751101,XR2,33.7
MCHC,L1,60751101,XR2,33.0
MCHC,L1,60751101,XR2,33.3
MCHC,L1,60751101,XR2,33.2
MCHC,L1,60751101,XR2,33.9
MCHC,L1,60751101,XR2,33.7
MCHC,L1,61311101,XR2,32.2
MCHC,L1,61311101,XR2,32.8
MCHC,L1,61311101,XR2,33.2
MCHC,L1,61311101,XR2,33.7
MCHC,L1,61311101,XR2,33.2
MCHC,L1,61311101,XR2,33.3
MCHC,L1,61311101,XR2,33.2
MCHC,L1,61311101,XR2,33.9
MCHC,L1,61311101,XR2,33.3
MCHC,L1,61311101,XR2,32.5
MCHC,L1,61311101,XR2,33.2
MCHC,L1,61311101,XR2,33.0
MCHC,L1,61311101,XR2,32.6
MCHC,L1,61311101,XR2,32.8
MCHC,L1,61311101,XR2,33.2
MCHC,L1,61311101,XR2,33.3
MCHC,L1,61311101,XR2,33.2
MCHC,L1,61311101,XR2,33.3
MCHC,L1,61311101,XR2,32.8
MCHC,L1,61311101,XR2,33.7
MCHC,L1,61311101,XR2,33.0
MCHC,L1,61311101,XR2,33.2
MCHC,L1,61311101,XR2,33.3
MCHC,L1,61311101,XR2,33.5
MCHC,L1,61311101,XR2,32.5
MCHC,L1,61311101,XR2,32.0
MCHC,L1,61311101,XR2,33.2
MCHC,L1,61311101,XR2,33.0
MCHC,L1,61311101,XR2,33.5
MCHC,L1,61311101,XR2,33.3
MCHC,L1,61311101,XR2,33.3
MCHC,L1,61311101,XR2,33.7
MCHC,L1,61311101,XR2,32.3
MCHC,L1,61311101,XR2,32.3
MCHC,L1,61311101,XR2,32.8
MCHC,L1,61311101,XR2,32.8
MCHC,L1,61311101,XR2,33.3
MCHC,L1,61311101,XR2,33.2
MCHC,L1,61311101,XR2,33.0
MCHC,L1,61311101,XR2,32.6
MCHC,L1,61311101,XR2,33.3
MCHC,L1,61311101,XR2,33.3
MCHC,L1,61311101,XR2,33.2
MCHC,L1,61311101,XR2,33.3
MCHC,L1,61311101,XR2,33.7
MCHC,L1,61311101,XR2,33.5
MCHC,L1,61311101,XR2,33.7
MCHC,L1,61311101,XR2,33.0
MCHC,L1,61311101,XR2,32.6
MCHC,L1,61311101,XR2,33.3
MCHC,L1,61311101,XR2,33.0
MCHC,L1,61311101,XR2,33.0
MCHC,L1,61311101,XR2,33.2
MCHC,L1,61311101,XR2,33.5
MCHC,L1,61311101,XR2,33.9
MCHC,L1,61311101,XR2,32.5
MCHC,L1,61311101,XR2,32.6
MCHC,L1,61311101,XR2,33.2
MCHC,L1,61311101,XR2,32.8
MCHC,L1,61311101,XR2,33.0
MCHC,L1,61311101,XR2,33.5
MCHC,L1,61311101,XR2,33.2
MCHC,L1,61311101,XR2,32.6
MCHC,L1,61311101,XR2,32.6
MCHC,L1,61311101,XR2,33.2
MCHC,L1,61311101,XR2,33.3
MCHC,L1,61311101,XR2,33.5
MCHC,L1,61311101,XR2,33.7
MCHC,L1,61311101,XR2,33.0
MCHC,L1,61311101,XR2,33.3
MCHC,L1,61311101,XR2,31.8
MCHC,L1,61311101,XR2,32.6
MCHC,L1,61311101,XR2,33.0
MCHC,L1,61311101,XR2,33.2
MCHC,L1,61311101,XR2,32.8
MCHC,L1,61311101,XR2,33.2
MCHC,L1,61311101,XR2,33.3
MCHC,L1,61311101,XR2,33.3
MCHC,L1,61311101,XR2,32.5
MCHC,L1,61311101,XR2,33.0
MCHC,L1,61311101,XR2,32.1
MCHC,L1,61311101,XR2,33.3
MCHC,L1,61311101,XR2,33.2
MCHC,L1,61311101,XR2,33.3
MCHC,L1,61311101,XR2,33.2
MCHC,L1,61311101,XR2,32.3
MCHC,L1,61311101,XR2,33.3
MCHC,L1,61311101,XR2,33.3
MCHC,L1,61311101,XR2,33.0
MCHC,L1,61311101,XR2,33.2
MCHC,L1,61311101,XR2,33.5
MCHC,L1,61311101,XR2,33.2
MCHC,L1,61311101,XR2,33.0
MCHC,L1,61311101,XR2,32.3
MCHC,L1,61311101,XR2,32.6
MCHC,L1,61311101,XR2,32.6
MCHC,L1,61311101,XR2,33.3
MCHC,L1,61311101,XR2,32.6
MCHC,L2,53281102,XR2,33.5
MCHC,L2,53281102,XR2,33.8
MCHC,L2,53281102,XR2,34.1
MCHC,L2,53281102,XR2,33.8
MCHC,L2,53281102,XR2,33.7
MCHC,L2,53281102,XR2,34.0
MCHC,L2,53281102,XR2,33.1
MCHC,L2,53281102,XR2,33.7
MCHC,L2,53281102,XR2,34.3
MCHC,L2,53281102,XR2,33.9
MCHC,L2,53281102,XR2,33.9
MCHC,L2,53281102,XR2,33.7
MCHC,L2,53281102,XR2,33.1
MCHC,L2,53281102,XR2,34.1
MCHC,L2,53281102,XR2,33.9
MCHC,L2,53281102,XR2,34.2
MCHC,L2,53281102,XR2,34.5
MCHC,L2,53281102,XR2,34.3
MCHC,L2,53281102,XR2,33.7
MCHC,L2,53281102,XR2,34.7
MCHC,L2,53281102,XR2,33.9
MCHC,L2,53281102,XR2,33.3
MCHC,L2,53281102,XR2,33.5
MCHC,L2,53281102,XR2,34.2
MCHC,L2,53281102,XR2,33.6
MCHC,L2,53281102,XR2,34.2
MCHC,L2,53281102,XR2,33.9
MCHC,L2,53281102,XR2,33.0
MCHC,L2,53281102,XR2,33.7
MCHC,L2,53281102,XR2,33.5
MCHC,L2,53281102,XR2,33.2
MCHC,L2,53281102,XR2,34.2
MCHC,L2,53281102,XR2,34.0
MCHC,L2,53281102,XR2,34.1
MCHC,L2,53281102,XR2,33.4
MCHC,L2,53281102,XR2,33.7
MCHC,L2,53281102,XR2,32.9
MCHC,L2,53281102,XR2,33.5
MCHC,L2,53281102,XR2,33.4
MCHC,L2,53281102,XR2,33.5
MCHC,L2,53281102,XR2,34.2
MCHC,L2,53281102,XR2,34.4
MCHC,L2,53281102,XR2,33.7
MCHC,L2,53281102,XR2,33.4
MCHC,L2,53281102,XR2,33.9
MCHC,L2,53281102,XR2,33.3
MCHC,L2,53281102,XR2,34.4
MCHC,L2,53281102,XR2,33.8
MCHC,L2,53281102,XR2,33.9
MCHC,L2,53281102,XR2,34.0
MCHC,L2,53281102,XR2,33.4
MCHC,L2,53281102,XR2,33.1
MCHC,L2,53281102,XR2,33.8
MCHC,L2,53281102,XR2,33.9
MCHC,L2,53281102,XR2,33.6
MCHC,L2,53281102,XR2,34.1
MCHC,L2,53281102,XR2,33.3
MCHC,L2,53281102,XR2,34.0
MCHC,L2,53281102,XR2,33.5
MCHC,L2,53281102,XR2,33.1
MCHC,L2,53281102,XR2,33.1
MCHC,L2,53281102,XR2,33.8
MCHC,L2,53281102,XR2,33.4
MCHC,L2,53281102,XR2,33.3
MCHC,L2,53281102,XR2,34.0
MCHC,L2,53281102,XR2,33.4
MCHC,L2,53281102,XR2,33.6
MCHC,L2,53281102,XR2,34.3
MCHC,L2,53281102,XR2,33.8
MCHC,L2,53281102,XR2,33.9
MCHC,L2,53281102,XR2,33.9
MCHC,L2,53281102,XR2,33.4
MCHC,L2,53281102,XR2,33.8
MCHC,L2,53281102,XR2,34.0
MCHC,L2,53281102,XR2,33.4
MCHC,L2,53281102,XR2,33.5
MCHC,L2,53281102,XR2,33.5
MCHC,L2,53281102,XR2,33.1
MCHC,L2,53281102,XR2,34.0
MCHC,L2,53281102,XR2,33.8
MCHC,L2,53281102,XR2,33.9
MCHC,L2,53281102,XR2,33.1
MCHC,L2,53281102,XR2,33.4
MCHC,L2,53281102,XR2,33.1
MCHC,L2,53281102,XR2,33.5
MCHC,L2,53281102,XR2,33.9
MCHC,L2,53281102,XR2,33.2
MCHC,L2,53281102,XR2,34.0
MCHC,L2,53281102,XR2,33.6
MCHC,L2,53281102,XR2,33.1
MCHC,L2,53281102,XR2,33.0
MCHC,L2,53281102,XR2,33.4
MCHC,L2,53281102,XR2,33.1
MCHC,L2,53281102,XR2,33.7
MCHC,L2,53281102,XR2,33.9
MCHC,L2,53281102,XR2,33.2
MCHC,L2,53281102,XR2,33.0
MCHC,L2,53281102,XR2,33.2
MCHC,L2,53281102,XR2,32.9
MCHC,L2,53281102,XR2,33.6
MCHC,L2,53281102,XR2,33.5
MCHC,L2,53281102,XR2,33.2
MCHC,L2,53281102,XR2,34.2
MCHC,L2,53281102,XR2,34.2
MCHC,L2,53281102,XR2,32.4
MCHC,L2,53281102,XR2,33.5
MCHC,L2,53281102,XR2,33.5
MCHC,L2,53281102,XR2,33.6
MCHC,L2,53281102,XR2,33.5
MCHC,L2,53281102,XR2,33.5
MCHC,L2,53281102,XR2,33.5
MCHC,L2,53281102,XR2,33.7
MCHC,L2,53281102,XR2,33.8
MCHC,L2,53281102,XR2,33.3
MCHC,L2,53281102,XR2,33.1
MCHC,L2,53281102,XR2,33.7
MCHC,L2,53281102,XR2,33.2
MCHC,L2,53281102,XR2,33.7
MCHC,L2,53281102,XR2,34.3
MCHC,L2,53281102,XR2,33.7
MCHC,L2,53281102,XR2,33.5
MCHC,L2,53281102,XR2,33.9
MCHC,L2,53281102,XR2,32.7
MCHC,L2,53281102,XR2,33.3
MCHC,L2,53281102,XR2,33.8
MCHC,L2,53281102,XR2,33.7
MCHC,L2,53281102,XR2,34.1
MCHC,L2,53281102,XR2,33.5
MCHC,L2,53281102,XR2,32.7
MCHC,L2,53281102,XR2,33.7
MCHC,L2,53281102,XR2,33.7
MCHC,L2,53281102,XR2,33.7
MCHC,L2,53281102,XR2,34.3
MCHC,L2,53281102,XR2,33.3
MCHC,L2,53281102,XR2,33.2
MCHC,L2,53281102,XR2,33.3
MCHC,L2,53281102,XR2,33.5
MCHC,L2,53281102,XR2,33.6
MCHC,L2,53281102,XR2,33.8
MCHC,L2,53281102,XR2,34.1
MCHC,L2,53281102,XR2,33.9
MCHC,L2,53281102,XR2,33.9
MCHC,L2,53281102,XR2,33.1
MCHC,L2,53281102,XR2,33.2
MCHC,L2,53281102,XR2,33.2
MCHC,L2,53281102,XR2,33.2
MCHC,L2,53281102,XR2,33.3
MCHC,L2,53281102,XR2,33.2
MCHC,L2,53281102,XR2,33.7
MCHC,L2,53281102,XR2,33.6
MCHC,L2,60191102,XR2,34.0
MCHC,L2,53281102,XR2,33.1
MCHC,L2,53281102,XR2,33.2
MCHC,L2,53281102,XR2,33.1
MCHC,L2,53281102,XR2,33.4
MCHC,L2,53281102,XR2,33.6
MCHC,L2,53281102,XR2,33.7
MCHC,L2,53281102,XR2,34.0
MCHC,L2,60191102,XR2,34.3
MCHC,L2,60191102,XR2,33.9
MCHC,L2,60191102,XR2,34.2
MCHC,L2,60191102,XR2,34.4
MCHC,L2,60191102,XR2,34.0
MCHC,L2,60191102,XR2,34.4
MCHC,L2,60191102,XR2,34.4
MCHC,L2,60191102,XR2,34.1
MCHC,L2,60191102,XR2,33.4
MCHC,L2,60191102,XR2,34.7
MCHC,L2,60191102,XR2,34.3
MCHC,L2,60191102,XR2,34.2
MCHC,L2,60191102,XR2,34.4
MCHC,L2,60191102,XR2,34.6
MCHC,L2,60191102,XR2,34.9
MCHC,L2,60191102,XR2,34.4
MCHC,L2,60191102,XR2,34.5
MCHC,L2,60191102,XR2,34.1
MCHC,L2,60191102,XR2,34.4
MCHC,L2,60191102,XR2,34.3
MCHC,L2,60191102,XR2,34.5
MCHC,L2,60191102,XR2,34.3
MCHC,L2,60191102,XR2,34.5
MCHC,L2,60191102,XR2,33.8
MCHC,L2,60191102,XR2,34.1
MCHC,L2,60191102,XR2,33.8
MCHC,L2,60191102,XR2,34.6
MCHC,L2,60191102,XR2,34.1
MCHC,L2,60191102,XR2,34.5
MCHC,L2,60191102,XR2,34.3
MCHC,L2,60191102,XR2,34.0
MCHC,L2,60191102,XR2,34.2
MCHC,L2,60191102,XR2,33.9
MCHC,L2,60191102,XR2,34.1
MCHC,L2,60191102,XR2,34.0
MCHC,L2,60191102,XR2,34.3
MCHC,L2,60191102,XR2,34.6
MCHC,L2,60191102,XR2,34.5
MCHC,L2,60191102,XR2,33.6
MCHC,L2,60191102,XR2,34.1
MCHC,L2,60191102,XR2,34.4
MCHC,L2,60191102,XR2,34.1
MCHC,L2,60191102,XR2,34.0
MCHC,L2,60191102,XR2,33.8
MCHC,L2,60191102,XR2,34.0
MCHC,L2,60191102,XR2,33.6
MCHC,L2,60191102,XR2,33.9
MCHC,L2,60191102,XR2,34.0
MCHC,L2,60191102,XR2,33.8
MCHC,L2,60191102,XR2,34.1
MCHC,L2,60191102,XR2,33.8
MCHC,L2,60191102,XR2,34.8
MCHC,L2,60191102,XR2,34.0
MCHC,L2,60191102,XR2,33.6
MCHC,L2,60191102,XR2,33.3
MCHC,L2,60191102,XR2,34.1
MCHC,L2,60191102,XR2,34.2
MCHC,L2,60191102,XR2,34.1
MCHC,L2,60191102,XR2,33.8
MCHC,L2,60191102,XR2,34.5
MCHC,L2,60191102,XR2,33.7
MCHC,L2,60191102,XR2,33.7
MCHC,L2,60191102,XR2,33.5
MCHC,L2,60191102,XR2,34.3
MCHC,L2,60191102,XR2,34.0
MCHC,L2,60191102,XR2,33.9
MCHC,L2,60191102,XR2,34.6
MCHC,L2,60191102,XR2,34.5
MCHC,L2,60191102,XR2,34.5
MCHC,L2,60191102,XR2,34.2
MCHC,L2,60191102,XR2,33.2
MCHC,L2,60191102,XR2,34.0
MCHC,L2,60191102,XR2,34.4
MCHC,L2,60191102,XR2,34.0
MCHC,L2,60191102,XR2,33.7
MCHC,L2,60191102,XR2,34.4
MCHC,L2,60191102,XR2,33.7
MCHC,L2,60191102,XR2,33.7
MCHC,L2,60191102,XR2,34.1
MCHC,L2,60191102,XR2,33.8
MCHC,L2,60191102,XR2,34.2
MCHC,L2,60191102,XR2,34.3
MCHC,L2,60191102,XR2,34.0
MCHC,L2,60191102,XR2,33.9
MCHC,L2,60191102,XR2,34.0
MCHC,L2,60191102,XR2,33.8
MCHC,L2,60191102,XR2,33.8
MCHC,L2,60191102,XR2,34.2
MCHC,L2,60191102,XR2,33.8
MCHC,L2,60191102,XR2,34.1
MCHC,L2,60191102,XR2,34.5
MCHC,L2,60191102,XR2,34.5
MCHC,L2,60191102,XR2,34.5
MCHC,L2,60191102,XR2,33.9
MCHC,L2,60191102,XR2,34.1
MCHC,L2,60191102,XR2,34.5
MCHC,L2,60191102,XR2,34.6
MCHC,L2,60191102,XR2,34.1
MCHC,L2,60191102,XR2,34.1
MCHC,L2,60191102,XR2,34.0
MCHC,L2,60191102,XR2,33.2
MCHC,L2,60191102,XR2,34.2
MCHC,L2,60191102,XR2,34.7
MCHC,L2,60191102,XR2,33.8
MCHC,L2,60191102,XR2,34.5
MCHC,L2,60191102,XR2,34.5
MCHC,L2,60191102,XR2,34.2
MCHC,L2,60191102,XR2,34.1
MCHC,L2,60191102,XR2,34.4
MCHC,L2,60191102,XR2,33.8
MCHC,L2,60191102,XR2,33.7
MCHC,L2,60191102,XR2,34.5
MCHC,L2,60191102,XR2,34.0
MCHC,L2,60191102,XR2,34.0
MCHC,L2,60191102,XR2,34.1
MCHC,L2,60191102,XR2,33.5
MCHC,L2,60191102,XR2,33.5
MCHC,L2,60191102,XR2,33.7
MCHC,L2,60191102,XR2,34.1
MCHC,L2,60191102,XR2,34.4
MCHC,L2,60191102,XR2,34.1
MCHC,L2,60191102,XR2,33.6
MCHC,L2,60191102,XR2,34.0
MCHC,L2,60191102,XR2,33.7
MCHC,L2,60191102,XR2,33.6
MCHC,L2,60191102,XR2,34.0
MCHC,L2,60191102,XR2,33.8
MCHC,L2,60191102,XR2,33.9
MCHC,L2,60191102,XR2,34.7
MCHC,L2,60191102,XR2,33.7
MCHC,L2,60191102,XR2,33.5
MCHC,L2,60191102,XR2,34.2
MCHC,L2,60191102,XR2,33.4
MCHC,L2,60191102,XR2,34.3
MCHC,L2,60191102,XR2,34.2
MCHC,L2,60191102,XR2,34.0
MCHC,L2,60191102,XR2,34.1
MCHC,L2,60191102,XR2,34.5
MCHC,L2,60191102,XR2,34.0
MCHC,L2,60191102,XR2,33.8
MCHC,L2,60191102,XR2,34.4
MCHC,L2,60191102,XR2,33.9
MCHC,L2,60191102,XR2,34.1
MCHC,L2,60191102,XR2,34.3
MCHC,L2,60191102,XR2,34.0
MCHC,L2,60191102,XR2,33.7
MCHC,L2,60191102,XR2,34.0
MCHC,L2,60191102,XR2,34.1
MCHC,L2,60191102,XR2,33.8
MCHC,L2,60191102,XR2,34.4
MCHC,L2,60191102,XR2,33.9
MCHC,L2,60191102,XR2,33.9
MCHC,L2,60191102,XR2,34.8
MCHC,L2,60191102,XR2,33.0
MCHC,L2,60191102,XR2,33.6
MCHC,L2,60191102,XR2,33.8
MCHC,L2,60191102,XR2,33.8
MCHC,L2,60191102,XR2,33.6
MCHC,L2,60191102,XR2,34.4
MCHC,L2,60191102,XR2,34.3
MCHC,L2,60191102,XR2,33.9
MCHC,L2,60191102,XR2,34.2
MCHC,L2,60191102,XR2,34.1
MCHC,L2,60191102,XR2,33.7
MCHC,L2,60191102,XR2,34.7
MCHC,L2,60191102,XR2,34.3
MCHC,L2,60191102,XR2,34.5
MCHC,L2,60191102,XR2,34.4
MCHC,L2,60751102,XR2,33.8
MCHC,L2,60751102,XR2,34.1
MCHC,L2,60751102,XR2,34.4
MCHC,L2,60751102,XR2,33.6
MCHC,L2,60751102,XR2,33.7
MCHC,L2,60751102,XR2,35.2
MCHC,L2,60751102,XR2,34.0
MCHC,L2,60751102,XR2,34.7
MCHC,L2,60751102,XR2,34.0
MCHC,L2,60751102,XR2,33.6
MCHC,L2,60751102,XR2,34.1
MCHC,L2,60751102,XR2,34.7
MCHC,L2,60751102,XR2,33.9
MCHC,L2,60751102,XR2,33.9
MCHC,L2,60751102,XR2,34.3
MCHC,L2,60751102,XR2,34.7
MCHC,L2,60751102,XR2,34.1
MCHC,L2,60751102,XR2,34.3
MCHC,L2,60751102,XR2,34.5
MCHC,L2,60751102,XR2,33.8
MCHC,L2,60751102,XR2,34.1
MCHC,L2,60751102,XR2,34.0
MCHC,L2,60751102,XR2,33.9
MCHC,L2,60751102,XR2,33.8
MCHC,L2,60751102,XR2,34.2
MCHC,L2,60751102,XR2,33.5
MCHC,L2,60751102,XR2,34.2
MCHC,L2,60751102,XR2,34.1
MCHC,L2,60751102,XR2,33.6
MCHC,L2,60751102,XR2,34.1
MCHC,L2,60751102,XR2,34.6
MCHC,L2,60751102,XR2,33.5
MCHC,L2,60751102,XR2,33.7
MCHC,L2,60751102,XR2,34.3
MCHC,L2,60751102,XR2,33.7
MCHC,L2,60751102,XR2,34.3
MCHC,L2,60751102,XR2,34.5
MCHC,L2,60751102,XR2,34.1
MCHC,L2,60751102,XR2,33.8
MCHC,L2,60751102,XR2,34.1
MCHC,L2,60751102,XR2,34.0
MCHC,L2,60751102,XR2,33.8
MCHC,L2,60751102,XR2,34.1
MCHC,L2,60751102,XR2,33.8
MCHC,L2,60751102,XR2,34.1
MCHC,L2,60751102,XR2,34.6
MCHC,L2,60751102,XR2,34.5
MCHC,L2,60751102,XR2,34.4
MCHC,L2,60751102,XR2,34.0
MCHC,L2,60751102,XR2,34.1
MCHC,L2,60751102,XR2,33.7
MCHC,L2,60751102,XR2,34.2
MCHC,L2,60751102,XR2,33.9
MCHC,L2,60751102,XR2,34.1
MCHC,L2,60751102,XR2,34.8
MCHC,L2,60751102,XR2,33.8
MCHC,L2,60751102,XR2,34.0
MCHC,L2,60751102,XR2,33.7
MCHC,L2,60751102,XR2,33.7
MCHC,L2,60751102,XR2,34.0
MCHC,L2,60751102,XR2,34.1
MCHC,L2,60751102,XR2,33.8
MCHC,L2,60751102,XR2,33.7
MCHC,L2,60751102,XR2,34.4
MCHC,L2,60751102,XR2,33.7
MCHC,L2,60751102,XR2,33.6
MCHC,L2,60751102,XR2,33.9
MCHC,L2,60751102,XR2,34.3
MCHC,L2,60751102,XR2,34.3
MCHC,L2,60751102,XR2,34.4
MCHC,L2,60751102,XR2,34.7
MCHC,L2,60751102,XR2,34.2
MCHC,L2,60751102,XR2,34.9
MCHC,L2,60751102,XR2,33.3
MCHC,L2,60751102,XR2,33.9
MCHC,L2,60751102,XR2,33.9
MCHC,L2,60751102,XR2,34.1
MCHC,L2,60751102,XR2,33.8
MCHC,L2,60751102,XR2,34.3
MCHC,L2,60751102,XR2,34.0
MCHC,L2,60751102,XR2,33.5
MCHC,L2,60751102,XR2,34.1
MCHC,L2,60751102,XR2,33.7
MCHC,L2,60751102,XR2,34.2
MCHC,L2,60751102,XR2,34.3
MCHC,L2,60751102,XR2,33.6
MCHC,L2,60751102,XR2,34.5
MCHC,L2,60751102,XR2,34.2
MCHC,L2,60751102,XR2,33.5
MCHC,L2,60751102,XR2,33.8
MCHC,L2,60751102,XR2,34.3
MCHC,L2,60751102,XR2,33.8
MCHC,L2,60751102,XR2,34.2
MCHC,L2,60751102,XR2,34.7
MCHC,L2,60751102,XR2,34.0
MCHC,L2,60751102,XR2,33.1
MCHC,L2,60751102,XR2,33.6
MCHC,L2,60751102,XR2,33.6
MCHC,L2,60751102,XR2,33.9
MCHC,L2,60751102,XR2,34.8
MCHC,L2,60751102,XR2,34.3
MCHC,L2,60751102,XR2,34.1
MCHC,L2,60751102,XR2,34.5
MCHC,L2,60751102,XR2,33.3
MCHC,L2,60751102,XR2,33.7
MCHC,L2,60751102,XR2,34.4
MCHC,L2,60751102,XR2,33.8
MCHC,L2,60751102,XR2,34.0
MCHC,L2,60751102,XR2,34.2
MCHC,L2,60751102,XR2,34.5
MCHC,L2,60751102,XR2,33.9
MCHC,L2,60751102,XR2,34.0
MCHC,L2,60751102,XR2,33.6
MCHC,L2,60751102,XR2,33.6
MCHC,L2,60751102,XR2,34.6
MCHC,L2,60751102,XR2,33.7
MCHC,L2,60751102,XR2,34.3
MCHC,L2,60751102,XR2,34.6
MCHC,L2,60751102,XR2,33.5
MCHC,L2,60751102,XR2,34.2
MCHC,L2,60751102,XR2,34.1
MCHC,L2,60751102,XR2,34.0
MCHC,L2,60751102,XR2,34.3
MCHC,L2,60751102,XR2,34.4
MCHC,L2,60751102,XR2,33.7
MCHC,L2,60751102,XR2,33.9
MCHC,L2,60751102,XR2,33.8
MCHC,L2,60751102,XR2,34.4
MCHC,L2,60751102,XR2,34.2
MCHC,L2,60751102,XR2,34.2
MCHC,L2,60751102,XR2,33.9
MCHC,L2,60751102,XR2,34.1
MCHC,L2,60751102,XR2,34.3
MCHC,L2,60751102,XR2,33.3
MCHC,L2,60751102,XR2,33.8
MCHC,L2,60751102,XR2,34.3
MCHC,L2,60751102,XR2,33.4
MCHC,L2,60751102,XR2,34.0
MCHC,L2,60751102,XR2,34.0
MCHC,L2,60751102,XR2,33.9
MCHC,L2,60751102,XR2,34.6
MCHC,L2,60751102,XR2,34.2
MCHC,L2,60751102,XR2,33.7
MCHC,L2,60751102,XR2,34.4
MCHC,L2,60751102,XR2,34.2
MCHC,L2,60751102,XR2,34.6
MCHC,L2,60751102,XR2,34.3
MCHC,L2,60751102,XR2,34.7
MCHC,L2,60751102,XR2,33.2
MCHC,L2,60751102,XR2,33.6
MCHC,L2,60751102,XR2,34.0
MCHC,L2,60751102,XR2,33.8
MCHC,L2,60751102,XR2,34.2
MCHC,L2,60751102,XR2,33.7
MCHC,L2,60751102,XR2,33.9
MCHC,L2,60751102,XR2,34.5
MCHC,L2,60751102,XR2,33.5
MCHC,L2,60751102,XR2,33.4
MCHC,L2,60751102,XR2,33.7
MCHC,L2,60751102,XR2,34.1
MCHC,L2,60751102,XR2,34.0
MCHC,L2,60751102,XR2,34.2
MCHC,L2,60751102,XR2,34.4
MCHC,L2,60751102,XR2,33.6
MCHC,L2,60751102,XR2,33.4
MCHC,L2,60751102,XR2,34.3
MCHC,L2,60751102,XR2,33.8
MCHC,L2,60751102,XR2,33.7
MCHC,L2,60751102,XR2,34.1
MCHC,L2,61311102,XR2,33.1
MCHC,L2,61311102,XR2,33.5
MCHC,L2,61311102,XR2,34.0
MCHC,L2,61311102,XR2,34.2
MCHC,L2,61311102,XR2,33.9
MCHC,L2,61311102,XR2,34.6
MCHC,L2,61311102,XR2,34.1
MCHC,L2,61311102,XR2,33.2
MCHC,L2,61311102,XR2,34.1
MCHC,L2,61311102,XR2,33.7
MCHC,L2,61311102,XR2,34.1
MCHC,L2,61311102,XR2,35.0
MCHC,L2,61311102,XR2,33.9
MCHC,L2,61311102,XR2,33.7
MCHC,L2,61311102,XR2,35.0
MCHC,L2,61311102,XR2,33.4
MCHC,L2,61311102,XR2,33.3
MCHC,L2,61311102,XR2,34.0
MCHC,L2,61311102,XR2,33.6
MCHC,L2,61311102,XR2,34.1
MCHC,L2,61311102,XR2,34.1
MCHC,L2,61311102,XR2,34.1
MCHC,L2,61311102,XR2,33.6
MCHC,L2,61311102,XR2,33.7
MCHC,L2,61311102,XR2,33.7
MCHC,L2,61311102,XR2,34.6
MCHC,L2,61311102,XR2,34.5
MCHC,L2,61311102,XR2,34.6
MCHC,L2,61311102,XR2,34.3
MCHC,L2,61311102,XR2,34.9
MCHC,L2,61311102,XR2,33.4
MCHC,L2,61311102,XR2,33.5
MCHC,L2,61311102,XR2,34.1
MCHC,L2,61311102,XR2,33.5
MCHC,L2,61311102,XR2,34.7
MCHC,L2,61311102,XR2,34.8
MCHC,L2,61311102,XR2,34.3
MCHC,L2,61311102,XR2,34.2
MCHC,L2,61311102,XR2,34.2
MCHC,L2,61311102,XR2,33.7
MCHC,L2,61311102,XR2,33.5
MCHC,L2,61311102,XR2,34.3
MCHC,L2,61311102,XR2,34.0
MCHC,L2,61311102,XR2,34.4
MCHC,L2,61311102,XR2,34.6
MCHC,L2,61311102,XR2,33.2
MCHC,L2,61311102,XR2,33.8
MCHC,L2,61311102,XR2,34.1
MCHC,L2,61311102,XR2,34.1
MCHC,L2,61311102,XR2,34.3
MCHC,L2,61311102,XR2,34.1
MCHC,L2,61311102,XR2,34.2
MCHC,L2,61311102,XR2,34.2
MCHC,L2,61311102,XR2,33.7
MCHC,L2,61311102,XR2,33.2
MCHC,L2,61311102,XR2,33.5
MCHC,L2,61311102,XR2,33.6
MCHC,L2,61311102,XR2,33.5
MCHC,L2,61311102,XR2,33.7
MCHC,L2,61311102,XR2,34.2
MCHC,L2,61311102,XR2,34.0
MCHC,L2,61311102,XR2,33.3
MCHC,L2,61311102,XR2,34.0
MCHC,L2,61311102,XR2,33.6
MCHC,L2,61311102,XR2,33.8
MCHC,L2,61311102,XR2,34.0
MCHC,L2,61311102,XR2,34.2
MCHC,L2,61311102,XR2,33.8
MCHC,L2,61311102,XR2,33.5
MCHC,L2,61311102,XR2,33.3
MCHC,L2,61311102,XR2,34.2
MCHC,L2,61311102,XR2,33.9
MCHC,L2,61311102,XR2,33.9
MCHC,L2,61311102,XR2,34.2
MCHC,L2,61311102,XR2,34.7
MCHC,L2,61311102,XR2,34.1
MCHC,L2,61311102,XR2,33.6
MCHC,L2,61311102,XR2,33.6
MCHC,L2,61311102,XR2,33.1
MCHC,L2,61311102,XR2,33.9
MCHC,L2,61311102,XR2,33.9
MCHC,L2,61311102,XR2,34.0
MCHC,L2,61311102,XR2,34.2
MCHC,L2,61311102,XR2,34.6
MCHC,L2,61311102,XR2,33.4
MCHC,L2,61311102,XR2,33.5
MCHC,L2,61311102,XR2,34.2
MCHC,L2,61311102,XR2,34.0
MCHC,L2,61311102,XR2,33.8
MCHC,L2,61311102,XR2,33.8
MCHC,L2,61311102,XR2,33.9
MCHC,L2,61311102,XR2,33.0
MCHC,L2,61311102,XR2,34.4
MCHC,L2,61311102,XR2,33.7
MCHC,L2,61311102,XR2,33.6
MCHC,L2,61311102,XR2,33.9
MCHC,L2,61311102,XR2,34.1
MCHC,L2,61311102,XR2,34.4
MCHC,L2,61311102,XR2,34.2
MCHC,L2,61311102,XR2,33.5
MCHC,L2,61311102,XR2,34.1
MCHC,L2,61311102,XR2,33.8
MCHC,L2,61311102,XR2,34.2
MCHC,L2,61311102,XR2,33.7
MCHC,L2,61311102,XR2,34.2
MCHC,L2,61311102,XR2,34.0
MCHC,L2,61311102,XR2,33.2
MCHC,L2,61311102,XR2,33.7
MCHC,L2,61311102,XR2,33.1
MCHC,L2,61311102,XR2,33.9
MCHC,L2,61311102,XR2,34.1
MCHC,L2,61311102,XR2,33.7
MCHC,L2,61311102,XR2,34.2
MCHC,L2,61311102,XR2,34.5
MCHC,L2,61311102,XR2,33.8
MCHC,L2,61311102,XR2,33.4
MCHC,L2,61311102,XR2,33.6
MCHC,L2,61311102,XR2,33.7
MCHC,L2,61311102,XR2,33.7
MCHC,L2,61311102,XR2,33.8
MCHC,L2,61311102,XR2,33.6
MCHC,L2,61311102,XR2,34.1
MCHC,L2,61311102,XR2,33.6
MCHC,L2,61311102,XR2,33.6
MCHC,L2,61311102,XR2,33.7
MCHC,L2,61311102,XR2,33.9
MCHC,L2,61311102,XR2,33.7
MCHC,L2,61311102,XR2,33.3
MCHC,L2,61311102,XR2,33.8
MCHC,L2,61311102,XR2,34.8
MCHC,L2,61311102,XR2,33.6
MCHC,L2,61311102,XR2,34.2
MCHC,L2,61311102,XR2,33.7
MCHC,L2,61311102,XR2,33.8
MCHC,L2,61311102,XR2,34.2
MCHC,L2,61311102,XR2,33.7
MCHC,L2,61311102,XR2,33.6
MCHC,L2,61311102,XR2,33.4
MCHC,L2,61311102,XR2,34.2
MCHC,L2,61311102,XR2,34.2
MCHC,L2,61311102,XR2,34.0
MCHC,L3,53281103,XR2,34.9
MCHC,L3,53281103,XR2,34.3
MCHC,L3,53281103,XR2,34.4
MCHC,L3,53281103,XR2,34.8
MCHC,L3,53281103,XR2,34.8
MCHC,L3,53281103,XR2,33.6
MCHC,L3,53281103,XR2,34.4
MCHC,L3,53281103,XR2,34.5
MCHC,L3,53281103,XR2,34.2
MCHC,L3,53281103,XR2,34.0
MCHC,L3,53281103,XR2,34.7
MCHC,L3,53281103,XR2,34.5
MCHC,L3,53281103,XR2,34.5
MCHC,L3,53281103,XR2,34.8
MCHC,L3,53281103,XR2,34.7
MCHC,L3,53281103,XR2,34.7
MCHC,L3,53281103,XR2,35.0
MCHC,L3,53281103,XR2,34.5
MCHC,L3,53281103,XR2,35.0
MCHC,L3,53281103,XR2,34.5
MCHC,L3,53281103,XR2,34.0
MCHC,L3,53281103,XR2,34.2
MCHC,L3,53281103,XR2,34.1
MCHC,L3,53281103,XR2,34.2
MCHC,L3,53281103,XR2,34.5
MCHC,L3,53281103,XR2,33.8
MCHC,L3,53281103,XR2,33.9
MCHC,L3,53281103,XR2,34.3
MCHC,L3,53281103,XR2,34.2
MCHC,L3,53281103,XR2,34.1
MCHC,L3,53281103,XR2,34.1
MCHC,L3,53281103,XR2,34.0
MCHC,L3,53281103,XR2,34.4
MCHC,L3,53281103,XR2,34.5
MCHC,L3,53281103,XR2,35.0
MCHC,L3,53281103,XR2,34.5
MCHC,L3,53281103,XR2,33.8
MCHC,L3,53281103,XR2,33.8
MCHC,L3,53281103,XR2,34.4
MCHC,L3,53281103,XR2,34.2
MCHC,L3,53281103,XR2,34.4
MCHC,L3,53281103,XR2,34.7
MCHC,L3,53281103,XR2,34.4
MCHC,L3,60191103,XR2,34.1
MCHC,L3,53281103,XR2,33.6
MCHC,L3,53281103,XR2,33.9
MCHC,L3,53281103,XR2,34.1
MCHC,L3,60191103,XR2,34.4
MCHC,L3,60191103,XR2,34.0
MCHC,L3,60191103,XR2,34.3
MCHC,L3,60191103,XR2,34.3
MCHC,L3,60191103,XR2,34.1
MCHC,L3,60191103,XR2,34.6
MCHC,L3,60191103,XR2,34.7
MCHC,L3,60191103,XR2,34.6
MCHC,L3,60191103,XR2,34.8
MCHC,L3,60191103,XR2,34.3
MCHC,L3,60191103,XR2,34.8
MCHC,L3,60191103,XR2,34.5
MCHC,L3,60191103,XR2,34.9
MCHC,L3,60191103,XR2,35.1
MCHC,L3,60191103,XR2,34.8
MCHC,L3,60191103,XR2,34.0
MCHC,L3,60191103,XR2,34.4
MCHC,L3,60191103,XR2,34.7
MCHC,L3,60191103,XR2,34.1
MCHC,L3,60191103,XR2,34.5
MCHC,L3,60191103,XR2,34.4
MCHC,L3,60191103,XR2,34.6
MCHC,L3,60191103,XR2,34.4
MCHC,L3,60191103,XR2,34.6
MCHC,L3,60191103,XR2,34.4
MCHC,L3,60191103,XR2,34.3
MCHC,L3,60191103,XR2,34.5
MCHC,L3,60191103,XR2,34.8
MCHC,L3,60191103,XR2,34.5
MCHC,L3,60191103,XR2,34.3
MCHC,L3,60191103,XR2,34.6
MCHC,L3,60191103,XR2,34.7
MCHC,L3,60191103,XR2,34.8
MCHC,L3,60191103,XR2,34.5
MCHC,L3,60191103,XR2,34.6
MCHC,L3,60191103,XR2,34.5
MCHC,L3,60191103,XR2,34.5
MCHC,L3,60191103,XR2,34.6
MCHC,L3,60191103,XR2,34.7
MCHC,L3,60191103,XR2,34.4
MCHC,L3,60191103,XR2,34.3
MCHC,L3,60191103,XR2,34.5
MCHC,L3,60191103,XR2,34.3
MCHC,L3,60191103,XR2,35.0
MCHC,L3,60191103,XR2,34.8
MCHC,L3,60191103,XR2,34.2
MCHC,L3,60191103,XR2,33.8
MCHC,L3,60191103,XR2,34.6
MCHC,L3,60191103,XR2,34.9
MCHC,L3,60191103,XR2,34.9
MCHC,L3,60191103,XR2,34.2
MCHC,L3,60191103,XR2,34.8
MCHC,L3,60191103,XR2,34.4
MCHC,L3,60191103,XR2,34.4
MCHC,L3,60191103,XR2,34.7
MCHC,L3,60191103,XR2,34.5
MCHC,L3,60191103,XR2,34.5
MCHC,L3,60191103,XR2,34.5
MCHC,L3,60191103,XR2,33.8
MCHC,L3,60191103,XR2,34.5
MCHC,L3,60191103,XR2,34.8
MCHC,L3,60191103,XR2,34.4
MCHC,L3,60191103,XR2,34.4
MCHC,L3,60191103,XR2,34.5
MCHC,L3,60191103,XR2,34.5
MCHC,L3,60191103,XR2,34.9
MCHC,L3,60191103,XR2,34.5
MCHC,L3,60191103,XR2,34.7
MCHC,L3,60191103,XR2,34.9
MCHC,L3,60191103,XR2,34.1
MCHC,L3,60191103,XR2,34.8
MCHC,L3,60191103,XR2,34.5
MCHC,L3,60191103,XR2,35.0
MCHC,L3,60191103,XR2,35.0
MCHC,L3,60191103,XR2,34.9
MCHC,L3,60191103,XR2,34.2
MCHC,L3,60191103,XR2,34.2
MCHC,L3,60191103,XR2,34.1
MCHC,L3,60191103,XR2,34.5
MCHC,L3,60191103,XR2,34.1
MCHC,L3,60191103,XR2,34.5
MCHC,L3,60191103,XR2,34.1
MCHC,L3,60191103,XR2,34.4
MCHC,L3,60191103,XR2,34.7
MCHC,L3,60191103,XR2,34.3
MCHC,L3,60191103,XR2,34.2
MCHC,L3,60191103,XR2,34.0
MCHC,L3,60191103,XR2,34.5
MCHC,L3,60191103,XR2,34.3
MCHC,L3,60191103,XR2,34.6
MCHC,L3,60191103,XR2,34.6
MCHC,L3,60191103,XR2,34.8
MCHC,L3,60191103,XR2,34.6
MCHC,L3,60191103,XR2,34.4
MCHC,L3,60191103,XR2,34.2
MCHC,L3,60191103,XR2,34.4
MCHC,L3,60191103,XR2,34.4
MCHC,L3,60191103,XR2,34.6
MCHC,L3,60191103,XR2,34.6
MCHC,L3,60191103,XR2,34.6
MCHC,L3,60191103,XR2,34.4
MCHC,L3,60191103,XR2,34.1
MCHC,L3,60191103,XR2,34.3
MCHC,L3,60191103,XR2,34.2
MCHC,L3,60191103,XR2,34.1
MCHC,L3,60191103,XR2,33.8
MCHC,L3,60191103,XR2,34.7
MCHC,L3,60191103,XR2,33.8
MCHC,L3,60191103,XR2,34.1
MCHC,L3,60191103,XR2,33.9
MCHC,L3,60191103,XR2,34.6
MCHC,L3,60751103,XR2,35.1
MCHC,L3,60751103,XR2,35.2
MCHC,L3,60751103,XR2,34.7
MCHC,L3,60751103,XR2,35.1
MCHC,L3,60751103,XR2,34.8
MCHC,L3,60751103,XR2,34.9
MCHC,L3,60751103,XR2,34.9
MCHC,L3,60751103,XR2,35.6
MCHC,L3,60751103,XR2,34.5
MCHC,L3,60751103,XR2,34.7
MCHC,L3,60751103,XR2,34.3
MCHC,L3,60751103,XR2,34.8
MCHC,L3,60751103,XR2,34.8
MCHC,L3,60751103,XR2,34.6
MCHC,L3,60751103,XR2,34.6
MCHC,L3,60751103,XR2,35.1
MCHC,L3,60751103,XR2,34.3
MCHC,L3,60751103,XR2,34.6
MCHC,L3,60751103,XR2,34.7
MCHC,L3,60751103,XR2,34.6
MCHC,L3,60751103,XR2,34.4
MCHC,L3,60751103,XR2,34.5
MCHC,L3,60751103,XR2,34.5
MCHC,L3,60751103,XR2,34.6
MCHC,L3,60751103,XR2,34.5
MCHC,L3,60751103,XR2,34.4
MCHC,L3,60751103,XR2,34.7
MCHC,L3,60751103,XR2,34.9
MCHC,L3,60751103,XR2,34.2
MCHC,L3,60751103,XR2,35.0
MCHC,L3,60751103,XR2,34.6
MCHC,L3,60751103,XR2,34.9
MCHC,L3,60751103,XR2,34.8
MCHC,L3,60751103,XR2,34.5
MCHC,L3,60751103,XR2,34.5
MCHC,L3,60751103,XR2,34.8
MCHC,L3,60751103,XR2,34.7
MCHC,L3,60751103,XR2,34.7
MCHC,L3,60751103,XR2,35.1
MCHC,L3,60751103,XR2,34.5
MCHC,L3,60751103,XR2,34.6
MCHC,L3,60751103,XR2,34.9
MCHC,L3,60751103,XR2,34.3
MCHC,L3,60751103,XR2,35.1
MCHC,L3,60751103,XR2,35.2
MCHC,L3,60751103,XR2,34.5
MCHC,L3,60751103,XR2,34.5
MCHC,L3,60751103,XR2,34.9
MCHC,L3,60751103,XR2,34.5
MCHC,L3,60751103,XR2,34.7
MCHC,L3,60751103,XR2,34.6
MCHC,L3,60751103,XR2,34.7
MCHC,L3,60751103,XR2,34.5
MCHC,L3,60751103,XR2,34.7
MCHC,L3,60751103,XR2,34.3
MCHC,L3,60751103,XR2,34.7
MCHC,L3,60751103,XR2,34.1
MCHC,L3,60751103,XR2,34.2
MCHC,L3,60751103,XR2,34.4
MCHC,L3,60751103,XR2,35.0
MCHC,L3,60751103,XR2,34.7
MCHC,L3,60751103,XR2,34.2
MCHC,L3,60751103,XR2,34.1
MCHC,L3,60751103,XR2,34.6
MCHC,L3,60751103,XR2,34.3
MCHC,L3,60751103,XR2,34.6
MCHC,L3,60751103,XR2,34.8
MCHC,L3,60751103,XR2,35.3
MCHC,L3,60751103,XR2,34.7
MCHC,L3,60751103,XR2,34.1
MCHC,L3,60751103,XR2,34.1
MCHC,L3,60751103,XR2,33.9
MCHC,L3,60751103,XR2,34.7
MCHC,L3,60751103,XR2,34.5
MCHC,L3,60751103,XR2,34.2
MCHC,L3,60751103,XR2,34.8
MCHC,L3,60751103,XR2,34.8
MCHC,L3,60751103,XR2,35.0
MCHC,L3,60751103,XR2,34.7
MCHC,L3,60751103,XR2,34.5
MCHC,L3,60751103,XR2,34.4
MCHC,L3,60751103,XR2,34.8
MCHC,L3,60751103,XR2,34.5
MCHC,L3,60751103,XR2,34.5
MCHC,L3,60751103,XR2,34.6
MCHC,L3,60751103,XR2,34.4
MCHC,L3,60751103,XR2,34.6
MCHC,L3,60751103,XR2,34.5
MCHC,L3,60751103,XR2,34.8
MCHC,L3,60751103,XR2,34.7
MCHC,L3,60751103,XR2,34.9
MCHC,L3,60751103,XR2,34.4
MCHC,L3,60751103,XR2,33.9
MCHC,L3,60751103,XR2,34.4
MCHC,L3,60751103,XR2,34.4
MCHC,L3,60751103,XR2,34.9
MCHC,L3,60751103,XR2,34.2
MCHC,L3,60751103,XR2,34.5
MCHC,L3,60751103,XR2,34.6
MCHC,L3,60751103,XR2,34.1
MCHC,L3,60751103,XR2,34.3
MCHC,L3,60751103,XR2,33.8
MCHC,L3,60751103,XR2,34.4
MCHC,L3,60751103,XR2,34.8
MCHC,L3,60751103,XR2,34.4
MCHC,L3,60751103,XR2,35.0
MCHC,L3,60751103,XR2,34.3
MCHC,L3,60751103,XR2,34.0
MCHC,L3,60751103,XR2,34.4
MCHC,L3,60751103,XR2,33.8
MCHC,L3,60751103,XR2,34.6
MCHC,L3,60751103,XR2,34.3
MCHC,L3,61311103,XR2,34.4
MCHC,L3,61311103,XR2,35.2
MCHC,L3,61311103,XR2,34.7
MCHC,L3,61311103,XR2,34.9
MCHC,L3,61311103,XR2,35.3
MCHC,L3,61311103,XR2,34.9
MCHC,L3,61311103,XR2,35.0
MCHC,L3,61311103,XR2,35.3
MCHC,L3,61311103,XR2,34.5
MCHC,L3,61311103,XR2,34.9
MCHC,L3,61311103,XR2,35.0
MCHC,L3,61311103,XR2,34.8
MCHC,L3,61311103,XR2,35.1
MCHC,L3,61311103,XR2,34.9
MCHC,L3,61311103,XR2,34.7
MCHC,L3,61311103,XR2,34.8
MCHC,L3,61311103,XR2,34.4
MCHC,L3,61311103,XR2,34.4
MCHC,L3,61311103,XR2,34.9
MCHC,L3,61311103,XR2,34.7
MCHC,L3,61311103,XR2,34.8
MCHC,L3,61311103,XR2,35.0
MCHC,L3,61311103,XR2,34.9
MCHC,L3,61311103,XR2,34.5
MCHC,L3,61311103,XR2,34.5
MCHC,L3,61311103,XR2,34.9
MCHC,L3,61311103,XR2,34.7
MCHC,L3,61311103,XR2,35.0
MCHC,L3,61311103,XR2,34.8
MCHC,L3,61311103,XR2,34.6
MCHC,L3,61311103,XR2,34.9
MCHC,L3,61311103,XR2,34.5
MCHC,L3,61311103,XR2,34.5
MCHC,L3,61311103,XR2,34.8
MCHC,L3,61311103,XR2,34.7
MCHC,L3,61311103,XR2,34.9
MCHC,L3,61311103,XR2,35.0
MCHC,L3,61311103,XR2,35.3
MCHC,L3,61311103,XR2,34.2
MCHC,L3,61311103,XR2,34.5
MCHC,L3,61311103,XR2,34.7
MCHC,L3,61311103,XR2,34.5
MCHC,L3,61311103,XR2,34.5
MCHC,L3,61311103,XR2,34.6
MCHC,L3,61311103,XR2,34.9
MCHC,L3,61311103,XR2,34.9
MCHC,L3,61311103,XR2,34.1
MCHC,L3,61311103,XR2,34.4
MCHC,L3,61311103,XR2,34.7
MCHC,L3,61311103,XR2,34.5
MCHC,L3,61311103,XR2,34.8
MCHC,L3,61311103,XR2,35.2
MCHC,L3,61311103,XR2,34.8
MCHC,L3,61311103,XR2,35.1
MCHC,L3,61311103,XR2,34.8
MCHC,L3,61311103,XR2,34.5
MCHC,L3,61311103,XR2,34.9
MCHC,L3,61311103,XR2,34.8
MCHC,L3,61311103,XR2,34.9
MCHC,L3,61311103,XR2,34.8
MCHC,L3,61311103,XR2,34.5
MCHC,L3,61311103,XR2,33.6
MCHC,L3,61311103,XR2,34.5
MCHC,L3,61311103,XR2,34.5
MCHC,L3,61311103,XR2,34.3
MCHC,L3,61311103,XR2,34.4
MCHC,L3,61311103,XR2,34.5
MCHC,L3,61311103,XR2,35.0
MCHC,L3,61311103,XR2,34.8
MCHC,L3,61311103,XR2,34.6
MCHC,L3,61311103,XR2,34.7
MCHC,L3,61311103,XR2,35.0
MCHC,L3,61311103,XR2,34.5
MCHC,L3,61311103,XR2,34.7
MCHC,L3,61311103,XR2,34.5
MCHC,L3,61311103,XR2,34.7
MCHC,L3,61311103,XR2,34.8
MCHC,L3,61311103,XR2,34.4
MCHC,L3,61311103,XR2,34.5
MCHC,L3,61311103,XR2,34.3
MCHC,L3,61311103,XR2,34.8
MCHC,L3,61311103,XR2,34.4
MCHC,L3,61311103,XR2,34.9
MCHC,L3,61311103,XR2,35.1
MCHC,L3,61311103,XR2,34.7
MCHC,L3,61311103,XR2,34.5
MCHC,L3,61311103,XR2,34.0
MCHC,L3,61311103,XR2,34.6
MCHC,L3,61311103,XR2,34.5
MCHC,L3,61311103,XR2,34.6
MCHC,L3,61311103,XR2,34.5
MCHC,L3,61311103,XR2,34.9
MCHC,L3,61311103,XR2,34.2
MCHC,L3,61311103,XR2,34.4
MCHC,L1,53281101,XR3,33.3
MCHC,L1,53281101,XR3,32.8
MCHC,L1,53281101,XR3,32.4
MCHC,L1,53281101,XR3,33.2
MCHC,L1,53281101,XR3,32.8
MCHC,L1,53281101,XR3,31.8
MCHC,L1,53281101,XR3,32.5
MCHC,L1,53281101,XR3,32.3
MCHC,L1,53281101,XR3,32.5
MCHC,L1,53281101,XR3,32.6
MCHC,L1,53281101,XR3,33.3
MCHC,L1,53281101,XR3,32.4
MCHC,L1,53281101,XR3,32.6
MCHC,L1,53281101,XR3,32.6
MCHC,L1,53281101,XR3,32.3
MCHC,L1,53281101,XR3,32.6
MCHC,L1,53281101,XR3,32.5
MCHC,L1,53281101,XR3,32.5
MCHC,L1,53281101,XR3,32.6
MCHC,L1,53281101,XR3,33.2
MCHC,L1,53281101,XR3,32.6
MCHC,L1,53281101,XR3,32.6
MCHC,L1,53281101,XR3,32.5
MCHC,L1,53281101,XR3,32.8
MCHC,L1,53281101,XR3,33.0
MCHC,L1,53281101,XR3,32.8
MCHC,L1,53281101,XR3,32.5
MCHC,L1,53281101,XR3,32.8
MCHC,L1,53281101,XR3,32.0
MCHC,L1,53281101,XR3,32.1
MCHC,L1,53281101,XR3,31.6
MCHC,L1,53281101,XR3,31.8
MCHC,L1,53281101,XR3,32.1
MCHC,L1,53281101,XR3,32.5
MCHC,L1,53281101,XR3,32.5
MCHC,L1,53281101,XR3,32.3
MCHC,L1,53281101,XR3,31.3
MCHC,L1,53281101,XR3,32.1
MCHC,L1,53281101,XR3,32.6
MCHC,L1,53281101,XR3,32.3
MCHC,L1,53281101,XR3,32.3
MCHC,L1,53281101,XR3,32.5
MCHC,L1,53281101,XR3,32.6
MCHC,L1,53281101,XR3,31.5
MCHC,L1,53281101,XR3,31.8
MCHC,L1,53281101,XR3,32.1
MCHC,L1,53281101,XR3,31.5
MCHC,L1,53281101,XR3,32.1
MCHC,L1,53281101,XR3,31.6
MCHC,L1,53281101,XR3,31.3
MCHC,L1,53281101,XR3,31.9
MCHC,L1,53281101,XR3,32.6
MCHC,L1,53281101,XR3,33.2
MCHC,L1,53281101,XR3,31.3
MCHC,L1,53281101,XR3,31.2
MCHC,L1,53281101,XR3,31.6
MCHC,L1,53281101,XR3,31.3
MCHC,L1,53281101,XR3,31.8
MCHC,L1,53281101,XR3,31.8
MCHC,L1,60191101,XR3,32.6
MCHC,L1,60191101,XR3,33.2
MCHC,L1,60191101,XR3,33.5
MCHC,L1,60191101,XR3,32.5
MCHC,L1,60191101,XR3,32.8
MCHC,L1,60191101,XR3,33.7
MCHC,L1,60191101,XR3,33.3
MCHC,L1,60191101,XR3,33.9
MCHC,L1,60191101,XR3,32.5
MCHC,L1,60191101,XR3,33.3
MCHC,L1,60191101,XR3,33.2
MCHC,L1,60191101,XR3,33.2
MCHC,L1,60191101,XR3,34.1
MCHC,L1,60191101,XR3,33.7
MCHC,L1,60191101,XR3,33.0
MCHC,L1,60191101,XR3,33.3
MCHC,L1,60191101,XR3,33.0
MCHC,L1,60191101,XR3,33.2
MCHC,L1,60191101,XR3,33.0
MCHC,L1,60191101,XR3,32.6
MCHC,L1,60191101,XR3,33.2
MCHC,L1,60191101,XR3,33.0
MCHC,L1,60191101,XR3,33.3
MCHC,L1,60191101,XR3,33.5
MCHC,L1,60191101,XR3,33.2
MCHC,L1,60191101,XR3,32.6
MCHC,L1,60191101,XR3,33.5
MCHC,L1,60191101,XR3,33.0
MCHC,L1,60191101,XR3,33.0
MCHC,L1,60191101,XR3,33.3
MCHC,L1,60191101,XR3,33.5
MCHC,L1,60191101,XR3,32.8
MCHC,L1,60191101,XR3,32.3
MCHC,L1,60191101,XR3,33.5
MCHC,L1,60191101,XR3,33.3
MCHC,L1,60191101,XR3,33.3
MCHC,L1,60191101,XR3,32.8
MCHC,L1,60191101,XR3,33.3
MCHC,L1,60191101,XR3,33.0
MCHC,L1,60191101,XR3,33.5
MCHC,L1,60191101,XR3,33.0
MCHC,L1,60191101,XR3,32.8
MCHC,L1,60191101,XR3,33.0
MCHC,L1,60191101,XR3,33.5
MCHC,L1,60191101,XR3,33.2
MCHC,L1,60191101,XR3,33.5
MCHC,L1,60191101,XR3,33.0
MCHC,L1,60191101,XR3,32.8
MCHC,L1,60191101,XR3,32.8
MCHC,L1,60191101,XR3,33.0
MCHC,L1,60191101,XR3,32.8
MCHC,L1,60191101,XR3,33.2
MCHC,L1,60191101,XR3,33.5
MCHC,L1,60191101,XR3,33.5
MCHC,L1,60191101,XR3,33.0
MCHC,L1,60191101,XR3,32.5
MCHC,L1,60191101,XR3,32.6
MCHC,L1,60191101,XR3,33.0
MCHC,L1,60191101,XR3,32.6
MCHC,L1,60191101,XR3,32.8
MCHC,L1,60191101,XR3,32.5
MCHC,L1,60191101,XR3,33.0
MCHC,L1,60191101,XR3,32.0
MCHC,L1,60191101,XR3,32.1
MCHC,L1,60191101,XR3,32.3
MCHC,L1,60191101,XR3,32.5
MCHC,L1,60191101,XR3,32.5
MCHC,L1,60191101,XR3,32.8
MCHC,L1,60191101,XR3,32.8
MCHC,L1,60191101,XR3,32.6
MCHC,L1,60191101,XR3,31.8
MCHC,L1,60191101,XR3,32.6
MCHC,L1,60191101,XR3,32.8
MCHC,L1,60191101,XR3,32.6
MCHC,L1,60191101,XR3,32.1
MCHC,L1,60191101,XR3,33.0
MCHC,L1,60191101,XR3,32.3
MCHC,L1,60191101,XR3,33.2
MCHC,L1,60191101,XR3,32.0
MCHC,L1,60191101,XR3,32.0
MCHC,L1,60191101,XR3,32.5
MCHC,L1,60191101,XR3,32.3
MCHC,L1,60191101,XR3,32.0
MCHC,L1,60191101,XR3,32.3
MCHC,L1,60191101,XR3,32.6
MCHC,L1,60191101,XR3,32.1
MCHC,L1,60191101,XR3,32.5
MCHC,L1,60191101,XR3,32.5
MCHC,L1,60191101,XR3,32.0
MCHC,L1,60191101,XR3,32.3
MCHC,L1,60191101,XR3,32.8
MCHC,L1,60191101,XR3,32.5
MCHC,L1,60191101,XR3,32.8
MCHC,L1,60191101,XR3,32.1
MCHC,L1,60191101,XR3,32.6
MCHC,L1,60191101,XR3,32.6
MCHC,L1,60191101,XR3,32.6
MCHC,L1,60191101,XR3,32.6
MCHC,L1,60191101,XR3,32.5
MCHC,L1,60191101,XR3,33.5
MCHC,L1,60191101,XR3,31.7
MCHC,L1,60191101,XR3,31.8
MCHC,L1,60191101,XR3,32.5
MCHC,L1,60191101,XR3,32.6
MCHC,L1,60191101,XR3,32.3
MCHC,L1,60191101,XR3,32.5
MCHC,L1,60191101,XR3,32.3
MCHC,L1,60191101,XR3,32.1
MCHC,L1,60191101,XR3,32.8
MCHC,L1,60191101,XR3,31.8
MCHC,L1,60191101,XR3,32.0
MCHC,L1,60191101,XR3,32.5
MCHC,L1,60191101,XR3,32.5
MCHC,L1,60191101,XR3,32.3
MCHC,L1,60191101,XR3,32.3
MCHC,L1,60191101,XR3,33.0
MCHC,L1,60751101,XR3,33.2
MCHC,L1,60751101,XR3,32.1
MCHC,L1,60751101,XR3,33.0
MCHC,L1,60751101,XR3,33.0
MCHC,L1,60751101,XR3,33.3
MCHC,L1,60751101,XR3,33.5
MCHC,L1,60751101,XR3,33.3
MCHC,L1,60751101,XR3,34.3
MCHC,L1,60751101,XR3,32.6
MCHC,L1,60751101,XR3,32.6
MCHC,L1,60751101,XR3,32.6
MCHC,L1,60751101,XR3,33.2
MCHC,L1,60751101,XR3,32.8
MCHC,L1,60751101,XR3,33.3
MCHC,L1,60751101,XR3,32.8
MCHC,L1,60751101,XR3,32.3
MCHC,L1,60751101,XR3,32.6
MCHC,L1,60751101,XR3,32.6
MCHC,L1,60751101,XR3,32.1
MCHC,L1,60751101,XR3,33.7
MCHC,L1,60751101,XR3,32.8
MCHC,L1,60751101,XR3,33.2
MCHC,L1,60751101,XR3,33.0
MCHC,L1,60751101,XR3,32.6
MCHC,L1,60751101,XR3,32.3
MCHC,L1,60751101,XR3,32.8
MCHC,L1,60751101,XR3,32.8
MCHC,L1,60751101,XR3,32.6
MCHC,L1,60751101,XR3,33.0
MCHC,L1,60751101,XR3,33.0
MCHC,L1,60751101,XR3,33.0
MCHC,L1,60751101,XR3,32.6
MCHC,L1,60751101,XR3,33.0
MCHC,L1,60751101,XR3,33.2
MCHC,L1,60751101,XR3,32.6
MCHC,L1,60751101,XR3,33.0
MCHC,L1,60751101,XR3,33.3
MCHC,L1,60751101,XR3,33.3
MCHC,L1,60751101,XR3,32.1
MCHC,L1,60751101,XR3,33.0
MCHC,L1,60751101,XR3,32.8
MCHC,L1,60751101,XR3,32.6
MCHC,L1,60751101,XR3,32.8
MCHC,L1,60751101,XR3,33.0
MCHC,L1,60751101,XR3,32.8
MCHC,L1,60751101,XR3,32.8
MCHC,L1,60751101,XR3,32.5
MCHC,L1,60751101,XR3,32.6
MCHC,L1,60751101,XR3,33.3
MCHC,L1,60751101,XR3,33.3
MCHC,L1,60751101,XR3,33.0
MCHC,L1,60751101,XR3,33.0
MCHC,L1,60751101,XR3,32.6
MCHC,L1,60751101,XR3,32.5
MCHC,L1,60751101,XR3,32.1
MCHC,L1,60751101,XR3,32.8
MCHC,L1,60751101,XR3,32.8
MCHC,L1,60751101,XR3,32.8
MCHC,L1,60751101,XR3,32.5
MCHC,L1,60751101,XR3,33.5
MCHC,L1,60751101,XR3,32.1
MCHC,L1,60751101,XR3,32.8
MCHC,L1,60751101,XR3,32.3
MCHC,L1,60751101,XR3,32.3
MCHC,L1,60751101,XR3,32.6
MCHC,L1,60751101,XR3,32.8
MCHC,L1,60751101,XR3,33.0
MCHC,L1,60751101,XR3,33.3
MCHC,L1,60751101,XR3,32.3
MCHC,L1,60751101,XR3,32.3
MCHC,L1,60751101,XR3,33.0
MCHC,L1,60751101,XR3,32.6
MCHC,L1,60751101,XR3,32.6
MCHC,L1,60751101,XR3,32.5
MCHC,L1,60751101,XR3,33.2
MCHC,L1,60751101,XR3,32.8
MCHC,L1,60751101,XR3,32.1
MCHC,L1,60751101,XR3,32.1
MCHC,L1,60751101,XR3,32.1
MCHC,L1,60751101,XR3,33.0
MCHC,L1,60751101,XR3,32.8
MCHC,L1,60751101,XR3,33.2
MCHC,L1,60751101,XR3,33.0
MCHC,L1,60751101,XR3,32.6
MCHC,L1,60751101,XR3,32.6
MCHC,L1,60751101,XR3,32.5
MCHC,L1,60751101,XR3,33.0
MCHC,L1,60751101,XR3,33.3
MCHC,L1,60751101,XR3,33.2
MCHC,L1,60751101,XR3,32.6
MCHC,L1,60751101,XR3,32.3
MCHC,L1,60751101,XR3,32.3
MCHC,L1,60751101,XR3,33.2
MCHC,L1,60751101,XR3,32.5
MCHC,L1,60751101,XR3,32.8
MCHC,L1,60751101,XR3,33.2
MCHC,L1,60751101,XR3,32.8
MCHC,L1,60751101,XR3,32.5
MCHC,L1,60751101,XR3,32.3
MCHC,L1,60751101,XR3,32.5
MCHC,L1,60751101,XR3,32.6
MCHC,L1,60751101,XR3,32.8
MCHC,L1,60751101,XR3,32.6
MCHC,L1,60751101,XR3,33.5
MCHC,L1,60751101,XR3,32.8
MCHC,L1,60751101,XR3,32.1
MCHC,L1,61311101,XR3,32.6
MCHC,L1,60751101,XR3,32.1
MCHC,L1,60751101,XR3,32.6
MCHC,L1,60751101,XR3,31.9
MCHC,L1,60751101,XR3,32.1
MCHC,L1,60751101,XR3,32.8
MCHC,L1,60751101,XR3,33.0
MCHC,L1,60751101,XR3,32.5
MCHC,L1,61311101,XR3,32.3
MCHC,L1,61311101,XR3,33.0
MCHC,L1,61311101,XR3,32.1
MCHC,L1,61311101,XR3,32.5
MCHC,L1,61311101,XR3,32.6
MCHC,L1,61311101,XR3,33.0
MCHC,L1,61311101,XR3,33.0
MCHC,L1,61311101,XR3,32.6
MCHC,L1,61311101,XR3,32.1
MCHC,L1,61311101,XR3,32.1
MCHC,L1,61311101,XR3,32.1
MCHC,L1,61311101,XR3,32.8
MCHC,L1,61311101,XR3,33.0
MCHC,L1,61311101,XR3,32.6
MCHC,L1,61311101,XR3,32.2
MCHC,L1,61311101,XR3,32.1
MCHC,L1,61311101,XR3,32.3
MCHC,L1,61311101,XR3,32.6
MCHC,L1,61311101,XR3,32.3
MCHC,L1,61311101,XR3,32.5
MCHC,L1,61311101,XR3,32.6
MCHC,L1,61311101,XR3,32.6
MCHC,L1,61311101,XR3,32.3
MCHC,L1,61311101,XR3,32.4
MCHC,L1,61311101,XR3,32.5
MCHC,L1,61311101,XR3,32.5
MCHC,L1,61311101,XR3,32.6
MCHC,L1,61311101,XR3,32.8
MCHC,L1,61311101,XR3,33.0
MCHC,L1,61311101,XR3,33.0
MCHC,L1,61311101,XR3,32.3
MCHC,L1,61311101,XR3,31.8
MCHC,L1,61311101,XR3,32.1
MCHC,L1,61311101,XR3,32.5
MCHC,L1,61311101,XR3,32.3
MCHC,L1,61311101,XR3,32.6
MCHC,L1,61311101,XR3,32.0
MCHC,L1,61311101,XR3,32.3
MCHC,L1,61311101,XR3,32.5
MCHC,L1,61311101,XR3,32.1
MCHC,L1,61311101,XR3,32.6
MCHC,L1,61311101,XR3,32.8
MCHC,L1,61311101,XR3,32.6
MCHC,L1,61311101,XR3,32.0
MCHC,L1,61311101,XR3,32.5
MCHC,L1,61311101,XR3,31.6
MCHC,L1,61311101,XR3,32.5
MCHC,L1,61311101,XR3,32.8
MCHC,L1,61311101,XR3,33.0
MCHC,L1,61311101,XR3,33.0
MCHC,L1,61311101,XR3,32.3
MCHC,L1,61311101,XR3,31.8
MCHC,L1,61311101,XR3,32.5
MCHC,L1,61311101,XR3,32.1
MCHC,L1,61311101,XR3,32.0
MCHC,L1,61311101,XR3,32.8
MCHC,L1,61311101,XR3,32.5
MCHC,L1,61311101,XR3,33.0
MCHC,L1,61311101,XR3,32.6
MCHC,L1,61311101,XR3,31.8
MCHC,L1,61311101,XR3,32.1
MCHC,L1,61311101,XR3,32.5
MCHC,L1,61311101,XR3,32.5
MCHC,L1,61311101,XR3,32.6
MCHC,L1,61311101,XR3,32.3
MCHC,L1,61311101,XR3,32.8
MCHC,L1,61311101,XR3,31.5
MCHC,L1,61311101,XR3,32.0
MCHC,L1,61311101,XR3,32.0
MCHC,L1,61311101,XR3,32.3
MCHC,L1,61311101,XR3,32.1
MCHC,L1,61311101,XR3,32.5
MCHC,L1,61311101,XR3,32.1
MCHC,L1,61311101,XR3,31.8
MCHC,L1,61311101,XR3,32.3
MCHC,L1,61311101,XR3,32.6
MCHC,L1,61311101,XR3,32.3
MCHC,L1,61311101,XR3,32.5
MCHC,L1,61311101,XR3,32.8
MCHC,L1,61311101,XR3,31.9
MCHC,L1,61311101,XR3,33.3
MCHC,L1,61311101,XR3,32.0
MCHC,L1,61311101,XR3,32.1
MCHC,L1,61311101,XR3,32.0
MCHC,L1,61311101,XR3,31.9
MCHC,L1,61311101,XR3,32.0
MCHC,L1,61311101,XR3,32.6
MCHC,L1,61311101,XR3,32.5
MCHC,L1,61311101,XR3,32.5
MCHC,L1,61311101,XR3,32.6
MCHC,L1,61311101,XR3,32.1
MCHC,L1,61311101,XR3,32.6
MCHC,L1,61311101,XR3,32.0
MCHC,L1,61311101,XR3,32.3
MCHC,L2,53281102,XR3,33.1
MCHC,L2,53281102,XR3,33.5
MCHC,L2,53281102,XR3,33.5
MCHC,L2,53281102,XR3,33.3
MCHC,L2,53281102,XR3,33.3
MCHC,L2,53281102,XR3,33.9
MCHC,L2,53281102,XR3,33.3
MCHC,L2,53281102,XR3,33.7
MCHC,L2,53281102,XR3,33.4
MCHC,L2,53281102,XR3,33.1
MCHC,L2,53281102,XR3,33.7
MCHC,L2,53281102,XR3,33.8
MCHC,L2,53281102,XR3,33.0
MCHC,L2,53281102,XR3,33.1
MCHC,L2,53281102,XR3,33.3
MCHC,L2,53281102,XR3,33.1
MCHC,L2,53281102,XR3,33.3
MCHC,L2,53281102,XR3,33.8
MCHC,L2,53281102,XR3,33.7
MCHC,L2,53281102,XR3,33.5
MCHC,L2,53281102,XR3,33.6
MCHC,L2,53281102,XR3,33.2
MCHC,L2,53281102,XR3,33.3
MCHC,L2,53281102,XR3,33.2
MCHC,L2,53281102,XR3,33.5
MCHC,L2,53281102,XR3,32.9
MCHC,L2,53281102,XR3,33.2
MCHC,L2,53281102,XR3,33.8
MCHC,L2,53281102,XR3,32.9
MCHC,L2,53281102,XR3,33.5
MCHC,L2,53281102,XR3,33.1
MCHC,L2,53281102,XR3,32.8
MCHC,L2,53281102,XR3,33.2
MCHC,L2,53281102,XR3,33.6
MCHC,L2,53281102,XR3,33.4
MCHC,L2,53281102,XR3,33.5
MCHC,L2,53281102,XR3,33.1
MCHC,L2,53281102,XR3,33.3
MCHC,L2,53281102,XR3,33.9
MCHC,L2,53281102,XR3,33.9
MCHC,L2,53281102,XR3,33.2
MCHC,L2,53281102,XR3,33.9
MCHC,L2,53281102,XR3,33.9
MCHC,L2,53281102,XR3,32.9
MCHC,L2,53281102,XR3,33.1
MCHC,L2,53281102,XR3,33.4
MCHC,L2,53281102,XR3,33.0
MCHC,L2,53281102,XR3,33.5
MCHC,L2,53281102,XR3,33.3
MCHC,L2,53281102,XR3,33.7
MCHC,L2,53281102,XR3,33.6
MCHC,L2,53281102,XR3,33.3
MCHC,L2,53281102,XR3,32.7
MCHC,L2,53281102,XR3,33.2
MCHC,L2,53281102,XR3,33.3
MCHC,L2,53281102,XR3,33.1
MCHC,L2,53281102,XR3,33.1
MCHC,L2,53281102,XR3,32.9
MCHC,L2,53281102,XR3,33.5
MCHC,L2,53281102,XR3,32.9
MCHC,L2,53281102,XR3,32.8
MCHC,L2,53281102,XR3,33.2
MCHC,L2,53281102,XR3,33.4
MCHC,L2,53281102,XR3,33.4
MCHC,L2,53281102,XR3,32.9
MCHC,L2,53281102,XR3,33.6
MCHC,L2,53281102,XR3,32.9
MCHC,L2,53281102,XR3,33.2
MCHC,L2,53281102,XR3,33.4
MCHC,L2,53281102,XR3,33.0
MCHC,L2,53281102,XR3,33.4
MCHC,L2,53281102,XR3,33.5
MCHC,L2,53281102,XR3,33.4
MCHC,L2,53281102,XR3,33.8
MCHC,L2,53281102,XR3,33.0
MCHC,L2,53281102,XR3,33.1
MCHC,L2,53281102,XR3,32.5
MCHC,L2,53281102,XR3,33.3
MCHC,L2,53281102,XR3,32.8
MCHC,L2,53281102,XR3,33.6
MCHC,L2,53281102,XR3,33.4
MCHC,L2,53281102,XR3,33.1
MCHC,L2,53281102,XR3,33.1
MCHC,L2,53281102,XR3,33.1
MCHC,L2,53281102,XR3,33.1
MCHC,L2,53281102,XR3,33.0
MCHC,L2,53281102,XR3,33.5
MCHC,L2,53281102,XR3,32.8
MCHC,L2,53281102,XR3,33.2
MCHC,L2,53281102,XR3,32.9
MCHC,L2,53281102,XR3,33.1
MCHC,L2,53281102,XR3,33.5
MCHC,L2,53281102,XR3,33.0
MCHC,L2,53281102,XR3,33.1
MCHC,L2,53281102,XR3,33.2
MCHC,L2,53281102,XR3,33.0
MCHC,L2,53281102,XR3,32.9
MCHC,L2,53281102,XR3,32.8
MCHC,L2,53281102,XR3,33.1
MCHC,L2,53281102,XR3,33.1
MCHC,L2,53281102,XR3,33.5
MCHC,L2,53281102,XR3,33.3
MCHC,L2,53281102,XR3,33.2
MCHC,L2,53281102,XR3,33.3
MCHC,L2,53281102,XR3,32.8
MCHC,L2,53281102,XR3,33.4
MCHC,L2,53281102,XR3,33.0
MCHC,L2,53281102,XR3,33.1
MCHC,L2,53281102,XR3,33.6
MCHC,L2,53281102,XR3,33.8
MCHC,L2,53281102,XR3,33.3
MCHC,L2,53281102,XR3,33.2
MCHC,L2,53281102,XR3,32.8
MCHC,L2,53281102,XR3,32.9
MCHC,L2,53281102,XR3,32.9
MCHC,L2,53281102,XR3,33.2
MCHC,L2,53281102,XR3,33.2
MCHC,L2,53281102,XR3,33.8
MCHC,L2,53281102,XR3,33.6
MCHC,L2,53281102,XR3,32.8
MCHC,L2,53281102,XR3,33.1
MCHC,L2,53281102,XR3,33.5
MCHC,L2,53281102,XR3,32.9
MCHC,L2,53281102,XR3,33.4
MCHC,L2,53281102,XR3,33.0
MCHC,L2,53281102,XR3,33.0
MCHC,L2,53281102,XR3,34.0
MCHC,L2,53281102,XR3,32.6
MCHC,L2,53281102,XR3,32.4
MCHC,L2,53281102,XR3,33.2
MCHC,L2,53281102,XR3,33.3
MCHC,L2,53281102,XR3,33.0
MCHC,L2,53281102,XR3,33.2
MCHC,L2,53281102,XR3,33.1
MCHC,L2,53281102,XR3,32.9
MCHC,L2,53281102,XR3,33.4
MCHC,L2,53281102,XR3,33.1
MCHC,L2,53281102,XR3,32.8
MCHC,L2,53281102,XR3,33.1
MCHC,L2,53281102,XR3,33.3
MCHC,L2,53281102,XR3,33.1
MCHC,L2,53281102,XR3,33.2
MCHC,L2,53281102,XR3,32.7
MCHC,L2,53281102,XR3,32.6
MCHC,L2,53281102,XR3,33.2
MCHC,L2,53281102,XR3,33.4
MCHC,L2,53281102,XR3,33.1
MCHC,L2,53281102,XR3,33.1
MCHC,L2,53281102,XR3,33.8
MCHC,L2,53281102,XR3,33.1
MCHC,L2,53281102,XR3,32.4
MCHC,L2,53281102,XR3,32.8
MCHC,L2,53281102,XR3,33.1
MCHC,L2,53281102,XR3,32.9
MCHC,L2,53281102,XR3,33.2
MCHC,L2,53281102,XR3,33.2
MCHC,L2,53281102,XR3,33.9
MCHC,L2,60191102,XR3,33.2
MCHC,L2,60191102,XR3,33.8
MCHC,L2,60191102,XR3,34.1
MCHC,L2,60191102,XR3,33.5
MCHC,L2,60191102,XR3,34.0
MCHC,L2,60191102,XR3,34.4
MCHC,L2,60191102,XR3,34.2
MCHC,L2,60191102,XR3,33.5
MCHC,L2,60191102,XR3,33.4
MCHC,L2,60191102,XR3,34.0
MCHC,L2,60191102,XR3,34.0
MCHC,L2,60191102,XR3,34.3
MCHC,L2,60191102,XR3,34.5
MCHC,L2,60191102,XR3,34.5
MCHC,L2,60191102,XR3,33.9
MCHC,L2,60191102,XR3,34.1
MCHC,L2,60191102,XR3,33.8
MCHC,L2,60191102,XR3,33.7
MCHC,L2,60191102,XR3,34.1
MCHC,L2,60191102,XR3,34.4
MCHC,L2,60191102,XR3,33.9
MCHC,L2,60191102,XR3,34.7
MCHC,L2,60191102,XR3,34.0
MCHC,L2,60191102,XR3,33.9
MCHC,L2,60191102,XR3,33.5
MCHC,L2,60191102,XR3,33.6
MCHC,L2,60191102,XR3,34.0
MCHC,L2,60191102,XR3,34.5
MCHC,L2,60191102,XR3,34.0
MCHC,L2,60191102,XR3,34.0
MCHC,L2,60191102,XR3,34.2
MCHC,L2,60191102,XR3,33.4
MCHC,L2,60191102,XR3,33.7
MCHC,L2,60191102,XR3,33.6
MCHC,L2,60191102,XR3,33.6
MCHC,L2,60191102,XR3,33.7
MCHC,L2,60191102,XR3,33.8
MCHC,L2,60191102,XR3,33.4
MCHC,L2,60191102,XR3,34.1
MCHC,L2,60191102,XR3,34.0
MCHC,L2,60191102,XR3,34.0
MCHC,L2,60191102,XR3,34.0
MCHC,L2,60191102,XR3,34.0
MCHC,L2,60191102,XR3,33.8
MCHC,L2,60191102,XR3,34.1
MCHC,L2,60191102,XR3,33.7
MCHC,L2,60191102,XR3,34.1
MCHC,L2,60191102,XR3,33.5
MCHC,L2,60191102,XR3,33.4
MCHC,L2,60191102,XR3,33.9
MCHC,L2,60191102,XR3,34.0
MCHC,L2,60191102,XR3,33.7
MCHC,L2,60191102,XR3,33.8
MCHC,L2,60191102,XR3,34.4
MCHC,L2,60191102,XR3,33.8
MCHC,L2,60191102,XR3,33.7
MCHC,L2,60191102,XR3,33.4
MCHC,L2,60191102,XR3,33.7
MCHC,L2,60191102,XR3,33.8
MCHC,L2,60191102,XR3,33.5
MCHC,L2,60191102,XR3,34.3
MCHC,L2,60191102,XR3,34.2
MCHC,L2,60191102,XR3,33.3
MCHC,L2,60191102,XR3,33.1
MCHC,L2,60191102,XR3,33.3
MCHC,L2,60191102,XR3,33.7
MCHC,L2,60191102,XR3,33.5
MCHC,L2,60191102,XR3,33.8
MCHC,L2,60191102,XR3,34.2
MCHC,L2,60191102,XR3,33.8
MCHC,L2,60191102,XR3,33.8
MCHC,L2,60191102,XR3,33.3
MCHC,L2,60191102,XR3,33.4
MCHC,L2,60191102,XR3,33.9
MCHC,L2,60191102,XR3,33.7
MCHC,L2,60191102,XR3,33.8
MCHC,L2,60191102,XR3,33.3
MCHC,L2,60191102,XR3,34.0
MCHC,L2,60191102,XR3,32.9
MCHC,L2,60191102,XR3,33.7
MCHC,L2,60191102,XR3,33.8
MCHC,L2,60191102,XR3,33.7
MCHC,L2,60191102,XR3,33.4
MCHC,L2,60191102,XR3,33.5
MCHC,L2,60191102,XR3,33.5
MCHC,L2,60191102,XR3,33.1
MCHC,L2,60191102,XR3,33.6
MCHC,L2,60191102,XR3,33.5
MCHC,L2,60191102,XR3,33.9
MCHC,L2,60191102,XR3,33.6
MCHC,L2,60191102,XR3,33.4
MCHC,L2,60191102,XR3,33.3
MCHC,L2,60191102,XR3,33.8
MCHC,L2,60191102,XR3,33.9
MCHC,L2,60191102,XR3,33.7
MCHC,L2,60191102,XR3,34.1
MCHC,L2,60191102,XR3,34.0
MCHC,L2,60191102,XR3,33.8
MCHC,L2,60191102,XR3,33.4
MCHC,L2,60191102,XR3,33.6
MCHC,L2,60191102,XR3,33.2
MCHC,L2,60191102,XR3,32.9
MCHC,L2,60191102,XR3,33.1
MCHC,L2,60191102,XR3,33.1
MCHC,L2,60191102,XR3,33.6
MCHC,L2,60191102,XR3,33.1
MCHC,L2,60191102,XR3,33.3
MCHC,L2,60191102,XR3,33.6
MCHC,L2,60191102,XR3,33.8
MCHC,L2,60191102,XR3,32.9
MCHC,L2,60191102,XR3,33.2
MCHC,L2,60191102,XR3,33.0
MCHC,L2,60191102,XR3,33.1
MCHC,L2,60191102,XR3,33.5
MCHC,L2,60191102,XR3,33.1
MCHC,L2,60191102,XR3,33.3
MCHC,L2,60191102,XR3,33.7
MCHC,L2,60191102,XR3,33.1
MCHC,L2,60191102,XR3,33.1
MCHC,L2,60191102,XR3,33.1
MCHC,L2,60191102,XR3,33.0
MCHC,L2,60191102,XR3,34.0
MCHC,L2,60191102,XR3,33.1
MCHC,L2,60191102,XR3,33.3
MCHC,L2,60191102,XR3,32.8
MCHC,L2,60191102,XR3,33.1
MCHC,L2,60191102,XR3,33.1
MCHC,L2,60191102,XR3,33.1
MCHC,L2,60191102,XR3,33.1
MCHC,L2,60191102,XR3,34.0
MCHC,L2,60191102,XR3,33.4
MCHC,L2,60191102,XR3,33.8
MCHC,L2,60191102,XR3,33.0
MCHC,L2,60191102,XR3,33.8
MCHC,L2,60191102,XR3,32.9
MCHC,L2,60191102,XR3,33.2
MCHC,L2,60191102,XR3,33.1
MCHC,L2,60191102,XR3,32.9
MCHC,L2,60191102,XR3,32.9
MCHC,L2,60191102,XR3,32.9
MCHC,L2,60191102,XR3,32.7
MCHC,L2,60191102,XR3,33.5
MCHC,L2,60191102,XR3,33.3
MCHC,L2,60191102,XR3,33.1
MCHC,L2,60191102,XR3,33.6
MCHC,L2,60191102,XR3,33.7
MCHC,L2,60191102,XR3,33.2
MCHC,L2,60191102,XR3,32.6
MCHC,L2,60191102,XR3,33.3
MCHC,L2,60191102,XR3,33.3
MCHC,L2,60191102,XR3,32.7
MCHC,L2,60191102,XR3,33.3
MCHC,L2,60191102,XR3,33.2
MCHC,L2,60191102,XR3,33.4
MCHC,L2,60191102,XR3,32.9
MCHC,L2,60191102,XR3,32.7
MCHC,L2,60191102,XR3,32.8
MCHC,L2,60191102,XR3,33.1
MCHC,L2,60191102,XR3,33.0
MCHC,L2,60191102,XR3,33.3
MCHC,L2,60191102,XR3,33.5
MCHC,L2,60191102,XR3,33.4
MCHC,L2,60191102,XR3,32.5
MCHC,L2,60191102,XR3,32.9
MCHC,L2,60191102,XR3,32.5
MCHC,L2,60191102,XR3,33.1
MCHC,L2,60191102,XR3,33.2
MCHC,L2,60191102,XR3,33.1
MCHC,L2,60191102,XR3,33.5
MCHC,L2,60751102,XR3,33.4
MCHC,L2,60751102,XR3,33.4
MCHC,L2,60751102,XR3,33.9
MCHC,L2,60751102,XR3,33.7
MCHC,L2,60751102,XR3,33.8
MCHC,L2,60751102,XR3,33.8
MCHC,L2,60751102,XR3,33.9
MCHC,L2,60751102,XR3,33.1
MCHC,L2,60751102,XR3,33.3
MCHC,L2,60751102,XR3,34.4
MCHC,L2,60751102,XR3,34.2
MCHC,L2,60751102,XR3,33.9
MCHC,L2,60751102,XR3,33.4
MCHC,L2,60751102,XR3,33.4
MCHC,L2,60751102,XR3,33.6
MCHC,L2,60751102,XR3,33.1
MCHC,L2,60751102,XR3,33.4
MCHC,L2,60751102,XR3,33.5
MCHC,L2,60751102,XR3,33.3
MCHC,L2,60751102,XR3,33.9
MCHC,L2,60751102,XR3,34.0
MCHC,L2,60751102,XR3,33.4
MCHC,L2,60751102,XR3,34.0
MCHC,L2,60751102,XR3,33.6
MCHC,L2,60751102,XR3,33.9
MCHC,L2,60751102,XR3,33.6
MCHC,L2,60751102,XR3,33.7
MCHC,L2,60751102,XR3,33.8
MCHC,L2,60751102,XR3,33.8
MCHC,L2,60751102,XR3,33.7
MCHC,L2,60751102,XR3,33.0
MCHC,L2,60751102,XR3,33.9
MCHC,L2,60751102,XR3,33.6
MCHC,L2,60751102,XR3,33.7
MCHC,L2,60751102,XR3,33.3
MCHC,L2,60751102,XR3,34.1
MCHC,L2,60751102,XR3,33.9
MCHC,L2,60751102,XR3,33.2
MCHC,L2,60751102,XR3,33.2
MCHC,L2,60751102,XR3,33.3
MCHC,L2,60751102,XR3,33.6
MCHC,L2,60751102,XR3,33.6
MCHC,L2,60751102,XR3,33.3
MCHC,L2,60751102,XR3,34.1
MCHC,L2,60751102,XR3,33.8
MCHC,L2,60751102,XR3,33.7
MCHC,L2,60751102,XR3,33.7
MCHC,L2,60751102,XR3,33.2
MCHC,L2,60751102,XR3,33.4
MCHC,L2,60751102,XR3,33.9
MCHC,L2,60751102,XR3,33.2
MCHC,L2,60751102,XR3,33.8
MCHC,L2,60751102,XR3,33.4
MCHC,L2,60751102,XR3,33.7
MCHC,L2,60751102,XR3,33.7
MCHC,L2,60751102,XR3,33.1
MCHC,L2,60751102,XR3,33.3
MCHC,L2,60751102,XR3,33.4
MCHC,L2,60751102,XR3,33.4
MCHC,L2,60751102,XR3,33.5
MCHC,L2,60751102,XR3,33.5
MCHC,L2,60751102,XR3,33.3
MCHC,L2,60751102,XR3,33.0
MCHC,L2,60751102,XR3,33.5
MCHC,L2,60751102,XR3,33.3
MCHC,L2,60751102,XR3,33.2
MCHC,L2,60751102,XR3,33.9
MCHC,L2,60751102,XR3,33.8
MCHC,L2,60751102,XR3,33.9
MCHC,L2,60751102,XR3,33.8
MCHC,L2,60751102,XR3,33.3
MCHC,L2,60751102,XR3,33.1
MCHC,L2,60751102,XR3,33.0
MCHC,L2,60751102,XR3,34.1
MCHC,L2,60751102,XR3,33.8
MCHC,L2,60751102,XR3,33.5
MCHC,L2,60751102,XR3,34.5
MCHC,L2,60751102,XR3,33.5
MCHC,L2,60751102,XR3,33.2
MCHC,L2,60751102,XR3,33.7
MCHC,L2,60751102,XR3,33.1
MCHC,L2,60751102,XR3,34.0
MCHC,L2,60751102,XR3,33.3
MCHC,L2,60751102,XR3,33.6
MCHC,L2,60751102,XR3,33.7
MCHC,L2,60751102,XR3,33.3
MCHC,L2,60751102,XR3,34.1
MCHC,L2,60751102,XR3,33.1
MCHC,L2,60751102,XR3,33.9
MCHC,L2,60751102,XR3,33.3
MCHC,L2,60751102,XR3,33.3
MCHC,L2,60751102,XR3,34.0
MCHC,L2,60751102,XR3,33.3
MCHC,L2,60751102,XR3,33.0
MCHC,L2,60751102,XR3,33.0
MCHC,L2,60751102,XR3,33.3
MCHC,L2,60751102,XR3,33.1
MCHC,L2,60751102,XR3,33.6
MCHC,L2,60751102,XR3,33.7
MCHC,L2,60751102,XR3,33.6
MCHC,L2,60751102,XR3,33.1
MCHC,L2,60751102,XR3,33.1
MCHC,L2,60751102,XR3,33.2
MCHC,L2,60751102,XR3,33.2
MCHC,L2,60751102,XR3,33.5
MCHC,L2,60751102,XR3,33.2
MCHC,L2,60751102,XR3,33.6
MCHC,L2,60751102,XR3,33.6
MCHC,L2,60751102,XR3,33.8
MCHC,L2,60751102,XR3,33.5
MCHC,L2,60751102,XR3,33.7
MCHC,L2,60751102,XR3,33.4
MCHC,L2,60751102,XR3,33.5
MCHC,L2,60751102,XR3,33.6
MCHC,L2,60751102,XR3,33.1
MCHC,L2,60751102,XR3,33.5
MCHC,L2,60751102,XR3,33.4
MCHC,L2,60751102,XR3,33.1
MCHC,L2,60751102,XR3,33.5
MCHC,L2,60751102,XR3,33.4
MCHC,L2,60751102,XR3,33.5
MCHC,L2,60751102,XR3,32.9
MCHC,L2,60751102,XR3,33.9
MCHC,L2,60751102,XR3,33.7
MCHC,L2,60751102,XR3,32.8
MCHC,L2,60751102,XR3,33.1
MCHC,L2,60751102,XR3,33.6
MCHC,L2,60751102,XR3,33.2
MCHC,L2,60751102,XR3,34.1
MCHC,L2,60751102,XR3,33.7
MCHC,L2,60751102,XR3,34.1
MCHC,L2,60751102,XR3,34.0
MCHC,L2,60751102,XR3,32.7
MCHC,L2,60751102,XR3,32.9
MCHC,L2,60751102,XR3,33.4
MCHC,L2,60751102,XR3,33.3
MCHC,L2,60751102,XR3,33.0
MCHC,L2,60751102,XR3,33.8
MCHC,L2,60751102,XR3,33.9
MCHC,L2,60751102,XR3,33.1
MCHC,L2,60751102,XR3,33.1
MCHC,L2,60751102,XR3,33.3
MCHC,L2,60751102,XR3,33.4
MCHC,L2,60751102,XR3,33.4
MCHC,L2,60751102,XR3,33.2
MCHC,L2,60751102,XR3,33.3
MCHC,L2,60751102,XR3,34.1
MCHC,L2,60751102,XR3,32.8
MCHC,L2,60751102,XR3,32.8
MCHC,L2,60751102,XR3,33.2
MCHC,L2,60751102,XR3,33.1
MCHC,L2,60751102,XR3,32.9
MCHC,L2,60751102,XR3,33.5
MCHC,L2,60751102,XR3,33.2
MCHC,L2,60751102,XR3,33.5
MCHC,L2,60751102,XR3,33.3
MCHC,L2,60751102,XR3,33.1
MCHC,L2,60751102,XR3,33.7
MCHC,L2,61311102,XR3,33.5
MCHC,L2,60751102,XR3,33.1
MCHC,L2,60751102,XR3,33.3
MCHC,L2,60751102,XR3,33.4
MCHC,L2,60751102,XR3,33.2
MCHC,L2,60751102,XR3,33.2
MCHC,L2,60751102,XR3,32.7
MCHC,L2,60751102,XR3,33.2
MCHC,L2,60751102,XR3,33.2
MCHC,L2,60751102,XR3,33.6
MCHC,L2,60751102,XR3,33.7
MCHC,L2,61311102,XR3,33.3
MCHC,L2,61311102,XR3,32.9
MCHC,L2,61311102,XR3,33.3
MCHC,L2,61311102,XR3,33.1
MCHC,L2,61311102,XR3,33.3
MCHC,L2,61311102,XR3,33.8
MCHC,L2,61311102,XR3,34.1
MCHC,L2,61311102,XR3,33.1
MCHC,L2,61311102,XR3,33.7
MCHC,L2,61311102,XR3,33.2
MCHC,L2,61311102,XR3,33.5
MCHC,L2,61311102,XR3,33.8
MCHC,L2,61311102,XR3,33.6
MCHC,L2,61311102,XR3,33.5
MCHC,L2,61311102,XR3,33.6
MCHC,L2,61311102,XR3,32.4
MCHC,L2,61311102,XR3,33.6
MCHC,L2,61311102,XR3,33.8
MCHC,L2,61311102,XR3,33.3
MCHC,L2,61311102,XR3,33.4
MCHC,L2,61311102,XR3,33.3
MCHC,L2,61311102,XR3,33.4
MCHC,L2,61311102,XR3,33.2
MCHC,L2,61311102,XR3,33.6
MCHC,L2,61311102,XR3,33.3
MCHC,L2,61311102,XR3,33.4
MCHC,L2,61311102,XR3,33.7
MCHC,L2,61311102,XR3,33.8
MCHC,L2,61311102,XR3,33.2
MCHC,L2,61311102,XR3,33.9
MCHC,L2,61311102,XR3,33.0
MCHC,L2,61311102,XR3,33.2
MCHC,L2,61311102,XR3,33.5
MCHC,L2,61311102,XR3,33.4
MCHC,L2,61311102,XR3,33.5
MCHC,L2,61311102,XR3,33.7
MCHC,L2,61311102,XR3,33.3
MCHC,L2,61311102,XR3,33.3
MCHC,L2,61311102,XR3,33.1
MCHC,L2,61311102,XR3,33.1
MCHC,L2,61311102,XR3,33.8
MCHC,L2,61311102,XR3,33.4
MCHC,L2,61311102,XR3,33.8
MCHC,L2,61311102,XR3,33.2
MCHC,L2,61311102,XR3,33.5
MCHC,L2,61311102,XR3,32.4
MCHC,L2,61311102,XR3,32.9
MCHC,L2,61311102,XR3,33.7
MCHC,L2,61311102,XR3,33.1
MCHC,L2,61311102,XR3,33.3
MCHC,L2,61311102,XR3,33.5
MCHC,L2,61311102,XR3,33.3
MCHC,L2,61311102,XR3,33.5
MCHC,L2,61311102,XR3,33.1
MCHC,L2,61311102,XR3,32.9
MCHC,L2,61311102,XR3,33.7
MCHC,L2,61311102,XR3,32.9
MCHC,L2,61311102,XR3,33.3
MCHC,L2,61311102,XR3,33.2
MCHC,L2,61311102,XR3,34.2
MCHC,L2,61311102,XR3,33.1
MCHC,L2,61311102,XR3,32.9
MCHC,L2,61311102,XR3,33.4
MCHC,L2,61311102,XR3,33.2
MCHC,L2,61311102,XR3,33.4
MCHC,L2,61311102,XR3,33.9
MCHC,L2,61311102,XR3,33.5
MCHC,L2,61311102,XR3,33.6
MCHC,L2,61311102,XR3,33.3
MCHC,L2,61311102,XR3,33.1
MCHC,L2,61311102,XR3,33.5
MCHC,L2,61311102,XR3,33.7
MCHC,L2,61311102,XR3,33.5
MCHC,L2,61311102,XR3,33.6
MCHC,L2,61311102,XR3,33.6
MCHC,L2,61311102,XR3,33.6
MCHC,L2,61311102,XR3,32.9
MCHC,L2,61311102,XR3,33.2
MCHC,L2,61311102,XR3,33.3
MCHC,L2,61311102,XR3,33.5
MCHC,L2,61311102,XR3,33.4
MCHC,L2,61311102,XR3,33.3
MCHC,L2,61311102,XR3,33.6
MCHC,L2,61311102,XR3,33.1
MCHC,L2,61311102,XR3,33.0
MCHC,L2,61311102,XR3,33.3
MCHC,L2,61311102,XR3,33.0
MCHC,L2,61311102,XR3,33.1
MCHC,L2,61311102,XR3,33.7
MCHC,L2,61311102,XR3,33.2
MCHC,L2,61311102,XR3,33.1
MCHC,L2,61311102,XR3,32.7
MCHC,L2,61311102,XR3,32.9
MCHC,L2,61311102,XR3,33.1
MCHC,L2,61311102,XR3,33.3
MCHC,L2,61311102,XR3,33.1
MCHC,L2,61311102,XR3,33.2
MCHC,L2,61311102,XR3,33.3
MCHC,L2,61311102,XR3,33.3
MCHC,L2,61311102,XR3,33.3
MCHC,L2,61311102,XR3,33.1
MCHC,L2,61311102,XR3,33.1
MCHC,L2,61311102,XR3,33.3
MCHC,L2,61311102,XR3,33.6
MCHC,L2,61311102,XR3,33.9
MCHC,L2,61311102,XR3,33.7
MCHC,L2,61311102,XR3,33.0
MCHC,L2,61311102,XR3,32.5
MCHC,L2,61311102,XR3,33.1
MCHC,L2,61311102,XR3,32.9
MCHC,L2,61311102,XR3,33.6
MCHC,L2,61311102,XR3,33.2
MCHC,L2,61311102,XR3,33.3
MCHC,L2,61311102,XR3,32.9
MCHC,L2,61311102,XR3,33.0
MCHC,L2,61311102,XR3,33.0
MCHC,L2,61311102,XR3,32.9
MCHC,L2,61311102,XR3,33.0
MCHC,L2,61311102,XR3,33.4
MCHC,L2,61311102,XR3,33.4
MCHC,L2,61311102,XR3,33.4
MCHC,L2,61311102,XR3,33.0
MCHC,L2,61311102,XR3,32.3
MCHC,L2,61311102,XR3,33.4
MCHC,L2,61311102,XR3,33.1
MCHC,L2,61311102,XR3,33.1
MCHC,L2,61311102,XR3,33.3
MCHC,L2,61311102,XR3,33.4
MCHC,L2,61311102,XR3,32.8
MCHC,L2,61311102,XR3,32.8
MCHC,L2,61311102,XR3,33.4
MCHC,L2,61311102,XR3,32.8
MCHC,L2,61311102,XR3,33.1
MCHC,L2,61311102,XR3,33.2
MCHC,L2,61311102,XR3,33.6
MCHC,L2,61311102,XR3,33.1
MCHC,L2,61311102,XR3,33.0
MCHC,L2,61311102,XR3,32.8
MCHC,L2,61311102,XR3,33.0
MCHC,L2,61311102,XR3,33.2
MCHC,L3,53281103,XR3,34.8
MCHC,L3,53281103,XR3,34.2
MCHC,L3,53281103,XR3,34.8
MCHC,L3,53281103,XR3,34.2
MCHC,L3,53281103,XR3,34.0
MCHC,L3,53281103,XR3,34.1
MCHC,L3,53281103,XR3,34.1
MCHC,L3,53281103,XR3,34.0
MCHC,L3,53281103,XR3,34.2
MCHC,L3,53281103,XR3,34.1
MCHC,L3,53281103,XR3,34.1
MCHC,L3,53281103,XR3,34.2
MCHC,L3,53281103,XR3,33.9
MCHC,L3,53281103,XR3,34.1
MCHC,L3,53281103,XR3,34.2
MCHC,L3,53281103,XR3,34.3
MCHC,L3,53281103,XR3,34.0
MCHC,L3,53281103,XR3,34.3
MCHC,L3,53281103,XR3,34.3
MCHC,L3,53281103,XR3,34.5
MCHC,L3,53281103,XR3,34.5
MCHC,L3,53281103,XR3,34.0
MCHC,L3,53281103,XR3,34.7
MCHC,L3,53281103,XR3,33.8
MCHC,L3,53281103,XR3,34.6
MCHC,L3,53281103,XR3,34.2
MCHC,L3,53281103,XR3,34.5
MCHC,L3,53281103,XR3,33.6
MCHC,L3,53281103,XR3,34.1
MCHC,L3,53281103,XR3,34.0
MCHC,L3,53281103,XR3,34.5
MCHC,L3,53281103,XR3,33.9
MCHC,L3,53281103,XR3,33.7
MCHC,L3,53281103,XR3,34.5
MCHC,L3,53281103,XR3,34.1
MCHC,L3,53281103,XR3,34.1
MCHC,L3,53281103,XR3,34.4
MCHC,L3,53281103,XR3,33.9
MCHC,L3,53281103,XR3,33.7
MCHC,L3,53281103,XR3,34.1
MCHC,L3,53281103,XR3,34.1
MCHC,L3,53281103,XR3,34.5
MCHC,L3,53281103,XR3,34.2
MCHC,L3,53281103,XR3,33.7
MCHC,L3,53281103,XR3,34.1
MCHC,L3,53281103,XR3,33.9
MCHC,L3,53281103,XR3,34.1
MCHC,L3,53281103,XR3,34.1
MCHC,L3,53281103,XR3,34.2
MCHC,L3,53281103,XR3,34.1
MCHC,L3,53281103,XR3,34.4
MCHC,L3,53281103,XR3,34.4
MCHC,L3,53281103,XR3,33.5
MCHC,L3,53281103,XR3,34.1
MCHC,L3,60191103,XR3,34.1
MCHC,L3,60191103,XR3,34.1
MCHC,L3,60191103,XR3,34.5
MCHC,L3,60191103,XR3,34.1
MCHC,L3,60191103,XR3,34.3
MCHC,L3,60191103,XR3,34.5
MCHC,L3,60191103,XR3,34.7
MCHC,L3,60191103,XR3,34.1
MCHC,L3,60191103,XR3,34.5
MCHC,L3,60191103,XR3,34.5
MCHC,L3,60191103,XR3,34.3
MCHC,L3,60191103,XR3,34.2
MCHC,L3,60191103,XR3,34.1
MCHC,L3,60191103,XR3,34.4
MCHC,L3,60191103,XR3,34.7
MCHC,L3,60191103,XR3,34.5
MCHC,L3,60191103,XR3,33.5
MCHC,L3,60191103,XR3,33.8
MCHC,L3,60191103,XR3,34.5
MCHC,L3,60191103,XR3,34.0
MCHC,L3,60191103,XR3,34.2
MCHC,L3,60191103,XR3,34.0
MCHC,L3,60191103,XR3,34.2
MCHC,L3,60191103,XR3,34.3
MCHC,L3,60191103,XR3,33.8
MCHC,L3,60191103,XR3,33.8
MCHC,L3,60191103,XR3,34.0
MCHC,L3,60191103,XR3,34.4
MCHC,L3,60191103,XR3,33.9
MCHC,L3,60191103,XR3,34.4
MCHC,L3,60191103,XR3,34.3
MCHC,L3,60191103,XR3,33.8
MCHC,L3,60191103,XR3,34.4
MCHC,L3,60191103,XR3,34.3
MCHC,L3,60191103,XR3,34.7
MCHC,L3,60191103,XR3,34.8
MCHC,L3,60191103,XR3,34.3
MCHC,L3,60191103,XR3,34.4
MCHC,L3,60191103,XR3,33.8
MCHC,L3,60191103,XR3,34.5
MCHC,L3,60191103,XR3,33.9
MCHC,L3,60191103,XR3,34.0
MCHC,L3,60191103,XR3,33.8
MCHC,L3,60191103,XR3,34.0
MCHC,L3,60191103,XR3,34.1
MCHC,L3,60191103,XR3,34.6
MCHC,L3,60191103,XR3,34.7
MCHC,L3,60191103,XR3,33.9
MCHC,L3,60191103,XR3,33.5
MCHC,L3,60191103,XR3,33.7
MCHC,L3,60191103,XR3,34.4
MCHC,L3,60191103,XR3,33.8
MCHC,L3,60191103,XR3,34.1
MCHC,L3,60191103,XR3,34.4
MCHC,L3,60191103,XR3,33.3
MCHC,L3,60191103,XR3,33.7
MCHC,L3,60191103,XR3,33.7
MCHC,L3,60191103,XR3,33.8
MCHC,L3,60191103,XR3,34.1
MCHC,L3,60191103,XR3,33.3
MCHC,L3,60191103,XR3,34.1
MCHC,L3,60191103,XR3,33.9
MCHC,L3,60191103,XR3,33.6
MCHC,L3,60191103,XR3,33.8
MCHC,L3,60191103,XR3,33.9
MCHC,L3,60191103,XR3,34.0
MCHC,L3,60191103,XR3,33.8
MCHC,L3,60191103,XR3,34.0
MCHC,L3,60191103,XR3,34.1
MCHC,L3,60191103,XR3,34.0
MCHC,L3,60191103,XR3,33.5
MCHC,L3,60191103,XR3,33.4
MCHC,L3,60191103,XR3,33.8
MCHC,L3,60191103,XR3,33.6
MCHC,L3,60191103,XR3,33.8
MCHC,L3,60191103,XR3,33.7
MCHC,L3,60191103,XR3,34.0
MCHC,L3,60191103,XR3,33.7
MCHC,L3,60191103,XR3,33.5
MCHC,L3,60191103,XR3,34.2
MCHC,L3,60191103,XR3,33.5
MCHC,L3,60191103,XR3,33.4
MCHC,L3,60191103,XR3,33.3
MCHC,L3,60191103,XR3,33.4
MCHC,L3,60191103,XR3,33.6
MCHC,L3,60191103,XR3,34.0
MCHC,L3,60191103,XR3,33.8
MCHC,L3,60191103,XR3,34.1
MCHC,L3,60191103,XR3,33.4
MCHC,L3,60191103,XR3,33.4
MCHC,L3,60191103,XR3,33.0
MCHC,L3,60191103,XR3,33.5
MCHC,L3,60191103,XR3,33.1
MCHC,L3,60191103,XR3,33.4
MCHC,L3,60191103,XR3,33.4
MCHC,L3,60191103,XR3,33.8
MCHC,L3,60191103,XR3,33.6
MCHC,L3,60191103,XR3,33.3
MCHC,L3,60191103,XR3,33.0
MCHC,L3,60191103,XR3,34.3
MCHC,L3,60191103,XR3,33.5
MCHC,L3,60191103,XR3,33.6
MCHC,L3,60191103,XR3,33.7
MCHC,L3,60191103,XR3,33.8
MCHC,L3,60191103,XR3,33.5
MCHC,L3,60191103,XR3,33.6
MCHC,L3,60191103,XR3,33.5
MCHC,L3,60191103,XR3,33.7
MCHC,L3,60191103,XR3,33.6
MCHC,L3,60191103,XR3,33.9
MCHC,L3,60191103,XR3,33.3
MCHC,L3,60191103,XR3,33.6
MCHC,L3,60191103,XR3,33.6
MCHC,L3,60191103,XR3,33.0
MCHC,L3,60191103,XR3,33.8
MCHC,L3,60191103,XR3,33.5
MCHC,L3,60751103,XR3,34.2
MCHC,L3,60751103,XR3,34.7
MCHC,L3,60751103,XR3,33.8
MCHC,L3,60751103,XR3,34.5
MCHC,L3,60751103,XR3,34.8
MCHC,L3,60751103,XR3,34.6
MCHC,L3,60751103,XR3,35.1
MCHC,L3,60751103,XR3,33.7
MCHC,L3,60751103,XR3,34.0
MCHC,L3,60751103,XR3,33.8
MCHC,L3,60751103,XR3,34.1
MCHC,L3,60751103,XR3,34.1
MCHC,L3,60751103,XR3,34.3
MCHC,L3,60751103,XR3,34.1
MCHC,L3,60751103,XR3,33.9
MCHC,L3,60751103,XR3,33.8
MCHC,L3,60751103,XR3,33.9
MCHC,L3,60751103,XR3,33.7
MCHC,L3,60751103,XR3,33.9
MCHC,L3,60751103,XR3,33.8
MCHC,L3,60751103,XR3,34.2
MCHC,L3,60751103,XR3,34.4
MCHC,L3,60751103,XR3,33.7
MCHC,L3,60751103,XR3,34.0
MCHC,L3,60751103,XR3,33.8
MCHC,L3,60751103,XR3,33.6
MCHC,L3,60751103,XR3,34.2
MCHC,L3,60751103,XR3,33.9
MCHC,L3,60751103,XR3,34.5
MCHC,L3,60751103,XR3,34.0
MCHC,L3,60751103,XR3,33.8
MCHC,L3,60751103,XR3,33.6
MCHC,L3,60751103,XR3,34.4
MCHC,L3,60751103,XR3,33.8
MCHC,L3,60751103,XR3,34.0
MCHC,L3,60751103,XR3,33.6
MCHC,L3,60751103,XR3,34.5
MCHC,L3,60751103,XR3,33.9
MCHC,L3,60751103,XR3,33.6
MCHC,L3,60751103,XR3,33.8
MCHC,L3,60751103,XR3,34.1
MCHC,L3,60751103,XR3,34.2
MCHC,L3,60751103,XR3,34.5
MCHC,L3,60751103,XR3,34.6
MCHC,L3,60751103,XR3,34.4
MCHC,L3,60751103,XR3,33.8
MCHC,L3,60751103,XR3,34.2
MCHC,L3,60751103,XR3,33.7
MCHC,L3,60751103,XR3,33.9
MCHC,L3,60751103,XR3,34.3
MCHC,L3,60751103,XR3,34.4
MCHC,L3,60751103,XR3,34.0
MCHC,L3,60751103,XR3,34.1
MCHC,L3,60751103,XR3,33.9
MCHC,L3,60751103,XR3,34.0
MCHC,L3,60751103,XR3,34.2
MCHC,L3,60751103,XR3,34.0
MCHC,L3,60751103,XR3,34.1
MCHC,L3,60751103,XR3,33.9
MCHC,L3,60751103,XR3,33.9
MCHC,L3,60751103,XR3,33.5
MCHC,L3,60751103,XR3,33.5
MCHC,L3,60751103,XR3,33.8
MCHC,L3,60751103,XR3,34.1
MCHC,L3,60751103,XR3,34.0
MCHC,L3,60751103,XR3,33.9
MCHC,L3,60751103,XR3,34.2
MCHC,L3,60751103,XR3,33.7
MCHC,L3,60751103,XR3,34.5
MCHC,L3,60751103,XR3,33.3
MCHC,L3,60751103,XR3,33.7
MCHC,L3,60751103,XR3,33.8
MCHC,L3,60751103,XR3,33.5
MCHC,L3,60751103,XR3,34.2
MCHC,L3,60751103,XR3,33.6
MCHC,L3,60751103,XR3,34.5
MCHC,L3,60751103,XR3,33.8
MCHC,L3,60751103,XR3,33.8
MCHC,L3,60751103,XR3,33.7
MCHC,L3,60751103,XR3,33.9
MCHC,L3,60751103,XR3,33.8
MCHC,L3,60751103,XR3,34.1
MCHC,L3,60751103,XR3,33.9
MCHC,L3,60751103,XR3,33.3
MCHC,L3,60751103,XR3,33.7
MCHC,L3,60751103,XR3,33.9
MCHC,L3,60751103,XR3,33.9
MCHC,L3,60751103,XR3,34.7
MCHC,L3,60751103,XR3,33.9
MCHC,L3,60751103,XR3,33.8
MCHC,L3,60751103,XR3,34.1
MCHC,L3,60751103,XR3,33.1
MCHC,L3,60751103,XR3,33.8
MCHC,L3,60751103,XR3,33.7
MCHC,L3,60751103,XR3,33.5
MCHC,L3,60751103,XR3,33.9
MCHC,L3,60751103,XR3,33.8
MCHC,L3,60751103,XR3,33.7
MCHC,L3,60751103,XR3,34.1
MCHC,L3,60751103,XR3,33.5
MCHC,L3,60751103,XR3,33.3
MCHC,L3,60751103,XR3,33.9
MCHC,L3,60751103,XR3,33.0
MCHC,L3,60751103,XR3,33.8
MCHC,L3,60751103,XR3,33.7
MCHC,L3,60751103,XR3,34.0
MCHC,L3,61311103,XR3,34.1
MCHC,L3,60751103,XR3,33.6
MCHC,L3,60751103,XR3,33.6
MCHC,L3,60751103,XR3,33.5
MCHC,L3,60751103,XR3,34.1
MCHC,L3,60751103,XR3,33.7
MCHC,L3,60751103,XR3,34.0
MCHC,L3,61311103,XR3,33.8
MCHC,L3,61311103,XR3,33.8
MCHC,L3,61311103,XR3,34.2
MCHC,L3,61311103,XR3,34.4
MCHC,L3,61311103,XR3,34.2
MCHC,L3,61311103,XR3,34.0
MCHC,L3,61311103,XR3,33.9
MCHC,L3,61311103,XR3,34.4
MCHC,L3,61311103,XR3,34.2
MCHC,L3,61311103,XR3,34.1
MCHC,L3,61311103,XR3,33.9
MCHC,L3,61311103,XR3,34.5
MCHC,L3,61311103,XR3,34.1
MCHC,L3,61311103,XR3,34.3
MCHC,L3,61311103,XR3,34.4
MCHC,L3,61311103,XR3,33.8
MCHC,L3,61311103,XR3,34.2
MCHC,L3,61311103,XR3,34.0
MCHC,L3,61311103,XR3,33.6
MCHC,L3,61311103,XR3,34.2
MCHC,L3,61311103,XR3,34.1
MCHC,L3,61311103,XR3,34.8
MCHC,L3,61311103,XR3,34.8
MCHC,L3,61311103,XR3,34.0
MCHC,L3,61311103,XR3,33.5
MCHC,L3,61311103,XR3,34.5
MCHC,L3,61311103,XR3,34.1
MCHC,L3,61311103,XR3,34.0
MCHC,L3,61311103,XR3,34.4
MCHC,L3,61311103,XR3,34.3
MCHC,L3,61311103,XR3,33.8
MCHC,L3,61311103,XR3,34.0
MCHC,L3,61311103,XR3,34.2
MCHC,L3,61311103,XR3,34.2
MCHC,L3,61311103,XR3,33.9
MCHC,L3,61311103,XR3,34.2
MCHC,L3,61311103,XR3,34.1
MCHC,L3,61311103,XR3,34.5
MCHC,L3,61311103,XR3,33.8
MCHC,L3,61311103,XR3,34.2
MCHC,L3,61311103,XR3,34.2
MCHC,L3,61311103,XR3,33.9
MCHC,L3,61311103,XR3,33.9
MCHC,L3,61311103,XR3,34.0
MCHC,L3,61311103,XR3,34.6
MCHC,L3,61311103,XR3,34.4
MCHC,L3,61311103,XR3,33.7
MCHC,L3,61311103,XR3,33.6
MCHC,L3,61311103,XR3,34.1
MCHC,L3,61311103,XR3,34.6
MCHC,L3,61311103,XR3,34.5
MCHC,L3,61311103,XR3,34.5
MCHC,L3,61311103,XR3,34.1
MCHC,L3,61311103,XR3,34.1
MCHC,L3,61311103,XR3,34.2
MCHC,L3,61311103,XR3,34.0
MCHC,L3,61311103,XR3,34.1
MCHC,L3,61311103,XR3,34.5
MCHC,L3,61311103,XR3,34.2
MCHC,L3,61311103,XR3,34.2
MCHC,L3,61311103,XR3,34.1
MCHC,L3,61311103,XR3,33.8
MCHC,L3,61311103,XR3,34.1
MCHC,L3,61311103,XR3,33.4
MCHC,L3,61311103,XR3,33.8
MCHC,L3,61311103,XR3,33.9
MCHC,L3,61311103,XR3,34.1
MCHC,L3,61311103,XR3,34.4
MCHC,L3,61311103,XR3,34.2
MCHC,L3,61311103,XR3,34.0
MCHC,L3,61311103,XR3,34.2
MCHC,L3,61311103,XR3,33.8
MCHC,L3,61311103,XR3,33.3
MCHC,L3,61311103,XR3,34.4
MCHC,L3,61311103,XR3,34.1
MCHC,L3,61311103,XR3,34.2
MCHC,L3,61311103,XR3,33.8
MCHC,L3,61311103,XR3,33.7
MCHC,L3,61311103,XR3,33.8
MCHC,L3,61311103,XR3,33.6
MCHC,L3,61311103,XR3,34.0
MCHC,L3,61311103,XR3,34.1
MCHC,L3,61311103,XR3,34.1
MCHC,L3,61311103,XR3,34.3
MCHC,L3,61311103,XR3,33.6
MCHC,L3,61311103,XR3,33.6
MCHC,L3,61311103,XR3,33.3
MCHC,L3,61311103,XR3,34.3
MCHC,L3,61311103,XR3,33.5
MCHC,L3,61311103,XR3,34.2
MCHC,L3,61311103,XR3,34.0
MCHC,L3,61311103,XR3,33.6
MCHC,L3,61311103,XR3,33.6
MCHC,L3,61311103,XR3,33.8
Platelets fluorescent,L1,53281101,XR2,86.0
Platelets fluorescent,L1,53281101,XR2,86.0
Platelets fluorescent,L1,53281101,XR2,86.0
Platelets fluorescent,L1,53281101,XR2,85.0
Platelets fluorescent,L1,53281101,XR2,86.0
Platelets fluorescent,L1,53281101,XR2,84.0
Platelets fluorescent,L1,53281101,XR2,87.0
Platelets fluorescent,L1,53281101,XR2,85.0
Platelets fluorescent,L1,53281101,XR2,85.0
Platelets fluorescent,L1,53281101,XR2,85.0
Platelets fluorescent,L1,53281101,XR2,86.0
Platelets fluorescent,L1,53281101,XR2,85.0
Platelets fluorescent,L1,53281101,XR2,82.0
Platelets fluorescent,L1,53281101,XR2,86.0
Platelets fluorescent,L1,53281101,XR2,86.0
Platelets fluorescent,L1,53281101,XR2,86.0
Platelets fluorescent,L1,53281101,XR2,86.0
Platelets fluorescent,L1,53281101,XR2,87.0
Platelets fluorescent,L1,53281101,XR2,86.0
Platelets fluorescent,L1,53281101,XR2,85.0
Platelets fluorescent,L1,53281101,XR2,82.0
Platelets fluorescent,L1,53281101,XR2,83.0
Platelets fluorescent,L1,53281101,XR2,85.0
Platelets fluorescent,L1,53281101,XR2,85.0
Platelets fluorescent,L1,53281101,XR2,86.0
Platelets fluorescent,L1,53281101,XR2,86.0
Platelets fluorescent,L1,53281101,XR2,87.0
Platelets fluorescent,L1,53281101,XR2,85.0
Platelets fluorescent,L1,53281101,XR2,86.0
Platelets fluorescent,L1,53281101,XR2,86.0
Platelets fluorescent,L1,53281101,XR2,86.0
Platelets fluorescent,L1,53281101,XR2,86.0
Platelets fluorescent,L1,53281101,XR2,84.0
Platelets fluorescent,L1,53281101,XR2,84.0
Platelets fluorescent,L1,53281101,XR2,84.0
Platelets fluorescent,L1,53281101,XR2,86.0
Platelets fluorescent,L1,53281101,XR2,87.0
Platelets fluorescent,L1,53281101,XR2,86.0
Platelets fluorescent,L1,53281101,XR2,86.0
Platelets fluorescent,L1,53281101,XR2,86.0
Platelets fluorescent,L1,53281101,XR2,87.0
Platelets fluorescent,L1,53281101,XR2,86.0
Platelets fluorescent,L1,53281101,XR2,85.0
Platelets fluorescent,L1,53281101,XR2,84.0
Platelets fluorescent,L1,53281101,XR2,87.0
Platelets fluorescent,L1,53281101,XR2,86.0
Platelets fluorescent,L1,53281101,XR2,85.0
Platelets fluorescent,L1,53281101,XR2,88.0
Platelets fluorescent,L1,53281101,XR2,84.0
Platelets fluorescent,L1,53281101,XR2,88.0
Platelets fluorescent,L1,53281101,XR2,83.0
Platelets fluorescent,L1,53281101,XR2,88.0
Platelets fluorescent,L1,53281101,XR2,85.0
Platelets fluorescent,L1,53281101,XR2,86.0
Platelets fluorescent,L1,53281101,XR2,84.0
Platelets fluorescent,L1,60191101,XR2,82.0
Platelets fluorescent,L1,53281101,XR2,84.0
Platelets fluorescent,L1,53281101,XR2,86.0
Platelets fluorescent,L1,60191101,XR2,78.0
Platelets fluorescent,L1,60191101,XR2,82.0
Platelets fluorescent,L1,60191101,XR2,78.0
Platelets fluorescent,L1,60191101,XR2,82.0
Platelets fluorescent,L1,60191101,XR2,82.0
Platelets fluorescent,L1,60191101,XR2,80.0
Platelets fluorescent,L1,60191101,XR2,81.0
Platelets fluorescent,L1,60191101,XR2,81.0
Platelets fluorescent,L1,60191101,XR2,78.0
Platelets fluorescent,L1,60191101,XR2,81.0
Platelets fluorescent,L1,60191101,XR2,82.0
Platelets fluorescent,L1,60191101,XR2,84.0
Platelets fluorescent,L1,60191101,XR2,80.0
Platelets fluorescent,L1,60191101,XR2,81.0
Platelets fluorescent,L1,60191101,XR2,83.0
Platelets fluorescent,L1,60191101,XR2,83.0
Platelets fluorescent,L1,60191101,XR2,83.0
Platelets fluorescent,L1,60191101,XR2,81.0
Platelets fluorescent,L1,60191101,XR2,82.0
Platelets fluorescent,L1,60191101,XR2,79.0
Platelets fluorescent,L1,60191101,XR2,85.0
Platelets fluorescent,L1,60191101,XR2,82.0
Platelets fluorescent,L1,60191101,XR2,82.0
Platelets fluorescent,L1,60191101,XR2,83.0
Platelets fluorescent,L1,60191101,XR2,83.0
Platelets fluorescent,L1,60191101,XR2,80.0
Platelets fluorescent,L1,60191101,XR2,82.0
Platelets fluorescent,L1,60191101,XR2,82.0
Platelets fluorescent,L1,60191101,XR2,81.0
Platelets fluorescent,L1,60191101,XR2,82.0
Platelets fluorescent,L1,60191101,XR2,82.0
Platelets fluorescent,L1,60191101,XR2,82.0
Platelets fluorescent,L1,60191101,XR2,81.0
Platelets fluorescent,L1,60191101,XR2,84.0
Platelets fluorescent,L1,60191101,XR2,82.0
Platelets fluorescent,L1,60191101,XR2,82.0
Platelets fluorescent,L1,60191101,XR2,83.0
Platelets fluorescent,L1,60191101,XR2,84.0
Platelets fluorescent,L1,60191101,XR2,81.0
Platelets fluorescent,L1,60191101,XR2,81.0
Platelets fluorescent,L1,60191101,XR2,79.0
Platelets fluorescent,L1,60191101,XR2,85.0
Platelets fluorescent,L1,60191101,XR2,82.0
Platelets fluorescent,L1,60191101,XR2,83.0
Platelets fluorescent,L1,60191101,XR2,80.0
Platelets fluorescent,L1,60191101,XR2,83.0
Platelets fluorescent,L1,60191101,XR2,82.0
Platelets fluorescent,L1,60191101,XR2,83.0
Platelets fluorescent,L1,60191101,XR2,81.0
Platelets fluorescent,L1,60191101,XR2,81.0
Platelets fluorescent,L1,60191101,XR2,84.0
Platelets fluorescent,L1,60191101,XR2,82.0
Platelets fluorescent,L1,60191101,XR2,81.0
Platelets fluorescent,L1,60191101,XR2,82.0
Platelets fluorescent,L1,60191101,XR2,82.0
Platelets fluorescent,L1,60191101,XR2,82.0
Platelets fluorescent,L1,60191101,XR2,83.0
Platelets fluorescent,L1,60191101,XR2,81.0
Platelets fluorescent,L1,60191101,XR2,83.0
Platelets fluorescent,L1,60191101,XR2,81.0
Platelets fluorescent,L1,60191101,XR2,78.0
Platelets fluorescent,L1,60191101,XR2,76.0
Platelets fluorescent,L1,60191101,XR2,79.0
Platelets fluorescent,L1,60191101,XR2,79.0
Platelets fluorescent,L1,60191101,XR2,78.0
Platelets fluorescent,L1,60191101,XR2,78.0
Platelets fluorescent,L1,60191101,XR2,79.0
Platelets fluorescent,L1,60191101,XR2,80.0
Platelets fluorescent,L1,60191101,XR2,79.0
Platelets fluorescent,L1,60191101,XR2,77.0
Platelets fluorescent,L1,60191101,XR2,79.0
Platelets fluorescent,L1,60191101,XR2,79.0
Platelets fluorescent,L1,60191101,XR2,79.0
Platelets fluorescent,L1,60191101,XR2,79.0
Platelets fluorescent,L1,60191101,XR2,78.0
Platelets fluorescent,L1,60191101,XR2,79.0
Platelets fluorescent,L1,60191101,XR2,79.0
Platelets fluorescent,L1,60191101,XR2,79.0
Platelets fluorescent,L1,60191101,XR2,79.0
Platelets fluorescent,L1,60191101,XR2,77.0
Platelets fluorescent,L1,60191101,XR2,78.0
Platelets fluorescent,L1,60191101,XR2,78.0
Platelets fluorescent,L1,60191101,XR2,78.0
Platelets fluorescent,L1,60191101,XR2,81.0
Platelets fluorescent,L1,60191101,XR2,78.0
Platelets fluorescent,L1,60191101,XR2,78.0
Platelets fluorescent,L1,60191101,XR2,79.0
Platelets fluorescent,L1,60191101,XR2,79.0
Platelets fluorescent,L1,60191101,XR2,79.0
Platelets fluorescent,L1,60191101,XR2,79.0
Platelets fluorescent,L1,60191101,XR2,80.0
Platelets fluorescent,L1,60191101,XR2,80.0
Platelets fluorescent,L1,60191101,XR2,77.0
Platelets fluorescent,L1,60191101,XR2,76.0
Platelets fluorescent,L1,60191101,XR2,76.0
Platelets fluorescent,L1,60191101,XR2,80.0
Platelets fluorescent,L1,60191101,XR2,77.0
Platelets fluorescent,L1,60191101,XR2,81.0
Platelets fluorescent,L1,60191101,XR2,76.0
Platelets fluorescent,L1,60191101,XR2,80.0
Platelets fluorescent,L1,60191101,XR2,77.0
Platelets fluorescent,L1,60191101,XR2,79.0
Platelets fluorescent,L1,60191101,XR2,78.0
Platelets fluorescent,L1,60191101,XR2,78.0
Platelets fluorescent,L1,60191101,XR2,81.0
Platelets fluorescent,L1,60191101,XR2,79.0
Platelets fluorescent,L1,60191101,XR2,76.0
Platelets fluorescent,L1,60191101,XR2,78.0
Platelets fluorescent,L1,60191101,XR2,78.0
Platelets fluorescent,L1,60191101,XR2,76.0
Platelets fluorescent,L1,60191101,XR2,80.0
Platelets fluorescent,L1,60191101,XR2,78.0
Platelets fluorescent,L1,60191101,XR2,77.0
Platelets fluorescent,L1,60191101,XR2,76.0
Platelets fluorescent,L1,60751101,XR2,78.0
Platelets fluorescent,L1,60751101,XR2,77.0
Platelets fluorescent,L1,60751101,XR2,81.0
Platelets fluorescent,L1,60751101,XR2,79.0
Platelets fluorescent,L1,60751101,XR2,78.0
Platelets fluorescent,L1,60751101,XR2,79.0
Platelets fluorescent,L1,60751101,XR2,80.0
Platelets fluorescent,L1,60751101,XR2,78.0
Platelets fluorescent,L1,60751101,XR2,78.0
Platelets fluorescent,L1,60751101,XR2,79.0
Platelets fluorescent,L1,60751101,XR2,76.0
Platelets fluorescent,L1,60751101,XR2,80.0
Platelets fluorescent,L1,60751101,XR2,80.0
Platelets fluorescent,L1,60751101,XR2,79.0
Platelets fluorescent,L1,60751101,XR2,82.0
Platelets fluorescent,L1,60751101,XR2,79.0
Platelets fluorescent,L1,60751101,XR2,80.0
Platelets fluorescent,L1,60751101,XR2,80.0
Platelets fluorescent,L1,60751101,XR2,80.0
Platelets fluorescent,L1,60751101,XR2,78.0
Platelets fluorescent,L1,60751101,XR2,78.0
Platelets fluorescent,L1,60751101,XR2,83.0
Platelets fluorescent,L1,60751101,XR2,81.0
Platelets fluorescent,L1,60751101,XR2,80.0
Platelets fluorescent,L1,60751101,XR2,79.0
Platelets fluorescent,L1,60751101,XR2,81.0
Platelets fluorescent,L1,60751101,XR2,79.0
Platelets fluorescent,L1,60751101,XR2,78.0
Platelets fluorescent,L1,60751101,XR2,81.0
Platelets fluorescent,L1,60751101,XR2,79.0
Platelets fluorescent,L1,60751101,XR2,80.0
Platelets fluorescent,L1,60751101,XR2,79.0
Platelets fluorescent,L1,60751101,XR2,78.0
Platelets fluorescent,L1,60751101,XR2,80.0
Platelets fluorescent,L1,60751101,XR2,80.0
Platelets fluorescent,L1,60751101,XR2,80.0
Platelets fluorescent,L1,60751101,XR2,79.0
Platelets fluorescent,L1,60751101,XR2,81.0
Platelets fluorescent,L1,60751101,XR2,79.0
Platelets fluorescent,L1,60751101,XR2,78.0
Platelets fluorescent,L1,60751101,XR2,81.0
Platelets fluorescent,L1,60751101,XR2,78.0
Platelets fluorescent,L1,60751101,XR2,81.0
Platelets fluorescent,L1,60751101,XR2,80.0
Platelets fluorescent,L1,60751101,XR2,81.0
Platelets fluorescent,L1,60751101,XR2,80.0
Platelets fluorescent,L1,60751101,XR2,77.0
Platelets fluorescent,L1,60751101,XR2,78.0
Platelets fluorescent,L1,60751101,XR2,78.0
Platelets fluorescent,L1,60751101,XR2,79.0
Platelets fluorescent,L1,60751101,XR2,81.0
Platelets fluorescent,L1,60751101,XR2,79.0
Platelets fluorescent,L1,60751101,XR2,82.0
Platelets fluorescent,L1,60751101,XR2,78.0
Platelets fluorescent,L1,60751101,XR2,80.0
Platelets fluorescent,L1,60751101,XR2,75.0
Platelets fluorescent,L1,60751101,XR2,80.0
Platelets fluorescent,L1,60751101,XR2,79.0
Platelets fluorescent,L1,60751101,XR2,81.0
Platelets fluorescent,L1,60751101,XR2,80.0
Platelets fluorescent,L1,60751101,XR2,79.0
Platelets fluorescent,L1,60751101,XR2,79.0
Platelets fluorescent,L1,60751101,XR2,80.0
Platelets fluorescent,L1,60751101,XR2,79.0
Platelets fluorescent,L1,60751101,XR2,78.0
Platelets fluorescent,L1,60751101,XR2,79.0
Platelets fluorescent,L1,60751101,XR2,80.0
Platelets fluorescent,L1,60751101,XR2,82.0
Platelets fluorescent,L1,60751101,XR2,79.0
Platelets fluorescent,L1,60751101,XR2,76.0
Platelets fluorescent,L1,60751101,XR2,79.0
Platelets fluorescent,L1,60751101,XR2,82.0
Platelets fluorescent,L1,60751101,XR2,79.0
Platelets fluorescent,L1,60751101,XR2,81.0
Platelets fluorescent,L1,60751101,XR2,81.0
Platelets fluorescent,L1,60751101,XR2,82.0
Platelets fluorescent,L1,60751101,XR2,79.0
Platelets fluorescent,L1,60751101,XR2,78.0
Platelets fluorescent,L1,60751101,XR2,81.0
Platelets fluorescent,L1,60751101,XR2,80.0
Platelets fluorescent,L1,60751101,XR2,80.0
Platelets fluorescent,L1,60751101,XR2,81.0
Platelets fluorescent,L1,60751101,XR2,81.0
Platelets fluorescent,L1,60751101,XR2,79.0
Platelets fluorescent,L1,60751101,XR2,78.0
Platelets fluorescent,L1,60751101,XR2,82.0
Platelets fluorescent,L1,60751101,XR2,79.0
Platelets fluorescent,L1,60751101,XR2,82.0
Platelets fluorescent,L1,60751101,XR2,79.0
Platelets fluorescent,L1,60751101,XR2,82.0
Platelets fluorescent,L1,60751101,XR2,80.0
Platelets fluorescent,L1,60751101,XR2,81.0
Platelets fluorescent,L1,60751101,XR2,82.0
Platelets fluorescent,L1,60751101,XR2,79.0
Platelets fluorescent,L1,60751101,XR2,79.0
Platelets fluorescent,L1,60751101,XR2,81.0
Platelets fluorescent,L1,60751101,XR2,80.0
Platelets fluorescent,L1,60751101,XR2,82.0
Platelets fluorescent,L1,60751101,XR2,81.0
Platelets fluorescent,L1,60751101,XR2,81.0
Platelets fluorescent,L1,60751101,XR2,81.0
Platelets fluorescent,L1,60751101,XR2,79.0
Platelets fluorescent,L1,60751101,XR2,78.0
Platelets fluorescent,L1,60751101,XR2,81.0
Platelets fluorescent,L1,60751101,XR2,79.0
Platelets fluorescent,L1,60751101,XR2,79.0
Platelets fluorescent,L1,60751101,XR2,79.0
Platelets fluorescent,L1,60751101,XR2,81.0
Platelets fluorescent,L1,60751101,XR2,81.0
Platelets fluorescent,L1,60751101,XR2,79.0
Platelets fluorescent,L1,60751101,XR2,79.0
Platelets fluorescent,L1,60751101,XR2,78.0
Platelets fluorescent,L1,60751101,XR2,78.0
Platelets fluorescent,L1,60751101,XR2,81.0
Platelets fluorescent,L1,60751101,XR2,81.0
Platelets fluorescent,L1,61311101,XR2,79.0
Platelets fluorescent,L1,61311101,XR2,81.0
Platelets fluorescent,L1,61311101,XR2,80.0
Platelets fluorescent,L1,61311101,XR2,79.0
Platelets fluorescent,L1,61311101,XR2,81.0
Platelets fluorescent,L1,61311101,XR2,81.0
Platelets fluorescent,L1,61311101,XR2,83.0
Platelets fluorescent,L1,61311101,XR2,82.0
Platelets fluorescent,L1,61311101,XR2,81.0
Platelets fluorescent,L1,61311101,XR2,80.0
Platelets fluorescent,L1,61311101,XR2,81.0
Platelets fluorescent,L1,61311101,XR2,79.0
Platelets fluorescent,L1,61311101,XR2,82.0
Platelets fluorescent,L1,61311101,XR2,80.0
Platelets fluorescent,L1,61311101,XR2,82.0
Platelets fluorescent,L1,61311101,XR2,80.0
Platelets fluorescent,L1,61311101,XR2,81.0
Platelets fluorescent,L1,61311101,XR2,82.0
Platelets fluorescent,L1,61311101,XR2,80.0
Platelets fluorescent,L1,61311101,XR2,81.0
Platelets fluorescent,L1,61311101,XR2,84.0
Platelets fluorescent,L1,61311101,XR2,81.0
Platelets fluorescent,L1,61311101,XR2,80.0
Platelets fluorescent,L1,61311101,XR2,82.0
Platelets fluorescent,L1,61311101,XR2,80.0
Platelets fluorescent,L1,61311101,XR2,80.0
Platelets fluorescent,L1,61311101,XR2,83.0
Platelets fluorescent,L1,61311101,XR2,81.0
Platelets fluorescent,L1,61311101,XR2,81.0
Platelets fluorescent,L1,61311101,XR2,80.0
Platelets fluorescent,L1,61311101,XR2,82.0
Platelets fluorescent,L1,61311101,XR2,80.0
Platelets fluorescent,L1,61311101,XR2,82.0
Platelets fluorescent,L1,61311101,XR2,82.0
Platelets fluorescent,L1,61311101,XR2,79.0
Platelets fluorescent,L1,61311101,XR2,81.0
Platelets fluorescent,L1,61311101,XR2,80.0
Platelets fluorescent,L1,61311101,XR2,82.0
Platelets fluorescent,L1,61311101,XR2,80.0
Platelets fluorescent,L1,61311101,XR2,82.0
Platelets fluorescent,L1,61311101,XR2,79.0
Platelets fluorescent,L1,61311101,XR2,80.0
Platelets fluorescent,L1,61311101,XR2,79.0
Platelets fluorescent,L1,61311101,XR2,81.0
Platelets fluorescent,L1,61311101,XR2,82.0
Platelets fluorescent,L1,61311101,XR2,82.0
Platelets fluorescent,L1,61311101,XR2,83.0
Platelets fluorescent,L1,61311101,XR2,80.0
Platelets fluorescent,L1,61311101,XR2,80.0
Platelets fluorescent,L1,61311101,XR2,83.0
Platelets fluorescent,L1,61311101,XR2,81.0
Platelets fluorescent,L1,61311101,XR2,81.0
Platelets fluorescent,L1,61311101,XR2,81.0
Platelets fluorescent,L1,61311101,XR2,83.0
Platelets fluorescent,L1,61311101,XR2,82.0
Platelets fluorescent,L1,61311101,XR2,81.0
Platelets fluorescent,L1,61311101,XR2,83.0
Platelets fluorescent,L1,61311101,XR2,80.0
Platelets fluorescent,L1,61311101,XR2,79.0
Platelets fluorescent,L1,61311101,XR2,78.0
Platelets fluorescent,L1,61311101,XR2,83.0
Platelets fluorescent,L1,61311101,XR2,83.0
Platelets fluorescent,L1,61311101,XR2,83.0
Platelets fluorescent,L1,61311101,XR2,80.0
Platelets fluorescent,L1,61311101,XR2,81.0
Platelets fluorescent,L1,61311101,XR2,82.0
Platelets fluorescent,L1,61311101,XR2,80.0
Platelets fluorescent,L1,61311101,XR2,81.0
Platelets fluorescent,L1,61311101,XR2,81.0
Platelets fluorescent,L1,61311101,XR2,82.0
Platelets fluorescent,L1,61311101,XR2,80.0
Platelets fluorescent,L1,61311101,XR2,81.0
Platelets fluorescent,L1,61311101,XR2,80.0
Platelets fluorescent,L1,61311101,XR2,80.0
Platelets fluorescent,L1,61311101,XR2,83.0
Platelets fluorescent,L1,61311101,XR2,81.0
Platelets fluorescent,L1,61311101,XR2,81.0
Platelets fluorescent,L1,61311101,XR2,83.0
Platelets fluorescent,L1,61311101,XR2,80.0
Platelets fluorescent,L1,61311101,XR2,81.0
Platelets fluorescent,L1,61311101,XR2,81.0
Platelets fluorescent,L1,61311101,XR2,85.0
Platelets fluorescent,L1,61311101,XR2,80.0
Platelets fluorescent,L1,61311101,XR2,81.0
Platelets fluorescent,L1,61311101,XR2,82.0
Platelets fluorescent,L1,61311101,XR2,83.0
Platelets fluorescent,L1,61311101,XR2,81.0
Platelets fluorescent,L1,61311101,XR2,79.0
Platelets fluorescent,L1,61311101,XR2,85.0
Platelets fluorescent,L1,61311101,XR2,80.0
Platelets fluorescent,L1,61311101,XR2,81.0
Platelets fluorescent,L1,61311101,XR2,82.0
Platelets fluorescent,L1,61311101,XR2,80.0
Platelets fluorescent,L1,61311101,XR2,82.0
Platelets fluorescent,L1,61311101,XR2,81.0
Platelets fluorescent,L1,61311101,XR2,79.0
Platelets fluorescent,L1,61311101,XR2,80.0
Platelets fluorescent,L1,61311101,XR2,81.0
Platelets fluorescent,L2,53281102,XR2,278.0
Platelets fluorescent,L2,53281102,XR2,275.0
Platelets fluorescent,L2,53281102,XR2,271.0
Platelets fluorescent,L2,53281102,XR2,273.0
Platelets fluorescent,L2,53281102,XR2,277.0
Platelets fluorescent,L2,53281102,XR2,277.0
Platelets fluorescent,L2,53281102,XR2,271.0
Platelets fluorescent,L2,53281102,XR2,268.0
Platelets fluorescent,L2,53281102,XR2,274.0
Platelets fluorescent,L2,53281102,XR2,276.0
Platelets fluorescent,L2,53281102,XR2,269.0
Platelets fluorescent,L2,53281102,XR2,274.0
Platelets fluorescent,L2,53281102,XR2,279.0
Platelets fluorescent,L2,53281102,XR2,281.0
Platelets fluorescent,L2,53281102,XR2,275.0
Platelets fluorescent,L2,53281102,XR2,279.0
Platelets fluorescent,L2,53281102,XR2,275.0
Platelets fluorescent,L2,53281102,XR2,286.0
Platelets fluorescent,L2,53281102,XR2,279.0
Platelets fluorescent,L2,53281102,XR2,283.0
Platelets fluorescent,L2,53281102,XR2,271.0
Platelets fluorescent,L2,53281102,XR2,275.0
Platelets fluorescent,L2,53281102,XR2,267.0
Platelets fluorescent,L2,53281102,XR2,276.0
Platelets fluorescent,L2,53281102,XR2,275.0
Platelets fluorescent,L2,53281102,XR2,267.0
Platelets fluorescent,L2,53281102,XR2,271.0
Platelets fluorescent,L2,53281102,XR2,274.0
Platelets fluorescent,L2,53281102,XR2,274.0
Platelets fluorescent,L2,53281102,XR2,271.0
Platelets fluorescent,L2,53281102,XR2,272.0
Platelets fluorescent,L2,53281102,XR2,268.0
Platelets fluorescent,L2,53281102,XR2,269.0
Platelets fluorescent,L2,53281102,XR2,282.0
Platelets fluorescent,L2,53281102,XR2,273.0
Platelets fluorescent,L2,53281102,XR2,269.0
Platelets fluorescent,L2,53281102,XR2,270.0
Platelets fluorescent,L2,53281102,XR2,272.0
Platelets fluorescent,L2,53281102,XR2,268.0
Platelets fluorescent,L2,53281102,XR2,272.0
Platelets fluorescent,L2,53281102,XR2,273.0
Platelets fluorescent,L2,53281102,XR2,279.0
Platelets fluorescent,L2,53281102,XR2,281.0
Platelets fluorescent,L2,53281102,XR2,277.0
Platelets fluorescent,L2,53281102,XR2,279.0
Platelets fluorescent,L2,53281102,XR2,271.0
Platelets fluorescent,L2,53281102,XR2,272.0
Platelets fluorescent,L2,53281102,XR2,270.0
Platelets fluorescent,L2,53281102,XR2,277.0
Platelets fluorescent,L2,53281102,XR2,275.0
Platelets fluorescent,L2,53281102,XR2,276.0
Platelets fluorescent,L2,53281102,XR2,274.0
Platelets fluorescent,L2,53281102,XR2,278.0
Platelets fluorescent,L2,53281102,XR2,276.0
Platelets fluorescent,L2,53281102,XR2,271.0
Platelets fluorescent,L2,53281102,XR2,275.0
Platelets fluorescent,L2,53281102,XR2,281.0
Platelets fluorescent,L2,53281102,XR2,280.0
Platelets fluorescent,L2,53281102,XR2,269.0
Platelets fluorescent,L2,53281102,XR2,276.0
Platelets fluorescent,L2,53281102,XR2,276.0
Platelets fluorescent,L2,53281102,XR2,278.0
Platelets fluorescent,L2,53281102,XR2,277.0
Platelets fluorescent,L2,53281102,XR2,272.0
Platelets fluorescent,L2,53281102,XR2,272.0
Platelets fluorescent,L2,53281102,XR2,282.0
Platelets fluorescent,L2,53281102,XR2,279.0
Platelets fluorescent,L2,53281102,XR2,280.0
Platelets fluorescent,L2,53281102,XR2,283.0
Platelets fluorescent,L2,53281102,XR2,278.0
Platelets fluorescent,L2,53281102,XR2,276.0
Platelets fluorescent,L2,53281102,XR2,281.0
Platelets fluorescent,L2,53281102,XR2,279.0
Platelets fluorescent,L2,53281102,XR2,277.0
Platelets fluorescent,L2,53281102,XR2,282.0
Platelets fluorescent,L2,53281102,XR2,284.0
Platelets fluorescent,L2,53281102,XR2,282.0
Platelets fluorescent,L2,53281102,XR2,283.0
Platelets fluorescent,L2,53281102,XR2,281.0
Platelets fluorescent,L2,53281102,XR2,280.0
Platelets fluorescent,L2,53281102,XR2,279.0
Platelets fluorescent,L2,53281102,XR2,278.0
Platelets fluorescent,L2,53281102,XR2,274.0
Platelets fluorescent,L2,53281102,XR2,280.0
Platelets fluorescent,L2,53281102,XR2,276.0
Platelets fluorescent,L2,53281102,XR2,285.0
Platelets fluorescent,L2,53281102,XR2,281.0
Platelets fluorescent,L2,53281102,XR2,280.0
Platelets fluorescent,L2,53281102,XR2,279.0
Platelets fluorescent,L2,53281102,XR2,277.0
Platelets fluorescent,L2,53281102,XR2,279.0
Platelets fluorescent,L2,53281102,XR2,278.0
Platelets fluorescent,L2,53281102,XR2,279.0
Platelets fluorescent,L2,53281102,XR2,288.0
Platelets fluorescent,L2,53281102,XR2,282.0
Platelets fluorescent,L2,53281102,XR2,280.0
Platelets fluorescent,L2,53281102,XR2,275.0
Platelets fluorescent,L2,53281102,XR2,288.0
Platelets fluorescent,L2,53281102,XR2,291.0
Platelets fluorescent,L2,53281102,XR2,279.0
Platelets fluorescent,L2,53281102,XR2,279.0
Platelets fluorescent,L2,53281102,XR2,292.0
Platelets fluorescent,L2,53281102,XR2,285.0
Platelets fluorescent,L2,53281102,XR2,292.0
Platelets fluorescent,L2,53281102,XR2,282.0
Platelets fluorescent,L2,53281102,XR2,277.0
Platelets fluorescent,L2,53281102,XR2,278.0
Platelets fluorescent,L2,53281102,XR2,285.0
Platelets fluorescent,L2,53281102,XR2,274.0
Platelets fluorescent,L2,53281102,XR2,279.0
Platelets fluorescent,L2,53281102,XR2,283.0
Platelets fluorescent,L2,53281102,XR2,275.0
Platelets fluorescent,L2,53281102,XR2,280.0
Platelets fluorescent,L2,53281102,XR2,284.0
Platelets fluorescent,L2,53281102,XR2,280.0
Platelets fluorescent,L2,53281102,XR2,278.0
Platelets fluorescent,L2,53281102,XR2,287.0
Platelets fluorescent,L2,53281102,XR2,288.0
Platelets fluorescent,L2,53281102,XR2,282.0
Platelets fluorescent,L2,53281102,XR2,292.0
Platelets fluorescent,L2,53281102,XR2,281.0
Platelets fluorescent,L2,53281102,XR2,281.0
Platelets fluorescent,L2,53281102,XR2,280.0
Platelets fluorescent,L2,53281102,XR2,280.0
Platelets fluorescent,L2,53281102,XR2,280.0
Platelets fluorescent,L2,53281102,XR2,284.0
Platelets fluorescent,L2,53281102,XR2,286.0
Platelets fluorescent,L2,53281102,XR2,287.0
Platelets fluorescent,L2,53281102,XR2,288.0
Platelets fluorescent,L2,53281102,XR2,287.0
Platelets fluorescent,L2,53281102,XR2,290.0
Platelets fluorescent,L2,53281102,XR2,288.0
Platelets fluorescent,L2,53281102,XR2,282.0
Platelets fluorescent,L2,53281102,XR2,288.0
Platelets fluorescent,L2,53281102,XR2,294.0
Platelets fluorescent,L2,53281102,XR2,281.0
Platelets fluorescent,L2,53281102,XR2,284.0
Platelets fluorescent,L2,53281102,XR2,286.0
Platelets fluorescent,L2,53281102,XR2,288.0
Platelets fluorescent,L2,53281102,XR2,280.0
Platelets fluorescent,L2,53281102,XR2,285.0
Platelets fluorescent,L2,53281102,XR2,285.0
Platelets fluorescent,L2,53281102,XR2,285.0
Platelets fluorescent,L2,53281102,XR2,290.0
Platelets fluorescent,L2,53281102,XR2,291.0
Platelets fluorescent,L2,53281102,XR2,296.0
Platelets fluorescent,L2,53281102,XR2,286.0
Platelets fluorescent,L2,53281102,XR2,293.0
Platelets fluorescent,L2,53281102,XR2,296.0
Platelets fluorescent,L2,53281102,XR2,298.0
Platelets fluorescent,L2,60191102,XR2,261.0
Platelets fluorescent,L2,53281102,XR2,283.0
Platelets fluorescent,L2,53281102,XR2,283.0
Platelets fluorescent,L2,53281102,XR2,288.0
Platelets fluorescent,L2,53281102,XR2,286.0
Platelets fluorescent,L2,53281102,XR2,286.0
Platelets fluorescent,L2,53281102,XR2,286.0
Platelets fluorescent,L2,53281102,XR2,288.0
Platelets fluorescent,L2,60191102,XR2,257.0
Platelets fluorescent,L2,60191102,XR2,259.0
Platelets fluorescent,L2,60191102,XR2,267.0
Platelets fluorescent,L2,60191102,XR2,255.0
Platelets fluorescent,L2,60191102,XR2,254.0
Platelets fluorescent,L2,60191102,XR2,266.0
Platelets fluorescent,L2,60191102,XR2,262.0
Platelets fluorescent,L2,60191102,XR2,260.0
Platelets fluorescent,L2,60191102,XR2,259.0
Platelets fluorescent,L2,60191102,XR2,261.0
Platelets fluorescent,L2,60191102,XR2,259.0
Platelets fluorescent,L2,60191102,XR2,264.0
Platelets fluorescent,L2,60191102,XR2,264.0
Platelets fluorescent,L2,60191102,XR2,263.0
Platelets fluorescent,L2,60191102,XR2,265.0
Platelets fluorescent,L2,60191102,XR2,257.0
Platelets fluorescent,L2,60191102,XR2,267.0
Platelets fluorescent,L2,60191102,XR2,259.0
Platelets fluorescent,L2,60191102,XR2,259.0
Platelets fluorescent,L2,60191102,XR2,264.0
Platelets fluorescent,L2,60191102,XR2,264.0
Platelets fluorescent,L2,60191102,XR2,264.0
Platelets fluorescent,L2,60191102,XR2,264.0
Platelets fluorescent,L2,60191102,XR2,266.0
Platelets fluorescent,L2,60191102,XR2,259.0
Platelets fluorescent,L2,60191102,XR2,261.0
Platelets fluorescent,L2,60191102,XR2,267.0
Platelets fluorescent,L2,60191102,XR2,257.0
Platelets fluorescent,L2,60191102,XR2,258.0
Platelets fluorescent,L2,60191102,XR2,260.0
Platelets fluorescent,L2,60191102,XR2,259.0
Platelets fluorescent,L2,60191102,XR2,265.0
Platelets fluorescent,L2,60191102,XR2,263.0
Platelets fluorescent,L2,60191102,XR2,261.0
Platelets fluorescent,L2,60191102,XR2,265.0
Platelets fluorescent,L2,60191102,XR2,269.0
Platelets fluorescent,L2,60191102,XR2,262.0
Platelets fluorescent,L2,60191102,XR2,263.0
Platelets fluorescent,L2,60191102,XR2,274.0
Platelets fluorescent,L2,60191102,XR2,265.0
Platelets fluorescent,L2,60191102,XR2,266.0
Platelets fluorescent,L2,60191102,XR2,266.0
Platelets fluorescent,L2,60191102,XR2,260.0
Platelets fluorescent,L2,60191102,XR2,261.0
Platelets fluorescent,L2,60191102,XR2,262.0
Platelets fluorescent,L2,60191102,XR2,264.0
Platelets fluorescent,L2,60191102,XR2,265.0
Platelets fluorescent,L2,60191102,XR2,269.0
Platelets fluorescent,L2,60191102,XR2,262.0
Platelets fluorescent,L2,60191102,XR2,263.0
Platelets fluorescent,L2,60191102,XR2,264.0
Platelets fluorescent,L2,60191102,XR2,266.0
Platelets fluorescent,L2,60191102,XR2,266.0
Platelets fluorescent,L2,60191102,XR2,267.0
Platelets fluorescent,L2,60191102,XR2,269.0
Platelets fluorescent,L2,60191102,XR2,271.0
Platelets fluorescent,L2,60191102,XR2,268.0
Platelets fluorescent,L2,60191102,XR2,267.0
Platelets fluorescent,L2,60191102,XR2,266.0
Platelets fluorescent,L2,60191102,XR2,267.0
Platelets fluorescent,L2,60191102,XR2,269.0
Platelets fluorescent,L2,60191102,XR2,267.0
Platelets fluorescent,L2,60191102,XR2,269.0
Platelets fluorescent,L2,60191102,XR2,265.0
Platelets fluorescent,L2,60191102,XR2,268.0
Platelets fluorescent,L2,60191102,XR2,269.0
Platelets fluorescent,L2,60191102,XR2,265.0
Platelets fluorescent,L2,60191102,XR2,266.0
Platelets fluorescent,L2,60191102,XR2,272.0
Platelets fluorescent,L2,60191102,XR2,269.0
Platelets fluorescent,L2,60191102,XR2,270.0
Platelets fluorescent,L2,60191102,XR2,268.0
Platelets fluorescent,L2,60191102,XR2,272.0
Platelets fluorescent,L2,60191102,XR2,271.0
Platelets fluorescent,L2,60191102,XR2,266.0
Platelets fluorescent,L2,60191102,XR2,270.0
Platelets fluorescent,L2,60191102,XR2,271.0
Platelets fluorescent,L2,60191102,XR2,260.0
Platelets fluorescent,L2,60191102,XR2,267.0
Platelets fluorescent,L2,60191102,XR2,268.0
Platelets fluorescent,L2,60191102,XR2,268.0
Platelets fluorescent,L2,60191102,XR2,268.0
Platelets fluorescent,L2,60191102,XR2,273.0
Platelets fluorescent,L2,60191102,XR2,274.0
Platelets fluorescent,L2,60191102,XR2,265.0
Platelets fluorescent,L2,60191102,XR2,271.0
Platelets fluorescent,L2,60191102,XR2,266.0
Platelets fluorescent,L2,60191102,XR2,268.0
Platelets fluorescent,L2,60191102,XR2,264.0
Platelets fluorescent,L2,60191102,XR2,265.0
Platelets fluorescent,L2,60191102,XR2,257.0
Platelets fluorescent,L2,60191102,XR2,255.0
Platelets fluorescent,L2,60191102,XR2,258.0
Platelets fluorescent,L2,60191102,XR2,257.0
Platelets fluorescent,L2,60191102,XR2,260.0
Platelets fluorescent,L2,60191102,XR2,259.0
Platelets fluorescent,L2,60191102,XR2,253.0
Platelets fluorescent,L2,60191102,XR2,257.0
Platelets fluorescent,L2,60191102,XR2,264.0
Platelets fluorescent,L2,60191102,XR2,262.0
Platelets fluorescent,L2,60191102,XR2,261.0
Platelets fluorescent,L2,60191102,XR2,262.0
Platelets fluorescent,L2,60191102,XR2,251.0
Platelets fluorescent,L2,60191102,XR2,258.0
Platelets fluorescent,L2,60191102,XR2,254.0
Platelets fluorescent,L2,60191102,XR2,257.0
Platelets fluorescent,L2,60191102,XR2,260.0
Platelets fluorescent,L2,60191102,XR2,268.0
Platelets fluorescent,L2,60191102,XR2,261.0
Platelets fluorescent,L2,60191102,XR2,258.0
Platelets fluorescent,L2,60191102,XR2,262.0
Platelets fluorescent,L2,60191102,XR2,256.0
Platelets fluorescent,L2,60191102,XR2,263.0
Platelets fluorescent,L2,60191102,XR2,266.0
Platelets fluorescent,L2,60191102,XR2,259.0
Platelets fluorescent,L2,60191102,XR2,254.0
Platelets fluorescent,L2,60191102,XR2,261.0
Platelets fluorescent,L2,60191102,XR2,265.0
Platelets fluorescent,L2,60191102,XR2,261.0
Platelets fluorescent,L2,60191102,XR2,259.0
Platelets fluorescent,L2,60191102,XR2,260.0
Platelets fluorescent,L2,60191102,XR2,257.0
Platelets fluorescent,L2,60191102,XR2,256.0
Platelets fluorescent,L2,60191102,XR2,254.0
Platelets fluorescent,L2,60191102,XR2,265.0
Platelets fluorescent,L2,60191102,XR2,262.0
Platelets fluorescent,L2,60191102,XR2,259.0
Platelets fluorescent,L2,60191102,XR2,261.0
Platelets fluorescent,L2,60191102,XR2,263.0
Platelets fluorescent,L2,60191102,XR2,261.0
Platelets fluorescent,L2,60191102,XR2,267.0
Platelets fluorescent,L2,60191102,XR2,264.0
Platelets fluorescent,L2,60191102,XR2,263.0
Platelets fluorescent,L2,60191102,XR2,263.0
Platelets fluorescent,L2,60191102,XR2,253.0
Platelets fluorescent,L2,60191102,XR2,262.0
Platelets fluorescent,L2,60191102,XR2,265.0
Platelets fluorescent,L2,60191102,XR2,263.0
Platelets fluorescent,L2,60191102,XR2,262.0
Platelets fluorescent,L2,60191102,XR2,266.0
Platelets fluorescent,L2,60191102,XR2,266.0
Platelets fluorescent,L2,60191102,XR2,261.0
Platelets fluorescent,L2,60191102,XR2,262.0
Platelets fluorescent,L2,60191102,XR2,265.0
Platelets fluorescent,L2,60191102,XR2,263.0
Platelets fluorescent,L2,60191102,XR2,253.0
Platelets fluorescent,L2,60191102,XR2,261.0
Platelets fluorescent,L2,60191102,XR2,264.0
Platelets fluorescent,L2,60191102,XR2,264.0
Platelets fluorescent,L2,60191102,XR2,266.0
Platelets fluorescent,L2,60191102,XR2,264.0
Platelets fluorescent,L2,60191102,XR2,268.0
Platelets fluorescent,L2,60191102,XR2,264.0
Platelets fluorescent,L2,60191102,XR2,263.0
Platelets fluorescent,L2,60191102,XR2,261.0
Platelets fluorescent,L2,60191102,XR2,260.0
Platelets fluorescent,L2,60191102,XR2,263.0
Platelets fluorescent,L2,60191102,XR2,265.0
Platelets fluorescent,L2,60191102,XR2,262.0
Platelets fluorescent,L2,60191102,XR2,262.0
Platelets fluorescent,L2,60191102,XR2,266.0
Platelets fluorescent,L2,60191102,XR2,260.0
Platelets fluorescent,L2,60191102,XR2,261.0
Platelets fluorescent,L2,60191102,XR2,264.0
Platelets fluorescent,L2,60191102,XR2,269.0
Platelets fluorescent,L2,60191102,XR2,264.0
Platelets fluorescent,L2,60191102,XR2,267.0
Platelets fluorescent,L2,60191102,XR2,267.0
Platelets fluorescent,L2,60751102,XR2,257.0
Platelets fluorescent,L2,60751102,XR2,264.0
Platelets fluorescent,L2,60751102,XR2,256.0
Platelets fluorescent,L2,60751102,XR2,264.0
Platelets fluorescent,L2,60751102,XR2,258.0
Platelets fluorescent,L2,60751102,XR2,258.0
Platelets fluorescent,L2,60751102,XR2,265.0
Platelets fluorescent,L2,60751102,XR2,262.0
Platelets fluorescent,L2,60751102,XR2,255.0
Platelets fluorescent,L2,60751102,XR2,264.0
Platelets fluorescent,L2,60751102,XR2,266.0
Platelets fluorescent,L2,60751102,XR2,267.0
Platelets fluorescent,L2,60751102,XR2,253.0
Platelets fluorescent,L2,60751102,XR2,260.0
Platelets fluorescent,L2,60751102,XR2,260.0
Platelets fluorescent,L2,60751102,XR2,265.0
Platelets fluorescent,L2,60751102,XR2,252.0
Platelets fluorescent,L2,60751102,XR2,272.0
Platelets fluorescent,L2,60751102,XR2,252.0
Platelets fluorescent,L2,60751102,XR2,259.0
Platelets fluorescent,L2,60751102,XR2,262.0
Platelets fluorescent,L2,60751102,XR2,257.0
Platelets fluorescent,L2,60751102,XR2,260.0
Platelets fluorescent,L2,60751102,XR2,265.0
Platelets fluorescent,L2,60751102,XR2,262.0
Platelets fluorescent,L2,60751102,XR2,261.0
Platelets fluorescent,L2,60751102,XR2,260.0
Platelets fluorescent,L2,60751102,XR2,259.0
Platelets fluorescent,L2,60751102,XR2,255.0
Platelets fluorescent,L2,60751102,XR2,263.0
Platelets fluorescent,L2,60751102,XR2,262.0
Platelets fluorescent,L2,60751102,XR2,265.0
Platelets fluorescent,L2,60751102,XR2,261.0
Platelets fluorescent,L2,60751102,XR2,266.0
Platelets fluorescent,L2,60751102,XR2,263.0
Platelets fluorescent,L2,60751102,XR2,260.0
Platelets fluorescent,L2,60751102,XR2,262.0
Platelets fluorescent,L2,60751102,XR2,264.0
Platelets fluorescent,L2,60751102,XR2,260.0
Platelets fluorescent,L2,60751102,XR2,269.0
Platelets fluorescent,L2,60751102,XR2,274.0
Platelets fluorescent,L2,60751102,XR2,273.0
Platelets fluorescent,L2,60751102,XR2,270.0
Platelets fluorescent,L2,60751102,XR2,268.0
Platelets fluorescent,L2,60751102,XR2,273.0
Platelets fluorescent,L2,60751102,XR2,268.0
Platelets fluorescent,L2,60751102,XR2,274.0
Platelets fluorescent,L2,60751102,XR2,262.0
Platelets fluorescent,L2,60751102,XR2,263.0
Platelets fluorescent,L2,60751102,XR2,262.0
Platelets fluorescent,L2,60751102,XR2,272.0
Platelets fluorescent,L2,60751102,XR2,265.0
Platelets fluorescent,L2,60751102,XR2,272.0
Platelets fluorescent,L2,60751102,XR2,269.0
Platelets fluorescent,L2,60751102,XR2,268.0
Platelets fluorescent,L2,60751102,XR2,271.0
Platelets fluorescent,L2,60751102,XR2,275.0
Platelets fluorescent,L2,60751102,XR2,276.0
Platelets fluorescent,L2,60751102,XR2,274.0
Platelets fluorescent,L2,60751102,XR2,274.0
Platelets fluorescent,L2,60751102,XR2,273.0
Platelets fluorescent,L2,60751102,XR2,273.0
Platelets fluorescent,L2,60751102,XR2,272.0
Platelets fluorescent,L2,60751102,XR2,271.0
Platelets fluorescent,L2,60751102,XR2,274.0
Platelets fluorescent,L2,60751102,XR2,275.0
Platelets fluorescent,L2,60751102,XR2,270.0
Platelets fluorescent,L2,60751102,XR2,270.0
Platelets fluorescent,L2,60751102,XR2,274.0
Platelets fluorescent,L2,60751102,XR2,273.0
Platelets fluorescent,L2,60751102,XR2,273.0
Platelets fluorescent,L2,60751102,XR2,273.0
Platelets fluorescent,L2,60751102,XR2,278.0
Platelets fluorescent,L2,60751102,XR2,260.0
Platelets fluorescent,L2,60751102,XR2,272.0
Platelets fluorescent,L2,60751102,XR2,267.0
Platelets fluorescent,L2,60751102,XR2,270.0
Platelets fluorescent,L2,60751102,XR2,273.0
Platelets fluorescent,L2,60751102,XR2,269.0
Platelets fluorescent,L2,60751102,XR2,273.0
Platelets fluorescent,L2,60751102,XR2,267.0
Platelets fluorescent,L2,60751102,XR2,276.0
Platelets fluorescent,L2,60751102,XR2,273.0
Platelets fluorescent,L2,60751102,XR2,275.0
Platelets fluorescent,L2,60751102,XR2,274.0
Platelets fluorescent,L2,60751102,XR2,276.0
Platelets fluorescent,L2,60751102,XR2,270.0
Platelets fluorescent,L2,60751102,XR2,269.0
Platelets fluorescent,L2,60751102,XR2,272.0
Platelets fluorescent,L2,60751102,XR2,264.0
Platelets fluorescent,L2,60751102,XR2,275.0
Platelets fluorescent,L2,60751102,XR2,268.0
Platelets fluorescent,L2,60751102,XR2,273.0
Platelets fluorescent,L2,60751102,XR2,266.0
Platelets fluorescent,L2,60751102,XR2,272.0
Platelets fluorescent,L2,60751102,XR2,276.0
Platelets fluorescent,L2,60751102,XR2,273.0
Platelets fluorescent,L2,60751102,XR2,282.0
Platelets fluorescent,L2,60751102,XR2,271.0
Platelets fluorescent,L2,60751102,XR2,273.0
Platelets fluorescent,L2,60751102,XR2,274.0
Platelets fluorescent,L2,60751102,XR2,276.0
Platelets fluorescent,L2,60751102,XR2,277.0
Platelets fluorescent,L2,60751102,XR2,275.0
Platelets fluorescent,L2,60751102,XR2,277.0
Platelets fluorescent,L2,60751102,XR2,274.0
Platelets fluorescent,L2,60751102,XR2,273.0
Platelets fluorescent,L2,60751102,XR2,276.0
Platelets fluorescent,L2,60751102,XR2,275.0
Platelets fluorescent,L2,60751102,XR2,275.0
Platelets fluorescent,L2,60751102,XR2,279.0
Platelets fluorescent,L2,60751102,XR2,274.0
Platelets fluorescent,L2,60751102,XR2,279.0
Platelets fluorescent,L2,60751102,XR2,276.0
Platelets fluorescent,L2,60751102,XR2,270.0
Platelets fluorescent,L2,60751102,XR2,273.0
Platelets fluorescent,L2,60751102,XR2,277.0
Platelets fluorescent,L2,60751102,XR2,277.0
Platelets fluorescent,L2,60751102,XR2,268.0
Platelets fluorescent,L2,60751102,XR2,271.0
Platelets fluorescent,L2,60751102,XR2,275.0
Platelets fluorescent,L2,60751102,XR2,271.0
Platelets fluorescent,L2,60751102,XR2,277.0
Platelets fluorescent,L2,60751102,XR2,276.0
Platelets fluorescent,L2,60751102,XR2,276.0
Platelets fluorescent,L2,60751102,XR2,281.0
Platelets fluorescent,L2,60751102,XR2,271.0
Platelets fluorescent,L2,60751102,XR2,277.0
Platelets fluorescent,L2,60751102,XR2,278.0
Platelets fluorescent,L2,60751102,XR2,278.0
Platelets fluorescent,L2,60751102,XR2,276.0
Platelets fluorescent,L2,60751102,XR2,274.0
Platelets fluorescent,L2,60751102,XR2,275.0
Platelets fluorescent,L2,60751102,XR2,279.0
Platelets fluorescent,L2,60751102,XR2,276.0
Platelets fluorescent,L2,60751102,XR2,275.0
Platelets fluorescent,L2,60751102,XR2,273.0
Platelets fluorescent,L2,60751102,XR2,275.0
Platelets fluorescent,L2,60751102,XR2,269.0
Platelets fluorescent,L2,60751102,XR2,273.0
Platelets fluorescent,L2,60751102,XR2,272.0
Platelets fluorescent,L2,60751102,XR2,274.0
Platelets fluorescent,L2,60751102,XR2,263.0
Platelets fluorescent,L2,60751102,XR2,274.0
Platelets fluorescent,L2,60751102,XR2,272.0
Platelets fluorescent,L2,60751102,XR2,274.0
Platelets fluorescent,L2,60751102,XR2,270.0
Platelets fluorescent,L2,60751102,XR2,271.0
Platelets fluorescent,L2,60751102,XR2,287.0
Platelets fluorescent,L2,60751102,XR2,283.0
Platelets fluorescent,L2,60751102,XR2,282.0
Platelets fluorescent,L2,60751102,XR2,274.0
Platelets fluorescent,L2,60751102,XR2,276.0
Platelets fluorescent,L2,60751102,XR2,280.0
Platelets fluorescent,L2,60751102,XR2,275.0
Platelets fluorescent,L2,60751102,XR2,276.0
Platelets fluorescent,L2,60751102,XR2,283.0
Platelets fluorescent,L2,60751102,XR2,281.0
Platelets fluorescent,L2,60751102,XR2,273.0
Platelets fluorescent,L2,60751102,XR2,278.0
Platelets fluorescent,L2,60751102,XR2,278.0
Platelets fluorescent,L2,60751102,XR2,283.0
Platelets fluorescent,L2,60751102,XR2,280.0
Platelets fluorescent,L2,60751102,XR2,281.0
Platelets fluorescent,L2,60751102,XR2,277.0
Platelets fluorescent,L2,60751102,XR2,274.0
Platelets fluorescent,L2,60751102,XR2,275.0
Platelets fluorescent,L2,60751102,XR2,272.0
Platelets fluorescent,L2,60751102,XR2,276.0
Platelets fluorescent,L2,61311102,XR2,257.0
Platelets fluorescent,L2,61311102,XR2,260.0
Platelets fluorescent,L2,61311102,XR2,254.0
Platelets fluorescent,L2,61311102,XR2,256.0
Platelets fluorescent,L2,61311102,XR2,255.0
Platelets fluorescent,L2,61311102,XR2,251.0
Platelets fluorescent,L2,61311102,XR2,256.0
Platelets fluorescent,L2,61311102,XR2,258.0
Platelets fluorescent,L2,61311102,XR2,255.0
Platelets fluorescent,L2,61311102,XR2,257.0
Platelets fluorescent,L2,61311102,XR2,254.0
Platelets fluorescent,L2,61311102,XR2,250.0
Platelets fluorescent,L2,61311102,XR2,255.0
Platelets fluorescent,L2,61311102,XR2,255.0
Platelets fluorescent,L2,61311102,XR2,254.0
Platelets fluorescent,L2,61311102,XR2,260.0
Platelets fluorescent,L2,61311102,XR2,255.0
Platelets fluorescent,L2,61311102,XR2,257.0
Platelets fluorescent,L2,61311102,XR2,255.0
Platelets fluorescent,L2,61311102,XR2,257.0
Platelets fluorescent,L2,61311102,XR2,257.0
Platelets fluorescent,L2,61311102,XR2,252.0
Platelets fluorescent,L2,61311102,XR2,255.0
Platelets fluorescent,L2,61311102,XR2,253.0
Platelets fluorescent,L2,61311102,XR2,257.0
Platelets fluorescent,L2,61311102,XR2,262.0
Platelets fluorescent,L2,61311102,XR2,259.0
Platelets fluorescent,L2,61311102,XR2,256.0
Platelets fluorescent,L2,61311102,XR2,262.0
Platelets fluorescent,L2,61311102,XR2,255.0
Platelets fluorescent,L2,61311102,XR2,258.0
Platelets fluorescent,L2,61311102,XR2,262.0
Platelets fluorescent,L2,61311102,XR2,255.0
Platelets fluorescent,L2,61311102,XR2,262.0
Platelets fluorescent,L2,61311102,XR2,252.0
Platelets fluorescent,L2,61311102,XR2,257.0
Platelets fluorescent,L2,61311102,XR2,260.0
Platelets fluorescent,L2,61311102,XR2,259.0
Platelets fluorescent,L2,61311102,XR2,263.0
Platelets fluorescent,L2,61311102,XR2,261.0
Platelets fluorescent,L2,61311102,XR2,264.0
Platelets fluorescent,L2,61311102,XR2,260.0
Platelets fluorescent,L2,61311102,XR2,258.0
Platelets fluorescent,L2,61311102,XR2,261.0
Platelets fluorescent,L2,61311102,XR2,261.0
Platelets fluorescent,L2,61311102,XR2,253.0
Platelets fluorescent,L2,61311102,XR2,256.0
Platelets fluorescent,L2,61311102,XR2,257.0
Platelets fluorescent,L2,61311102,XR2,258.0
Platelets fluorescent,L2,61311102,XR2,259.0
Platelets fluorescent,L2,61311102,XR2,253.0
Platelets fluorescent,L2,61311102,XR2,251.0
Platelets fluorescent,L2,61311102,XR2,257.0
Platelets fluorescent,L2,61311102,XR2,267.0
Platelets fluorescent,L2,61311102,XR2,264.0
Platelets fluorescent,L2,61311102,XR2,264.0
Platelets fluorescent,L2,61311102,XR2,265.0
Platelets fluorescent,L2,61311102,XR2,266.0
Platelets fluorescent,L2,61311102,XR2,269.0
Platelets fluorescent,L2,61311102,XR2,268.0
Platelets fluorescent,L2,61311102,XR2,266.0
Platelets fluorescent,L2,61311102,XR2,268.0
Platelets fluorescent,L2,61311102,XR2,262.0
Platelets fluorescent,L2,61311102,XR2,262.0
Platelets fluorescent,L2,61311102,XR2,267.0
Platelets fluorescent,L2,61311102,XR2,265.0
Platelets fluorescent,L2,61311102,XR2,261.0
Platelets fluorescent,L2,61311102,XR2,265.0
Platelets fluorescent,L2,61311102,XR2,264.0
Platelets fluorescent,L2,61311102,XR2,270.0
Platelets fluorescent,L2,61311102,XR2,268.0
Platelets fluorescent,L2,61311102,XR2,267.0
Platelets fluorescent,L2,61311102,XR2,266.0
Platelets fluorescent,L2,61311102,XR2,264.0
Platelets fluorescent,L2,61311102,XR2,265.0
Platelets fluorescent,L2,61311102,XR2,266.0
Platelets fluorescent,L2,61311102,XR2,264.0
Platelets fluorescent,L2,61311102,XR2,264.0
Platelets fluorescent,L2,61311102,XR2,266.0
Platelets fluorescent,L2,61311102,XR2,262.0
Platelets fluorescent,L2,61311102,XR2,257.0
Platelets fluorescent,L2,61311102,XR2,263.0
Platelets fluorescent,L2,61311102,XR2,254.0
Platelets fluorescent,L2,61311102,XR2,262.0
Platelets fluorescent,L2,61311102,XR2,264.0
Platelets fluorescent,L2,61311102,XR2,265.0
Platelets fluorescent,L2,61311102,XR2,263.0
Platelets fluorescent,L2,61311102,XR2,265.0
Platelets fluorescent,L2,61311102,XR2,265.0
Platelets fluorescent,L2,61311102,XR2,267.0
Platelets fluorescent,L2,61311102,XR2,263.0
Platelets fluorescent,L2,61311102,XR2,273.0
Platelets fluorescent,L2,61311102,XR2,268.0
Platelets fluorescent,L2,61311102,XR2,265.0
Platelets fluorescent,L2,61311102,XR2,262.0
Platelets fluorescent,L2,61311102,XR2,268.0
Platelets fluorescent,L2,61311102,XR2,270.0
Platelets fluorescent,L2,61311102,XR2,265.0
Platelets fluorescent,L2,61311102,XR2,265.0
Platelets fluorescent,L2,61311102,XR2,263.0
Platelets fluorescent,L2,61311102,XR2,265.0
Platelets fluorescent,L2,61311102,XR2,267.0
Platelets fluorescent,L2,61311102,XR2,264.0
Platelets fluorescent,L2,61311102,XR2,265.0
Platelets fluorescent,L2,61311102,XR2,269.0
Platelets fluorescent,L2,61311102,XR2,264.0
Platelets fluorescent,L2,61311102,XR2,261.0
Platelets fluorescent,L2,61311102,XR2,259.0
Platelets fluorescent,L2,61311102,XR2,263.0
Platelets fluorescent,L2,61311102,XR2,263.0
Platelets fluorescent,L2,61311102,XR2,260.0
Platelets fluorescent,L2,61311102,XR2,262.0
Platelets fluorescent,L2,61311102,XR2,264.0
Platelets fluorescent,L2,61311102,XR2,260.0
Platelets fluorescent,L2,61311102,XR2,262.0
Platelets fluorescent,L2,61311102,XR2,269.0
Platelets fluorescent,L2,61311102,XR2,265.0
Platelets fluorescent,L2,61311102,XR2,265.0
Platelets fluorescent,L2,61311102,XR2,259.0
Platelets fluorescent,L2,61311102,XR2,265.0
Platelets fluorescent,L2,61311102,XR2,265.0
Platelets fluorescent,L2,61311102,XR2,257.0
Platelets fluorescent,L2,61311102,XR2,260.0
Platelets fluorescent,L2,61311102,XR2,264.0
Platelets fluorescent,L2,61311102,XR2,267.0
Platelets fluorescent,L2,61311102,XR2,265.0
Platelets fluorescent,L2,61311102,XR2,259.0
Platelets fluorescent,L2,61311102,XR2,267.0
Platelets fluorescent,L2,61311102,XR2,267.0
Platelets fluorescent,L2,61311102,XR2,262.0
Platelets fluorescent,L2,61311102,XR2,265.0
Platelets fluorescent,L2,61311102,XR2,274.0
Platelets fluorescent,L2,61311102,XR2,268.0
Platelets fluorescent,L2,61311102,XR2,269.0
Platelets fluorescent,L2,61311102,XR2,265.0
Platelets fluorescent,L2,61311102,XR2,271.0
Platelets fluorescent,L2,61311102,XR2,261.0
Platelets fluorescent,L2,61311102,XR2,259.0
Platelets fluorescent,L2,61311102,XR2,270.0
Platelets fluorescent,L2,61311102,XR2,266.0
Platelets fluorescent,L2,61311102,XR2,260.0
Platelets fluorescent,L3,53281103,XR2,538.0
Platelets fluorescent,L3,53281103,XR2,546.0
Platelets fluorescent,L3,53281103,XR2,557.0
Platelets fluorescent,L3,53281103,XR2,555.0
Platelets fluorescent,L3,53281103,XR2,549.0
Platelets fluorescent,L3,53281103,XR2,542.0
Platelets fluorescent,L3,53281103,XR2,550.0
Platelets fluorescent,L3,53281103,XR2,555.0
Platelets fluorescent,L3,53281103,XR2,554.0
Platelets fluorescent,L3,53281103,XR2,551.0
Platelets fluorescent,L3,53281103,XR2,561.0
Platelets fluorescent,L3,53281103,XR2,562.0
Platelets fluorescent,L3,53281103,XR2,558.0
Platelets fluorescent,L3,53281103,XR2,551.0
Platelets fluorescent,L3,53281103,XR2,559.0
Platelets fluorescent,L3,53281103,XR2,558.0
Platelets fluorescent,L3,53281103,XR2,553.0
Platelets fluorescent,L3,53281103,XR2,568.0
Platelets fluorescent,L3,53281103,XR2,561.0
Platelets fluorescent,L3,53281103,XR2,567.0
Platelets fluorescent,L3,53281103,XR2,547.0
Platelets fluorescent,L3,53281103,XR2,552.0
Platelets fluorescent,L3,53281103,XR2,558.0
Platelets fluorescent,L3,53281103,XR2,554.0
Platelets fluorescent,L3,53281103,XR2,563.0
Platelets fluorescent,L3,53281103,XR2,556.0
Platelets fluorescent,L3,53281103,XR2,566.0
Platelets fluorescent,L3,53281103,XR2,556.0
Platelets fluorescent,L3,53281103,XR2,563.0
Platelets fluorescent,L3,53281103,XR2,562.0
Platelets fluorescent,L3,53281103,XR2,561.0
Platelets fluorescent,L3,53281103,XR2,567.0
Platelets fluorescent,L3,53281103,XR2,570.0
Platelets fluorescent,L3,53281103,XR2,551.0
Platelets fluorescent,L3,53281103,XR2,565.0
Platelets fluorescent,L3,53281103,XR2,567.0
Platelets fluorescent,L3,53281103,XR2,561.0
Platelets fluorescent,L3,53281103,XR2,570.0
Platelets fluorescent,L3,53281103,XR2,568.0
Platelets fluorescent,L3,53281103,XR2,569.0
Platelets fluorescent,L3,53281103,XR2,564.0
Platelets fluorescent,L3,53281103,XR2,574.0
Platelets fluorescent,L3,53281103,XR2,565.0
Platelets fluorescent,L3,60191103,XR2,551.0
Platelets fluorescent,L3,53281103,XR2,573.0
Platelets fluorescent,L3,53281103,XR2,562.0
Platelets fluorescent,L3,53281103,XR2,562.0
Platelets fluorescent,L3,60191103,XR2,544.0
Platelets fluorescent,L3,60191103,XR2,549.0
Platelets fluorescent,L3,60191103,XR2,550.0
Platelets fluorescent,L3,60191103,XR2,552.0
Platelets fluorescent,L3,60191103,XR2,553.0
Platelets fluorescent,L3,60191103,XR2,555.0
Platelets fluorescent,L3,60191103,XR2,551.0
Platelets fluorescent,L3,60191103,XR2,559.0
Platelets fluorescent,L3,60191103,XR2,545.0
Platelets fluorescent,L3,60191103,XR2,555.0
Platelets fluorescent,L3,60191103,XR2,552.0
Platelets fluorescent,L3,60191103,XR2,554.0
Platelets fluorescent,L3,60191103,XR2,555.0
Platelets fluorescent,L3,60191103,XR2,558.0
Platelets fluorescent,L3,60191103,XR2,549.0
Platelets fluorescent,L3,60191103,XR2,551.0
Platelets fluorescent,L3,60191103,XR2,555.0
Platelets fluorescent,L3,60191103,XR2,554.0
Platelets fluorescent,L3,60191103,XR2,558.0
Platelets fluorescent,L3,60191103,XR2,555.0
Platelets fluorescent,L3,60191103,XR2,552.0
Platelets fluorescent,L3,60191103,XR2,563.0
Platelets fluorescent,L3,60191103,XR2,555.0
Platelets fluorescent,L3,60191103,XR2,554.0
Platelets fluorescent,L3,60191103,XR2,550.0
Platelets fluorescent,L3,60191103,XR2,554.0
Platelets fluorescent,L3,60191103,XR2,554.0
Platelets fluorescent,L3,60191103,XR2,547.0
Platelets fluorescent,L3,60191103,XR2,556.0
Platelets fluorescent,L3,60191103,XR2,569.0
Platelets fluorescent,L3,60191103,XR2,558.0
Platelets fluorescent,L3,60191103,XR2,556.0
Platelets fluorescent,L3,60191103,XR2,553.0
Platelets fluorescent,L3,60191103,XR2,560.0
Platelets fluorescent,L3,60191103,XR2,557.0
Platelets fluorescent,L3,60191103,XR2,567.0
Platelets fluorescent,L3,60191103,XR2,555.0
Platelets fluorescent,L3,60191103,XR2,547.0
Platelets fluorescent,L3,60191103,XR2,563.0
Platelets fluorescent,L3,60191103,XR2,548.0
Platelets fluorescent,L3,60191103,XR2,562.0
Platelets fluorescent,L3,60191103,XR2,567.0
Platelets fluorescent,L3,60191103,XR2,566.0
Platelets fluorescent,L3,60191103,XR2,563.0
Platelets fluorescent,L3,60191103,XR2,561.0
Platelets fluorescent,L3,60191103,XR2,565.0
Platelets fluorescent,L3,60191103,XR2,552.0
Platelets fluorescent,L3,60191103,XR2,565.0
Platelets fluorescent,L3,60191103,XR2,551.0
Platelets fluorescent,L3,60191103,XR2,560.0
Platelets fluorescent,L3,60191103,XR2,552.0
Platelets fluorescent,L3,60191103,XR2,558.0
Platelets fluorescent,L3,60191103,XR2,560.0
Platelets fluorescent,L3,60191103,XR2,563.0
Platelets fluorescent,L3,60191103,XR2,564.0
Platelets fluorescent,L3,60191103,XR2,555.0
Platelets fluorescent,L3,60191103,XR2,562.0
Platelets fluorescent,L3,60191103,XR2,568.0
Platelets fluorescent,L3,60191103,XR2,529.0
Platelets fluorescent,L3,60191103,XR2,543.0
Platelets fluorescent,L3,60191103,XR2,539.0
Platelets fluorescent,L3,60191103,XR2,549.0
Platelets fluorescent,L3,60191103,XR2,532.0
Platelets fluorescent,L3,60191103,XR2,539.0
Platelets fluorescent,L3,60191103,XR2,540.0
Platelets fluorescent,L3,60191103,XR2,537.0
Platelets fluorescent,L3,60191103,XR2,533.0
Platelets fluorescent,L3,60191103,XR2,534.0
Platelets fluorescent,L3,60191103,XR2,545.0
Platelets fluorescent,L3,60191103,XR2,542.0
Platelets fluorescent,L3,60191103,XR2,544.0
Platelets fluorescent,L3,60191103,XR2,542.0
Platelets fluorescent,L3,60191103,XR2,541.0
Platelets fluorescent,L3,60191103,XR2,550.0
Platelets fluorescent,L3,60191103,XR2,543.0
Platelets fluorescent,L3,60191103,XR2,531.0
Platelets fluorescent,L3,60191103,XR2,546.0
Platelets fluorescent,L3,60191103,XR2,537.0
Platelets fluorescent,L3,60191103,XR2,549.0
Platelets fluorescent,L3,60191103,XR2,544.0
Platelets fluorescent,L3,60191103,XR2,540.0
Platelets fluorescent,L3,60191103,XR2,549.0
Platelets fluorescent,L3,60191103,XR2,547.0
Platelets fluorescent,L3,60191103,XR2,547.0
Platelets fluorescent,L3,60191103,XR2,543.0
Platelets fluorescent,L3,60191103,XR2,547.0
Platelets fluorescent,L3,60191103,XR2,550.0
Platelets fluorescent,L3,60191103,XR2,539.0
Platelets fluorescent,L3,60191103,XR2,533.0
Platelets fluorescent,L3,60191103,XR2,540.0
Platelets fluorescent,L3,60191103,XR2,542.0
Platelets fluorescent,L3,60191103,XR2,553.0
Platelets fluorescent,L3,60191103,XR2,549.0
Platelets fluorescent,L3,60191103,XR2,544.0
Platelets fluorescent,L3,60191103,XR2,546.0
Platelets fluorescent,L3,60191103,XR2,549.0
Platelets fluorescent,L3,60191103,XR2,548.0
Platelets fluorescent,L3,60191103,XR2,548.0
Platelets fluorescent,L3,60191103,XR2,552.0
Platelets fluorescent,L3,60191103,XR2,525.0
Platelets fluorescent,L3,60191103,XR2,550.0
Platelets fluorescent,L3,60191103,XR2,546.0
Platelets fluorescent,L3,60191103,XR2,540.0
Platelets fluorescent,L3,60191103,XR2,545.0
Platelets fluorescent,L3,60191103,XR2,544.0
Platelets fluorescent,L3,60191103,XR2,537.0
Platelets fluorescent,L3,60191103,XR2,532.0
Platelets fluorescent,L3,60191103,XR2,547.0
Platelets fluorescent,L3,60191103,XR2,543.0
Platelets fluorescent,L3,60191103,XR2,547.0
Platelets fluorescent,L3,60191103,XR2,543.0
Platelets fluorescent,L3,60751103,XR2,531.0
Platelets fluorescent,L3,60751103,XR2,538.0
Platelets fluorescent,L3,60751103,XR2,539.0
Platelets fluorescent,L3,60751103,XR2,544.0
Platelets fluorescent,L3,60751103,XR2,551.0
Platelets fluorescent,L3,60751103,XR2,542.0
Platelets fluorescent,L3,60751103,XR2,545.0
Platelets fluorescent,L3,60751103,XR2,538.0
Platelets fluorescent,L3,60751103,XR2,538.0
Platelets fluorescent,L3,60751103,XR2,536.0
Platelets fluorescent,L3,60751103,XR2,545.0
Platelets fluorescent,L3,60751103,XR2,550.0
Platelets fluorescent,L3,60751103,XR2,551.0
Platelets fluorescent,L3,60751103,XR2,540.0
Platelets fluorescent,L3,60751103,XR2,541.0
Platelets fluorescent,L3,60751103,XR2,539.0
Platelets fluorescent,L3,60751103,XR2,547.0
Platelets fluorescent,L3,60751103,XR2,553.0
Platelets fluorescent,L3,60751103,XR2,556.0
Platelets fluorescent,L3,60751103,XR2,552.0
Platelets fluorescent,L3,60751103,XR2,551.0
Platelets fluorescent,L3,60751103,XR2,554.0
Platelets fluorescent,L3,60751103,XR2,560.0
Platelets fluorescent,L3,60751103,XR2,556.0
Platelets fluorescent,L3,60751103,XR2,558.0
Platelets fluorescent,L3,60751103,XR2,556.0
Platelets fluorescent,L3,60751103,XR2,552.0
Platelets fluorescent,L3,60751103,XR2,557.0
Platelets fluorescent,L3,60751103,XR2,551.0
Platelets fluorescent,L3,60751103,XR2,553.0
Platelets fluorescent,L3,60751103,XR2,559.0
Platelets fluorescent,L3,60751103,XR2,554.0
Platelets fluorescent,L3,60751103,XR2,556.0
Platelets fluorescent,L3,60751103,XR2,556.0
Platelets fluorescent,L3,60751103,XR2,559.0
Platelets fluorescent,L3,60751103,XR2,549.0
Platelets fluorescent,L3,60751103,XR2,561.0
Platelets fluorescent,L3,60751103,XR2,549.0
Platelets fluorescent,L3,60751103,XR2,553.0
Platelets fluorescent,L3,60751103,XR2,557.0
Platelets fluorescent,L3,60751103,XR2,556.0
Platelets fluorescent,L3,60751103,XR2,553.0
Platelets fluorescent,L3,60751103,XR2,553.0
Platelets fluorescent,L3,60751103,XR2,549.0
Platelets fluorescent,L3,60751103,XR2,555.0
Platelets fluorescent,L3,60751103,XR2,549.0
Platelets fluorescent,L3,60751103,XR2,559.0
Platelets fluorescent,L3,60751103,XR2,556.0
Platelets fluorescent,L3,60751103,XR2,547.0
Platelets fluorescent,L3,60751103,XR2,555.0
Platelets fluorescent,L3,60751103,XR2,551.0
Platelets fluorescent,L3,60751103,XR2,552.0
Platelets fluorescent,L3,60751103,XR2,552.0
Platelets fluorescent,L3,60751103,XR2,544.0
Platelets fluorescent,L3,60751103,XR2,536.0
Platelets fluorescent,L3,60751103,XR2,551.0
Platelets fluorescent,L3,60751103,XR2,552.0
Platelets fluorescent,L3,60751103,XR2,549.0
Platelets fluorescent,L3,60751103,XR2,544.0
Platelets fluorescent,L3,60751103,XR2,545.0
Platelets fluorescent,L3,60751103,XR2,558.0
Platelets fluorescent,L3,60751103,XR2,542.0
Platelets fluorescent,L3,60751103,XR2,547.0
Platelets fluorescent,L3,60751103,XR2,556.0
Platelets fluorescent,L3,60751103,XR2,559.0
Platelets fluorescent,L3,60751103,XR2,559.0
Platelets fluorescent,L3,60751103,XR2,552.0
Platelets fluorescent,L3,60751103,XR2,558.0
Platelets fluorescent,L3,60751103,XR2,562.0
Platelets fluorescent,L3,60751103,XR2,553.0
Platelets fluorescent,L3,60751103,XR2,563.0
Platelets fluorescent,L3,60751103,XR2,565.0
Platelets fluorescent,L3,60751103,XR2,568.0
Platelets fluorescent,L3,60751103,XR2,561.0
Platelets fluorescent,L3,60751103,XR2,565.0
Platelets fluorescent,L3,60751103,XR2,555.0
Platelets fluorescent,L3,60751103,XR2,562.0
Platelets fluorescent,L3,60751103,XR2,561.0
Platelets fluorescent,L3,60751103,XR2,558.0
Platelets fluorescent,L3,60751103,XR2,563.0
Platelets fluorescent,L3,60751103,XR2,559.0
Platelets fluorescent,L3,60751103,XR2,562.0
Platelets fluorescent,L3,60751103,XR2,562.0
Platelets fluorescent,L3,60751103,XR2,558.0
Platelets fluorescent,L3,60751103,XR2,569.0
Platelets fluorescent,L3,60751103,XR2,569.0
Platelets fluorescent,L3,60751103,XR2,569.0
Platelets fluorescent,L3,60751103,XR2,569.0
Platelets fluorescent,L3,60751103,XR2,568.0
Platelets fluorescent,L3,60751103,XR2,570.0
Platelets fluorescent,L3,60751103,XR2,568.0
Platelets fluorescent,L3,60751103,XR2,557.0
Platelets fluorescent,L3,60751103,XR2,564.0
Platelets fluorescent,L3,60751103,XR2,568.0
Platelets fluorescent,L3,60751103,XR2,562.0
Platelets fluorescent,L3,60751103,XR2,561.0
Platelets fluorescent,L3,60751103,XR2,570.0
Platelets fluorescent,L3,60751103,XR2,562.0
Platelets fluorescent,L3,60751103,XR2,562.0
Platelets fluorescent,L3,60751103,XR2,564.0
Platelets fluorescent,L3,60751103,XR2,561.0
Platelets fluorescent,L3,60751103,XR2,559.0
Platelets fluorescent,L3,60751103,XR2,551.0
Platelets fluorescent,L3,60751103,XR2,562.0
Platelets fluorescent,L3,60751103,XR2,555.0
Platelets fluorescent,L3,60751103,XR2,557.0
Platelets fluorescent,L3,60751103,XR2,551.0
Platelets fluorescent,L3,60751103,XR2,564.0
Platelets fluorescent,L3,60751103,XR2,564.0
Platelets fluorescent,L3,60751103,XR2,568.0
Platelets fluorescent,L3,60751103,XR2,564.0
Platelets fluorescent,L3,60751103,XR2,565.0
Platelets fluorescent,L3,61311103,XR2,538.0
Platelets fluorescent,L3,61311103,XR2,544.0
Platelets fluorescent,L3,61311103,XR2,542.0
Platelets fluorescent,L3,61311103,XR2,539.0
Platelets fluorescent,L3,61311103,XR2,548.0
Platelets fluorescent,L3,61311103,XR2,541.0
Platelets fluorescent,L3,61311103,XR2,542.0
Platelets fluorescent,L3,61311103,XR2,542.0
Platelets fluorescent,L3,61311103,XR2,544.0
Platelets fluorescent,L3,61311103,XR2,538.0
Platelets fluorescent,L3,61311103,XR2,543.0
Platelets fluorescent,L3,61311103,XR2,538.0
Platelets fluorescent,L3,61311103,XR2,539.0
Platelets fluorescent,L3,61311103,XR2,552.0
Platelets fluorescent,L3,61311103,XR2,540.0
Platelets fluorescent,L3,61311103,XR2,544.0
Platelets fluorescent,L3,61311103,XR2,546.0
Platelets fluorescent,L3,61311103,XR2,548.0
Platelets fluorescent,L3,61311103,XR2,538.0
Platelets fluorescent,L3,61311103,XR2,547.0
Platelets fluorescent,L3,61311103,XR2,545.0
Platelets fluorescent,L3,61311103,XR2,550.0
Platelets fluorescent,L3,61311103,XR2,543.0
Platelets fluorescent,L3,61311103,XR2,534.0
Platelets fluorescent,L3,61311103,XR2,547.0
Platelets fluorescent,L3,61311103,XR2,539.0
Platelets fluorescent,L3,61311103,XR2,545.0
Platelets fluorescent,L3,61311103,XR2,542.0
Platelets fluorescent,L3,61311103,XR2,542.0
Platelets fluorescent,L3,61311103,XR2,546.0
Platelets fluorescent,L3,61311103,XR2,528.0
Platelets fluorescent,L3,61311103,XR2,541.0
Platelets fluorescent,L3,61311103,XR2,546.0
Platelets fluorescent,L3,61311103,XR2,544.0
Platelets fluorescent,L3,61311103,XR2,546.0
Platelets fluorescent,L3,61311103,XR2,549.0
Platelets fluorescent,L3,61311103,XR2,548.0
Platelets fluorescent,L3,61311103,XR2,544.0
Platelets fluorescent,L3,61311103,XR2,559.0
Platelets fluorescent,L3,61311103,XR2,557.0
Platelets fluorescent,L3,61311103,XR2,552.0
Platelets fluorescent,L3,61311103,XR2,549.0
Platelets fluorescent,L3,61311103,XR2,550.0
Platelets fluorescent,L3,61311103,XR2,549.0
Platelets fluorescent,L3,61311103,XR2,547.0
Platelets fluorescent,L3,61311103,XR2,550.0
Platelets fluorescent,L3,61311103,XR2,556.0
Platelets fluorescent,L3,61311103,XR2,556.0
Platelets fluorescent,L3,61311103,XR2,557.0
Platelets fluorescent,L3,61311103,XR2,556.0
Platelets fluorescent,L3,61311103,XR2,551.0
Platelets fluorescent,L3,61311103,XR2,566.0
Platelets fluorescent,L3,61311103,XR2,563.0
Platelets fluorescent,L3,61311103,XR2,546.0
Platelets fluorescent,L3,61311103,XR2,547.0
Platelets fluorescent,L3,61311103,XR2,550.0
Platelets fluorescent,L3,61311103,XR2,542.0
Platelets fluorescent,L3,61311103,XR2,549.0
Platelets fluorescent,L3,61311103,XR2,552.0
Platelets fluorescent,L3,61311103,XR2,544.0
Platelets fluorescent,L3,61311103,XR2,554.0
Platelets fluorescent,L3,61311103,XR2,541.0
Platelets fluorescent,L3,61311103,XR2,556.0
Platelets fluorescent,L3,61311103,XR2,554.0
Platelets fluorescent,L3,61311103,XR2,547.0
Platelets fluorescent,L3,61311103,XR2,547.0
Platelets fluorescent,L3,61311103,XR2,555.0
Platelets fluorescent,L3,61311103,XR2,551.0
Platelets fluorescent,L3,61311103,XR2,549.0
Platelets fluorescent,L3,61311103,XR2,553.0
Platelets fluorescent,L3,61311103,XR2,548.0
Platelets fluorescent,L3,61311103,XR2,554.0
Platelets fluorescent,L3,61311103,XR2,538.0
Platelets fluorescent,L3,61311103,XR2,551.0
Platelets fluorescent,L3,61311103,XR2,557.0
Platelets fluorescent,L3,61311103,XR2,550.0
Platelets fluorescent,L3,61311103,XR2,537.0
Platelets fluorescent,L3,61311103,XR2,546.0
Platelets fluorescent,L3,61311103,XR2,559.0
Platelets fluorescent,L3,61311103,XR2,555.0
Platelets fluorescent,L3,61311103,XR2,554.0
Platelets fluorescent,L3,61311103,XR2,549.0
Platelets fluorescent,L3,61311103,XR2,556.0
Platelets fluorescent,L3,61311103,XR2,555.0
Platelets fluorescent,L3,61311103,XR2,551.0
Platelets fluorescent,L3,61311103,XR2,562.0
Platelets fluorescent,L3,61311103,XR2,555.0
Platelets fluorescent,L3,61311103,XR2,543.0
Platelets fluorescent,L3,61311103,XR2,560.0
Platelets fluorescent,L3,61311103,XR2,560.0
Platelets fluorescent,L3,61311103,XR2,558.0
Platelets fluorescent,L3,61311103,XR2,554.0
Platelets fluorescent,L3,61311103,XR2,561.0
Platelets fluorescent,L3,61311103,XR2,560.0
Platelets fluorescent,L1,53281101,XR3,85.0
Platelets fluorescent,L1,53281101,XR3,85.0
Platelets fluorescent,L1,53281101,XR3,87.0
Platelets fluorescent,L1,53281101,XR3,83.0
Platelets fluorescent,L1,53281101,XR3,88.0
Platelets fluorescent,L1,53281101,XR3,86.0
Platelets fluorescent,L1,53281101,XR3,84.0
Platelets fluorescent,L1,53281101,XR3,81.0
Platelets fluorescent,L1,53281101,XR3,87.0
Platelets fluorescent,L1,53281101,XR3,83.0
Platelets fluorescent,L1,53281101,XR3,84.0
Platelets fluorescent,L1,53281101,XR3,85.0
Platelets fluorescent,L1,53281101,XR3,87.0
Platelets fluorescent,L1,53281101,XR3,83.0
Platelets fluorescent,L1,53281101,XR3,83.0
Platelets fluorescent,L1,53281101,XR3,83.0
Platelets fluorescent,L1,53281101,XR3,85.0
Platelets fluorescent,L1,53281101,XR3,89.0
Platelets fluorescent,L1,53281101,XR3,87.0
Platelets fluorescent,L1,53281101,XR3,86.0
Platelets fluorescent,L1,53281101,XR3,81.0
Platelets fluorescent,L1,53281101,XR3,82.0
Platelets fluorescent,L1,53281101,XR3,84.0
Platelets fluorescent,L1,53281101,XR3,86.0
Platelets fluorescent,L1,53281101,XR3,83.0
Platelets fluorescent,L1,53281101,XR3,86.0
Platelets fluorescent,L1,53281101,XR3,85.0
Platelets fluorescent,L1,53281101,XR3,85.0
Platelets fluorescent,L1,53281101,XR3,83.0
Platelets fluorescent,L1,53281101,XR3,84.0
Platelets fluorescent,L1,53281101,XR3,83.0
Platelets fluorescent,L1,53281101,XR3,84.0
Platelets fluorescent,L1,53281101,XR3,85.0
Platelets fluorescent,L1,53281101,XR3,86.0
Platelets fluorescent,L1,53281101,XR3,84.0
Platelets fluorescent,L1,53281101,XR3,86.0
Platelets fluorescent,L1,53281101,XR3,82.0
Platelets fluorescent,L1,53281101,XR3,84.0
Platelets fluorescent,L1,53281101,XR3,84.0
Platelets fluorescent,L1,53281101,XR3,85.0
Platelets fluorescent,L1,53281101,XR3,85.0
Platelets fluorescent,L1,53281101,XR3,85.0
Platelets fluorescent,L1,53281101,XR3,85.0
Platelets fluorescent,L1,53281101,XR3,84.0
Platelets fluorescent,L1,53281101,XR3,86.0
Platelets fluorescent,L1,53281101,XR3,84.0
Platelets fluorescent,L1,53281101,XR3,87.0
Platelets fluorescent,L1,53281101,XR3,88.0
Platelets fluorescent,L1,53281101,XR3,85.0
Platelets fluorescent,L1,53281101,XR3,83.0
Platelets fluorescent,L1,53281101,XR3,84.0
Platelets fluorescent,L1,53281101,XR3,84.0
Platelets fluorescent,L1,53281101,XR3,83.0
Platelets fluorescent,L1,53281101,XR3,85.0
Platelets fluorescent,L1,53281101,XR3,84.0
Platelets fluorescent,L1,53281101,XR3,85.0
Platelets fluorescent,L1,53281101,XR3,86.0
Platelets fluorescent,L1,60191101,XR3,79.0
Platelets fluorescent,L1,60191101,XR3,81.0
Platelets fluorescent,L1,60191101,XR3,79.0
Platelets fluorescent,L1,60191101,XR3,82.0
Platelets fluorescent,L1,60191101,XR3,82.0
Platelets fluorescent,L1,60191101,XR3,82.0
Platelets fluorescent,L1,60191101,XR3,84.0
Platelets fluorescent,L1,60191101,XR3,81.0
Platelets fluorescent,L1,60191101,XR3,81.0
Platelets fluorescent,L1,60191101,XR3,81.0
Platelets fluorescent,L1,60191101,XR3,80.0
Platelets fluorescent,L1,60191101,XR3,82.0
Platelets fluorescent,L1,60191101,XR3,82.0
Platelets fluorescent,L1,60191101,XR3,82.0
Platelets fluorescent,L1,60191101,XR3,81.0
Platelets fluorescent,L1,60191101,XR3,79.0
Platelets fluorescent,L1,60191101,XR3,82.0
Platelets fluorescent,L1,60191101,XR3,80.0
Platelets fluorescent,L1,60191101,XR3,81.0
Platelets fluorescent,L1,60191101,XR3,80.0
Platelets fluorescent,L1,60191101,XR3,81.0
Platelets fluorescent,L1,60191101,XR3,81.0
Platelets fluorescent,L1,60191101,XR3,81.0
Platelets fluorescent,L1,60191101,XR3,80.0
Platelets fluorescent,L1,60191101,XR3,79.0
Platelets fluorescent,L1,60191101,XR3,81.0
Platelets fluorescent,L1,60191101,XR3,79.0
Platelets fluorescent,L1,60191101,XR3,81.0
Platelets fluorescent,L1,60191101,XR3,83.0
Platelets fluorescent,L1,60191101,XR3,82.0
Platelets fluorescent,L1,60191101,XR3,81.0
Platelets fluorescent,L1,60191101,XR3,81.0
Platelets fluorescent,L1,60191101,XR3,81.0
Platelets fluorescent,L1,60191101,XR3,79.0
Platelets fluorescent,L1,60191101,XR3,81.0
Platelets fluorescent,L1,60191101,XR3,80.0
Platelets fluorescent,L1,60191101,XR3,85.0
Platelets fluorescent,L1,60191101,XR3,82.0
Platelets fluorescent,L1,60191101,XR3,85.0
Platelets fluorescent,L1,60191101,XR3,80.0
Platelets fluorescent,L1,60191101,XR3,83.0
Platelets fluorescent,L1,60191101,XR3,81.0
Platelets fluorescent,L1,60191101,XR3,81.0
Platelets fluorescent,L1,60191101,XR3,77.0
Platelets fluorescent,L1,60191101,XR3,80.0
Platelets fluorescent,L1,60191101,XR3,81.0
Platelets fluorescent,L1,60191101,XR3,82.0
Platelets fluorescent,L1,60191101,XR3,81.0
Platelets fluorescent,L1,60191101,XR3,81.0
Platelets fluorescent,L1,60191101,XR3,83.0
Platelets fluorescent,L1,60191101,XR3,83.0
Platelets fluorescent,L1,60191101,XR3,79.0
Platelets fluorescent,L1,60191101,XR3,80.0
Platelets fluorescent,L1,60191101,XR3,83.0
Platelets fluorescent,L1,60191101,XR3,81.0
Platelets fluorescent,L1,60191101,XR3,80.0
Platelets fluorescent,L1,60191101,XR3,85.0
Platelets fluorescent,L1,60191101,XR3,78.0
Platelets fluorescent,L1,60191101,XR3,79.0
Platelets fluorescent,L1,60191101,XR3,82.0
Platelets fluorescent,L1,60191101,XR3,80.0
Platelets fluorescent,L1,60191101,XR3,77.0
Platelets fluorescent,L1,60191101,XR3,77.0
Platelets fluorescent,L1,60191101,XR3,78.0
Platelets fluorescent,L1,60191101,XR3,77.0
Platelets fluorescent,L1,60191101,XR3,75.0
Platelets fluorescent,L1,60191101,XR3,77.0
Platelets fluorescent,L1,60191101,XR3,77.0
Platelets fluorescent,L1,60191101,XR3,78.0
Platelets fluorescent,L1,60191101,XR3,80.0
Platelets fluorescent,L1,60191101,XR3,78.0
Platelets fluorescent,L1,60191101,XR3,77.0
Platelets fluorescent,L1,60191101,XR3,77.0
Platelets fluorescent,L1,60191101,XR3,76.0
Platelets fluorescent,L1,60191101,XR3,78.0
Platelets fluorescent,L1,60191101,XR3,77.0
Platelets fluorescent,L1,60191101,XR3,78.0
Platelets fluorescent,L1,60191101,XR3,76.0
Platelets fluorescent,L1,60191101,XR3,77.0
Platelets fluorescent,L1,60191101,XR3,76.0
Platelets fluorescent,L1,60191101,XR3,78.0
Platelets fluorescent,L1,60191101,XR3,79.0
Platelets fluorescent,L1,60191101,XR3,78.0
Platelets fluorescent,L1,60191101,XR3,76.0
Platelets fluorescent,L1,60191101,XR3,77.0
Platelets fluorescent,L1,60191101,XR3,75.0
Platelets fluorescent,L1,60191101,XR3,77.0
Platelets fluorescent,L1,60191101,XR3,76.0
Platelets fluorescent,L1,60191101,XR3,77.0
Platelets fluorescent,L1,60191101,XR3,78.0
Platelets fluorescent,L1,60191101,XR3,75.0
Platelets fluorescent,L1,60191101,XR3,77.0
Platelets fluorescent,L1,60191101,XR3,79.0
Platelets fluorescent,L1,60191101,XR3,76.0
Platelets fluorescent,L1,60191101,XR3,77.0
Platelets fluorescent,L1,60191101,XR3,77.0
Platelets fluorescent,L1,60191101,XR3,77.0
Platelets fluorescent,L1,60191101,XR3,79.0
Platelets fluorescent,L1,60191101,XR3,76.0
Platelets fluorescent,L1,60191101,XR3,76.0
Platelets fluorescent,L1,60191101,XR3,75.0
Platelets fluorescent,L1,60191101,XR3,75.0
Platelets fluorescent,L1,60191101,XR3,77.0
Platelets fluorescent,L1,60191101,XR3,77.0
Platelets fluorescent,L1,60191101,XR3,78.0
Platelets fluorescent,L1,60191101,XR3,79.0
Platelets fluorescent,L1,60191101,XR3,77.0
Platelets fluorescent,L1,60191101,XR3,76.0
Platelets fluorescent,L1,60191101,XR3,76.0
Platelets fluorescent,L1,60191101,XR3,76.0
Platelets fluorescent,L1,60191101,XR3,77.0
Platelets fluorescent,L1,60191101,XR3,76.0
Platelets fluorescent,L1,60191101,XR3,76.0
Platelets fluorescent,L1,60191101,XR3,76.0
Platelets fluorescent,L1,60191101,XR3,79.0
Platelets fluorescent,L1,60191101,XR3,78.0
Platelets fluorescent,L1,60751101,XR3,78.0
Platelets fluorescent,L1,60751101,XR3,74.0
Platelets fluorescent,L1,60751101,XR3,76.0
Platelets fluorescent,L1,60751101,XR3,76.0
Platelets fluorescent,L1,60751101,XR3,77.0
Platelets fluorescent,L1,60751101,XR3,78.0
Platelets fluorescent,L1,60751101,XR3,78.0
Platelets fluorescent,L1,60751101,XR3,79.0
Platelets fluorescent,L1,60751101,XR3,77.0
Platelets fluorescent,L1,60751101,XR3,77.0
Platelets fluorescent,L1,60751101,XR3,78.0
Platelets fluorescent,L1,60751101,XR3,78.0
Platelets fluorescent,L1,60751101,XR3,79.0
Platelets fluorescent,L1,60751101,XR3,77.0
Platelets fluorescent,L1,60751101,XR3,80.0
Platelets fluorescent,L1,60751101,XR3,82.0
Platelets fluorescent,L1,60751101,XR3,76.0
Platelets fluorescent,L1,60751101,XR3,76.0
Platelets fluorescent,L1,60751101,XR3,78.0
Platelets fluorescent,L1,60751101,XR3,78.0
Platelets fluorescent,L1,60751101,XR3,79.0
Platelets fluorescent,L1,60751101,XR3,79.0
Platelets fluorescent,L1,60751101,XR3,78.0
Platelets fluorescent,L1,60751101,XR3,76.0
Platelets fluorescent,L1,60751101,XR3,79.0
Platelets fluorescent,L1,60751101,XR3,78.0
Platelets fluorescent,L1,60751101,XR3,80.0
Platelets fluorescent,L1,60751101,XR3,77.0
Platelets fluorescent,L1,60751101,XR3,78.0
Platelets fluorescent,L1,60751101,XR3,79.0
Platelets fluorescent,L1,60751101,XR3,78.0
Platelets fluorescent,L1,60751101,XR3,75.0
Platelets fluorescent,L1,60751101,XR3,78.0
Platelets fluorescent,L1,60751101,XR3,77.0
Platelets fluorescent,L1,60751101,XR3,78.0
Platelets fluorescent,L1,60751101,XR3,77.0
Platelets fluorescent,L1,60751101,XR3,77.0
Platelets fluorescent,L1,60751101,XR3,78.0
Platelets fluorescent,L1,60751101,XR3,77.0
Platelets fluorescent,L1,60751101,XR3,77.0
Platelets fluorescent,L1,60751101,XR3,78.0
Platelets fluorescent,L1,60751101,XR3,76.0
Platelets fluorescent,L1,60751101,XR3,77.0
Platelets fluorescent,L1,60751101,XR3,79.0
Platelets fluorescent,L1,60751101,XR3,79.0
Platelets fluorescent,L1,60751101,XR3,77.0
Platelets fluorescent,L1,60751101,XR3,76.0
Platelets fluorescent,L1,60751101,XR3,78.0
Platelets fluorescent,L1,60751101,XR3,80.0
Platelets fluorescent,L1,60751101,XR3,77.0
Platelets fluorescent,L1,60751101,XR3,78.0
Platelets fluorescent,L1,60751101,XR3,77.0
Platelets fluorescent,L1,60751101,XR3,77.0
Platelets fluorescent,L1,60751101,XR3,75.0
Platelets fluorescent,L1,60751101,XR3,77.0
Platelets fluorescent,L1,60751101,XR3,77.0
Platelets fluorescent,L1,60751101,XR3,79.0
Platelets fluorescent,L1,60751101,XR3,77.0
Platelets fluorescent,L1,60751101,XR3,78.0
Platelets fluorescent,L1,60751101,XR3,77.0
Platelets fluorescent,L1,60751101,XR3,76.0
Platelets fluorescent,L1,60751101,XR3,74.0
Platelets fluorescent,L1,60751101,XR3,78.0
Platelets fluorescent,L1,60751101,XR3,77.0
Platelets fluorescent,L1,60751101,XR3,78.0
Platelets fluorescent,L1,60751101,XR3,76.0
Platelets fluorescent,L1,60751101,XR3,77.0
Platelets fluorescent,L1,60751101,XR3,79.0
Platelets fluorescent,L1,60751101,XR3,78.0
Platelets fluorescent,L1,60751101,XR3,78.0
Platelets fluorescent,L1,60751101,XR3,76.0
Platelets fluorescent,L1,60751101,XR3,77.0
Platelets fluorescent,L1,60751101,XR3,77.0
Platelets fluorescent,L1,60751101,XR3,77.0
Platelets fluorescent,L1,60751101,XR3,78.0
Platelets fluorescent,L1,60751101,XR3,77.0
Platelets fluorescent,L1,60751101,XR3,77.0
Platelets fluorescent,L1,60751101,XR3,79.0
Platelets fluorescent,L1,60751101,XR3,77.0
Platelets fluorescent,L1,60751101,XR3,76.0
Platelets fluorescent,L1,60751101,XR3,79.0
Platelets fluorescent,L1,60751101,XR3,80.0
Platelets fluorescent,L1,60751101,XR3,77.0
Platelets fluorescent,L1,60751101,XR3,76.0
Platelets fluorescent,L1,60751101,XR3,78.0
Platelets fluorescent,L1,60751101,XR3,80.0
Platelets fluorescent,L1,60751101,XR3,80.0
Platelets fluorescent,L1,60751101,XR3,78.0
Platelets fluorescent,L1,60751101,XR3,80.0
Platelets fluorescent,L1,60751101,XR3,77.0
Platelets fluorescent,L1,60751101,XR3,78.0
Platelets fluorescent,L1,60751101,XR3,79.0
Platelets fluorescent,L1,60751101,XR3,78.0
Platelets fluorescent,L1,60751101,XR3,76.0
Platelets fluorescent,L1,60751101,XR3,81.0
Platelets fluorescent,L1,60751101,XR3,77.0
Platelets fluorescent,L1,60751101,XR3,77.0
Platelets fluorescent,L1,60751101,XR3,77.0
Platelets fluorescent,L1,60751101,XR3,77.0
Platelets fluorescent,L1,60751101,XR3,78.0
Platelets fluorescent,L1,60751101,XR3,77.0
Platelets fluorescent,L1,60751101,XR3,77.0
Platelets fluorescent,L1,60751101,XR3,77.0
Platelets fluorescent,L1,60751101,XR3,77.0
Platelets fluorescent,L1,60751101,XR3,78.0
Platelets fluorescent,L1,60751101,XR3,75.0
Platelets fluorescent,L1,61311101,XR3,77.0
Platelets fluorescent,L1,60751101,XR3,77.0
Platelets fluorescent,L1,60751101,XR3,78.0
Platelets fluorescent,L1,60751101,XR3,75.0
Platelets fluorescent,L1,60751101,XR3,80.0
Platelets fluorescent,L1,60751101,XR3,77.0
Platelets fluorescent,L1,60751101,XR3,79.0
Platelets fluorescent,L1,60751101,XR3,79.0
Platelets fluorescent,L1,61311101,XR3,80.0
Platelets fluorescent,L1,61311101,XR3,78.0
Platelets fluorescent,L1,61311101,XR3,79.0
Platelets fluorescent,L1,61311101,XR3,78.0
Platelets fluorescent,L1,61311101,XR3,79.0
Platelets fluorescent,L1,61311101,XR3,77.0
Platelets fluorescent,L1,61311101,XR3,79.0
Platelets fluorescent,L1,61311101,XR3,78.0
Platelets fluorescent,L1,61311101,XR3,79.0
Platelets fluorescent,L1,61311101,XR3,78.0
Platelets fluorescent,L1,61311101,XR3,79.0
Platelets fluorescent,L1,61311101,XR3,77.0
Platelets fluorescent,L1,61311101,XR3,79.0
Platelets fluorescent,L1,61311101,XR3,79.0
Platelets fluorescent,L1,61311101,XR3,77.0
Platelets fluorescent,L1,61311101,XR3,76.0
Platelets fluorescent,L1,61311101,XR3,78.0
Platelets fluorescent,L1,61311101,XR3,76.0
Platelets fluorescent,L1,61311101,XR3,78.0
Platelets fluorescent,L1,61311101,XR3,78.0
Platelets fluorescent,L1,61311101,XR3,81.0
Platelets fluorescent,L1,61311101,XR3,78.0
Platelets fluorescent,L1,61311101,XR3,79.0
Platelets fluorescent,L1,61311101,XR3,78.0
Platelets fluorescent,L1,61311101,XR3,77.0
Platelets fluorescent,L1,61311101,XR3,80.0
Platelets fluorescent,L1,61311101,XR3,80.0
Platelets fluorescent,L1,61311101,XR3,79.0
Platelets fluorescent,L1,61311101,XR3,78.0
Platelets fluorescent,L1,61311101,XR3,78.0
Platelets fluorescent,L1,61311101,XR3,80.0
Platelets fluorescent,L1,61311101,XR3,78.0
Platelets fluorescent,L1,61311101,XR3,80.0
Platelets fluorescent,L1,61311101,XR3,77.0
Platelets fluorescent,L1,61311101,XR3,78.0
Platelets fluorescent,L1,61311101,XR3,79.0
Platelets fluorescent,L1,61311101,XR3,78.0
Platelets fluorescent,L1,61311101,XR3,78.0
Platelets fluorescent,L1,61311101,XR3,77.0
Platelets fluorescent,L1,61311101,XR3,79.0
Platelets fluorescent,L1,61311101,XR3,79.0
Platelets fluorescent,L1,61311101,XR3,76.0
Platelets fluorescent,L1,61311101,XR3,79.0
Platelets fluorescent,L1,61311101,XR3,78.0
Platelets fluorescent,L1,61311101,XR3,78.0
Platelets fluorescent,L1,61311101,XR3,78.0
Platelets fluorescent,L1,61311101,XR3,79.0
Platelets fluorescent,L1,61311101,XR3,79.0
Platelets fluorescent,L1,61311101,XR3,84.0
Platelets fluorescent,L1,61311101,XR3,78.0
Platelets fluorescent,L1,61311101,XR3,79.0
Platelets fluorescent,L1,61311101,XR3,77.0
Platelets fluorescent,L1,61311101,XR3,80.0
Platelets fluorescent,L1,61311101,XR3,78.0
Platelets fluorescent,L1,61311101,XR3,77.0
Platelets fluorescent,L1,61311101,XR3,78.0
Platelets fluorescent,L1,61311101,XR3,80.0
Platelets fluorescent,L1,61311101,XR3,78.0
Platelets fluorescent,L1,61311101,XR3,79.0
Platelets fluorescent,L1,61311101,XR3,79.0
Platelets fluorescent,L1,61311101,XR3,78.0
Platelets fluorescent,L1,61311101,XR3,77.0
Platelets fluorescent,L1,61311101,XR3,79.0
Platelets fluorescent,L1,61311101,XR3,79.0
Platelets fluorescent,L1,61311101,XR3,78.0
Platelets fluorescent,L1,61311101,XR3,78.0
Platelets fluorescent,L1,61311101,XR3,80.0
Platelets fluorescent,L1,61311101,XR3,80.0
Platelets fluorescent,L1,61311101,XR3,80.0
Platelets fluorescent,L1,61311101,XR3,78.0
Platelets fluorescent,L1,61311101,XR3,81.0
Platelets fluorescent,L1,61311101,XR3,78.0
Platelets fluorescent,L1,61311101,XR3,78.0
Platelets fluorescent,L1,61311101,XR3,78.0
Platelets fluorescent,L1,61311101,XR3,78.0
Platelets fluorescent,L1,61311101,XR3,78.0
Platelets fluorescent,L1,61311101,XR3,78.0
Platelets fluorescent,L1,61311101,XR3,76.0
Platelets fluorescent,L1,61311101,XR3,78.0
Platelets fluorescent,L1,61311101,XR3,78.0
Platelets fluorescent,L1,61311101,XR3,80.0
Platelets fluorescent,L1,61311101,XR3,77.0
Platelets fluorescent,L1,61311101,XR3,77.0
Platelets fluorescent,L1,61311101,XR3,81.0
Platelets fluorescent,L1,61311101,XR3,78.0
Platelets fluorescent,L1,61311101,XR3,79.0
Platelets fluorescent,L1,61311101,XR3,80.0
Platelets fluorescent,L1,61311101,XR3,78.0
Platelets fluorescent,L1,61311101,XR3,83.0
Platelets fluorescent,L1,61311101,XR3,78.0
Platelets fluorescent,L1,61311101,XR3,79.0
Platelets fluorescent,L1,61311101,XR3,79.0
Platelets fluorescent,L1,61311101,XR3,79.0
Platelets fluorescent,L1,61311101,XR3,78.0
Platelets fluorescent,L2,53281102,XR3,272.0
Platelets fluorescent,L2,53281102,XR3,278.0
Platelets fluorescent,L2,53281102,XR3,274.0
Platelets fluorescent,L2,53281102,XR3,274.0
Platelets fluorescent,L2,53281102,XR3,276.0
Platelets fluorescent,L2,53281102,XR3,276.0
Platelets fluorescent,L2,53281102,XR3,274.0
Platelets fluorescent,L2,53281102,XR3,272.0
Platelets fluorescent,L2,53281102,XR3,277.0
Platelets fluorescent,L2,53281102,XR3,269.0
Platelets fluorescent,L2,53281102,XR3,272.0
Platelets fluorescent,L2,53281102,XR3,277.0
Platelets fluorescent,L2,53281102,XR3,280.0
Platelets fluorescent,L2,53281102,XR3,276.0
Platelets fluorescent,L2,53281102,XR3,277.0
Platelets fluorescent,L2,53281102,XR3,280.0
Platelets fluorescent,L2,53281102,XR3,283.0
Platelets fluorescent,L2,53281102,XR3,277.0
Platelets fluorescent,L2,53281102,XR3,280.0
Platelets fluorescent,L2,53281102,XR3,280.0
Platelets fluorescent,L2,53281102,XR3,266.0
Platelets fluorescent,L2,53281102,XR3,271.0
Platelets fluorescent,L2,53281102,XR3,270.0
Platelets fluorescent,L2,53281102,XR3,280.0
Platelets fluorescent,L2,53281102,XR3,273.0
Platelets fluorescent,L2,53281102,XR3,274.0
Platelets fluorescent,L2,53281102,XR3,274.0
Platelets fluorescent,L2,53281102,XR3,272.0
Platelets fluorescent,L2,53281102,XR3,267.0
Platelets fluorescent,L2,53281102,XR3,268.0
Platelets fluorescent,L2,53281102,XR3,268.0
Platelets fluorescent,L2,53281102,XR3,270.0
Platelets fluorescent,L2,53281102,XR3,271.0
Platelets fluorescent,L2,53281102,XR3,280.0
Platelets fluorescent,L2,53281102,XR3,274.0
Platelets fluorescent,L2,53281102,XR3,272.0
Platelets fluorescent,L2,53281102,XR3,270.0
Platelets fluorescent,L2,53281102,XR3,279.0
Platelets fluorescent,L2,53281102,XR3,266.0
Platelets fluorescent,L2,53281102,XR3,270.0
Platelets fluorescent,L2,53281102,XR3,271.0
Platelets fluorescent,L2,53281102,XR3,282.0
Platelets fluorescent,L2,53281102,XR3,275.0
Platelets fluorescent,L2,53281102,XR3,268.0
Platelets fluorescent,L2,53281102,XR3,274.0
Platelets fluorescent,L2,53281102,XR3,274.0
Platelets fluorescent,L2,53281102,XR3,273.0
Platelets fluorescent,L2,53281102,XR3,275.0
Platelets fluorescent,L2,53281102,XR3,273.0
Platelets fluorescent,L2,53281102,XR3,272.0
Platelets fluorescent,L2,53281102,XR3,277.0
Platelets fluorescent,L2,53281102,XR3,274.0
Platelets fluorescent,L2,53281102,XR3,276.0
Platelets fluorescent,L2,53281102,XR3,273.0
Platelets fluorescent,L2,53281102,XR3,278.0
Platelets fluorescent,L2,53281102,XR3,276.0
Platelets fluorescent,L2,53281102,XR3,281.0
Platelets fluorescent,L2,53281102,XR3,282.0
Platelets fluorescent,L2,53281102,XR3,278.0
Platelets fluorescent,L2,53281102,XR3,274.0
Platelets fluorescent,L2,53281102,XR3,274.0
Platelets fluorescent,L2,53281102,XR3,276.0
Platelets fluorescent,L2,53281102,XR3,269.0
Platelets fluorescent,L2,53281102,XR3,281.0
Platelets fluorescent,L2,53281102,XR3,275.0
Platelets fluorescent,L2,53281102,XR3,273.0
Platelets fluorescent,L2,53281102,XR3,277.0
Platelets fluorescent,L2,53281102,XR3,285.0
Platelets fluorescent,L2,53281102,XR3,283.0
Platelets fluorescent,L2,53281102,XR3,274.0
Platelets fluorescent,L2,53281102,XR3,277.0
Platelets fluorescent,L2,53281102,XR3,278.0
Platelets fluorescent,L2,53281102,XR3,279.0
Platelets fluorescent,L2,53281102,XR3,280.0
Platelets fluorescent,L2,53281102,XR3,283.0
Platelets fluorescent,L2,53281102,XR3,287.0
Platelets fluorescent,L2,53281102,XR3,283.0
Platelets fluorescent,L2,53281102,XR3,285.0
Platelets fluorescent,L2,53281102,XR3,285.0
Platelets fluorescent,L2,53281102,XR3,284.0
Platelets fluorescent,L2,53281102,XR3,284.0
Platelets fluorescent,L2,53281102,XR3,289.0
Platelets fluorescent,L2,53281102,XR3,282.0
Platelets fluorescent,L2,53281102,XR3,278.0
Platelets fluorescent,L2,53281102,XR3,284.0
Platelets fluorescent,L2,53281102,XR3,275.0
Platelets fluorescent,L2,53281102,XR3,278.0
Platelets fluorescent,L2,53281102,XR3,277.0
Platelets fluorescent,L2,53281102,XR3,281.0
Platelets fluorescent,L2,53281102,XR3,276.0
Platelets fluorescent,L2,53281102,XR3,276.0
Platelets fluorescent,L2,53281102,XR3,272.0
Platelets fluorescent,L2,53281102,XR3,283.0
Platelets fluorescent,L2,53281102,XR3,273.0
Platelets fluorescent,L2,53281102,XR3,280.0
Platelets fluorescent,L2,53281102,XR3,283.0
Platelets fluorescent,L2,53281102,XR3,285.0
Platelets fluorescent,L2,53281102,XR3,283.0
Platelets fluorescent,L2,53281102,XR3,282.0
Platelets fluorescent,L2,53281102,XR3,289.0
Platelets fluorescent,L2,53281102,XR3,286.0
Platelets fluorescent,L2,53281102,XR3,287.0
Platelets fluorescent,L2,53281102,XR3,286.0
Platelets fluorescent,L2,53281102,XR3,289.0
Platelets fluorescent,L2,53281102,XR3,284.0
Platelets fluorescent,L2,53281102,XR3,287.0
Platelets fluorescent,L2,53281102,XR3,291.0
Platelets fluorescent,L2,53281102,XR3,288.0
Platelets fluorescent,L2,53281102,XR3,283.0
Platelets fluorescent,L2,53281102,XR3,282.0
Platelets fluorescent,L2,53281102,XR3,293.0
Platelets fluorescent,L2,53281102,XR3,289.0
Platelets fluorescent,L2,53281102,XR3,305.0
Platelets fluorescent,L2,53281102,XR3,292.0
Platelets fluorescent,L2,53281102,XR3,293.0
Platelets fluorescent,L2,53281102,XR3,294.0
Platelets fluorescent,L2,53281102,XR3,292.0
Platelets fluorescent,L2,53281102,XR3,301.0
Platelets fluorescent,L2,53281102,XR3,288.0
Platelets fluorescent,L2,53281102,XR3,290.0
Platelets fluorescent,L2,53281102,XR3,282.0
Platelets fluorescent,L2,53281102,XR3,286.0
Platelets fluorescent,L2,53281102,XR3,282.0
Platelets fluorescent,L2,53281102,XR3,309.0
Platelets fluorescent,L2,53281102,XR3,282.0
Platelets fluorescent,L2,53281102,XR3,299.0
Platelets fluorescent,L2,53281102,XR3,294.0
Platelets fluorescent,L2,53281102,XR3,315.0
Platelets fluorescent,L2,53281102,XR3,294.0
Platelets fluorescent,L2,53281102,XR3,293.0
Platelets fluorescent,L2,53281102,XR3,282.0
Platelets fluorescent,L2,53281102,XR3,299.0
Platelets fluorescent,L2,53281102,XR3,294.0
Platelets fluorescent,L2,53281102,XR3,300.0
Platelets fluorescent,L2,53281102,XR3,288.0
Platelets fluorescent,L2,53281102,XR3,291.0
Platelets fluorescent,L2,53281102,XR3,296.0
Platelets fluorescent,L2,53281102,XR3,291.0
Platelets fluorescent,L2,53281102,XR3,289.0
Platelets fluorescent,L2,53281102,XR3,300.0
Platelets fluorescent,L2,53281102,XR3,296.0
Platelets fluorescent,L2,53281102,XR3,284.0
Platelets fluorescent,L2,53281102,XR3,297.0
Platelets fluorescent,L2,53281102,XR3,286.0
Platelets fluorescent,L2,53281102,XR3,293.0
Platelets fluorescent,L2,53281102,XR3,300.0
Platelets fluorescent,L2,53281102,XR3,305.0
Platelets fluorescent,L2,53281102,XR3,305.0
Platelets fluorescent,L2,53281102,XR3,292.0
Platelets fluorescent,L2,53281102,XR3,306.0
Platelets fluorescent,L2,53281102,XR3,292.0
Platelets fluorescent,L2,53281102,XR3,287.0
Platelets fluorescent,L2,53281102,XR3,295.0
Platelets fluorescent,L2,53281102,XR3,294.0
Platelets fluorescent,L2,53281102,XR3,309.0
Platelets fluorescent,L2,53281102,XR3,293.0
Platelets fluorescent,L2,53281102,XR3,298.0
Platelets fluorescent,L2,60191102,XR3,277.0
Platelets fluorescent,L2,60191102,XR3,268.0
Platelets fluorescent,L2,60191102,XR3,275.0
Platelets fluorescent,L2,60191102,XR3,273.0
Platelets fluorescent,L2,60191102,XR3,268.0
Platelets fluorescent,L2,60191102,XR3,265.0
Platelets fluorescent,L2,60191102,XR3,269.0
Platelets fluorescent,L2,60191102,XR3,274.0
Platelets fluorescent,L2,60191102,XR3,269.0
Platelets fluorescent,L2,60191102,XR3,261.0
Platelets fluorescent,L2,60191102,XR3,268.0
Platelets fluorescent,L2,60191102,XR3,269.0
Platelets fluorescent,L2,60191102,XR3,278.0
Platelets fluorescent,L2,60191102,XR3,271.0
Platelets fluorescent,L2,60191102,XR3,270.0
Platelets fluorescent,L2,60191102,XR3,267.0
Platelets fluorescent,L2,60191102,XR3,272.0
Platelets fluorescent,L2,60191102,XR3,266.0
Platelets fluorescent,L2,60191102,XR3,271.0
Platelets fluorescent,L2,60191102,XR3,268.0
Platelets fluorescent,L2,60191102,XR3,280.0
Platelets fluorescent,L2,60191102,XR3,287.0
Platelets fluorescent,L2,60191102,XR3,273.0
Platelets fluorescent,L2,60191102,XR3,272.0
Platelets fluorescent,L2,60191102,XR3,269.0
Platelets fluorescent,L2,60191102,XR3,273.0
Platelets fluorescent,L2,60191102,XR3,270.0
Platelets fluorescent,L2,60191102,XR3,270.0
Platelets fluorescent,L2,60191102,XR3,262.0
Platelets fluorescent,L2,60191102,XR3,273.0
Platelets fluorescent,L2,60191102,XR3,273.0
Platelets fluorescent,L2,60191102,XR3,265.0
Platelets fluorescent,L2,60191102,XR3,267.0
Platelets fluorescent,L2,60191102,XR3,269.0
Platelets fluorescent,L2,60191102,XR3,265.0
Platelets fluorescent,L2,60191102,XR3,268.0
Platelets fluorescent,L2,60191102,XR3,267.0
Platelets fluorescent,L2,60191102,XR3,270.0
Platelets fluorescent,L2,60191102,XR3,260.0
Platelets fluorescent,L2,60191102,XR3,280.0
Platelets fluorescent,L2,60191102,XR3,273.0
Platelets fluorescent,L2,60191102,XR3,295.0
Platelets fluorescent,L2,60191102,XR3,269.0
Platelets fluorescent,L2,60191102,XR3,279.0
Platelets fluorescent,L2,60191102,XR3,297.0
Platelets fluorescent,L2,60191102,XR3,269.0
Platelets fluorescent,L2,60191102,XR3,276.0
Platelets fluorescent,L2,60191102,XR3,272.0
Platelets fluorescent,L2,60191102,XR3,280.0
Platelets fluorescent,L2,60191102,XR3,272.0
Platelets fluorescent,L2,60191102,XR3,264.0
Platelets fluorescent,L2,60191102,XR3,280.0
Platelets fluorescent,L2,60191102,XR3,259.0
Platelets fluorescent,L2,60191102,XR3,257.0
Platelets fluorescent,L2,60191102,XR3,278.0
Platelets fluorescent,L2,60191102,XR3,278.0
Platelets fluorescent,L2,60191102,XR3,274.0
Platelets fluorescent,L2,60191102,XR3,275.0
Platelets fluorescent,L2,60191102,XR3,275.0
Platelets fluorescent,L2,60191102,XR3,278.0
Platelets fluorescent,L2,60191102,XR3,276.0
Platelets fluorescent,L2,60191102,XR3,270.0
Platelets fluorescent,L2,60191102,XR3,282.0
Platelets fluorescent,L2,60191102,XR3,275.0
Platelets fluorescent,L2,60191102,XR3,279.0
Platelets fluorescent,L2,60191102,XR3,313.0
Platelets fluorescent,L2,60191102,XR3,277.0
Platelets fluorescent,L2,60191102,XR3,275.0
Platelets fluorescent,L2,60191102,XR3,266.0
Platelets fluorescent,L2,60191102,XR3,280.0
Platelets fluorescent,L2,60191102,XR3,271.0
Platelets fluorescent,L2,60191102,XR3,272.0
Platelets fluorescent,L2,60191102,XR3,278.0
Platelets fluorescent,L2,60191102,XR3,271.0
Platelets fluorescent,L2,60191102,XR3,276.0
Platelets fluorescent,L2,60191102,XR3,283.0
Platelets fluorescent,L2,60191102,XR3,272.0
Platelets fluorescent,L2,60191102,XR3,269.0
Platelets fluorescent,L2,60191102,XR3,277.0
Platelets fluorescent,L2,60191102,XR3,281.0
Platelets fluorescent,L2,60191102,XR3,274.0
Platelets fluorescent,L2,60191102,XR3,282.0
Platelets fluorescent,L2,60191102,XR3,286.0
Platelets fluorescent,L2,60191102,XR3,295.0
Platelets fluorescent,L2,60191102,XR3,285.0
Platelets fluorescent,L2,60191102,XR3,287.0
Platelets fluorescent,L2,60191102,XR3,303.0
Platelets fluorescent,L2,60191102,XR3,274.0
Platelets fluorescent,L2,60191102,XR3,254.0
Platelets fluorescent,L2,60191102,XR3,263.0
Platelets fluorescent,L2,60191102,XR3,256.0
Platelets fluorescent,L2,60191102,XR3,253.0
Platelets fluorescent,L2,60191102,XR3,249.0
Platelets fluorescent,L2,60191102,XR3,258.0
Platelets fluorescent,L2,60191102,XR3,253.0
Platelets fluorescent,L2,60191102,XR3,256.0
Platelets fluorescent,L2,60191102,XR3,261.0
Platelets fluorescent,L2,60191102,XR3,261.0
Platelets fluorescent,L2,60191102,XR3,254.0
Platelets fluorescent,L2,60191102,XR3,266.0
Platelets fluorescent,L2,60191102,XR3,256.0
Platelets fluorescent,L2,60191102,XR3,262.0
Platelets fluorescent,L2,60191102,XR3,265.0
Platelets fluorescent,L2,60191102,XR3,264.0
Platelets fluorescent,L2,60191102,XR3,255.0
Platelets fluorescent,L2,60191102,XR3,262.0
Platelets fluorescent,L2,60191102,XR3,259.0
Platelets fluorescent,L2,60191102,XR3,268.0
Platelets fluorescent,L2,60191102,XR3,256.0
Platelets fluorescent,L2,60191102,XR3,275.0
Platelets fluorescent,L2,60191102,XR3,268.0
Platelets fluorescent,L2,60191102,XR3,254.0
Platelets fluorescent,L2,60191102,XR3,265.0
Platelets fluorescent,L2,60191102,XR3,263.0
Platelets fluorescent,L2,60191102,XR3,260.0
Platelets fluorescent,L2,60191102,XR3,261.0
Platelets fluorescent,L2,60191102,XR3,270.0
Platelets fluorescent,L2,60191102,XR3,256.0
Platelets fluorescent,L2,60191102,XR3,274.0
Platelets fluorescent,L2,60191102,XR3,260.0
Platelets fluorescent,L2,60191102,XR3,269.0
Platelets fluorescent,L2,60191102,XR3,273.0
Platelets fluorescent,L2,60191102,XR3,262.0
Platelets fluorescent,L2,60191102,XR3,268.0
Platelets fluorescent,L2,60191102,XR3,277.0
Platelets fluorescent,L2,60191102,XR3,257.0
Platelets fluorescent,L2,60191102,XR3,268.0
Platelets fluorescent,L2,60191102,XR3,272.0
Platelets fluorescent,L2,60191102,XR3,270.0
Platelets fluorescent,L2,60191102,XR3,271.0
Platelets fluorescent,L2,60191102,XR3,299.0
Platelets fluorescent,L2,60191102,XR3,264.0
Platelets fluorescent,L2,60191102,XR3,268.0
Platelets fluorescent,L2,60191102,XR3,266.0
Platelets fluorescent,L2,60191102,XR3,263.0
Platelets fluorescent,L2,60191102,XR3,257.0
Platelets fluorescent,L2,60191102,XR3,259.0
Platelets fluorescent,L2,60191102,XR3,259.0
Platelets fluorescent,L2,60191102,XR3,257.0
Platelets fluorescent,L2,60191102,XR3,268.0
Platelets fluorescent,L2,60191102,XR3,270.0
Platelets fluorescent,L2,60191102,XR3,267.0
Platelets fluorescent,L2,60191102,XR3,256.0
Platelets fluorescent,L2,60191102,XR3,257.0
Platelets fluorescent,L2,60191102,XR3,260.0
Platelets fluorescent,L2,60191102,XR3,258.0
Platelets fluorescent,L2,60191102,XR3,262.0
Platelets fluorescent,L2,60191102,XR3,279.0
Platelets fluorescent,L2,60191102,XR3,275.0
Platelets fluorescent,L2,60191102,XR3,266.0
Platelets fluorescent,L2,60191102,XR3,270.0
Platelets fluorescent,L2,60191102,XR3,277.0
Platelets fluorescent,L2,60191102,XR3,263.0
Platelets fluorescent,L2,60191102,XR3,263.0
Platelets fluorescent,L2,60191102,XR3,274.0
Platelets fluorescent,L2,60191102,XR3,264.0
Platelets fluorescent,L2,60191102,XR3,268.0
Platelets fluorescent,L2,60191102,XR3,267.0
Platelets fluorescent,L2,60191102,XR3,269.0
Platelets fluorescent,L2,60191102,XR3,258.0
Platelets fluorescent,L2,60191102,XR3,258.0
Platelets fluorescent,L2,60191102,XR3,263.0
Platelets fluorescent,L2,60191102,XR3,272.0
Platelets fluorescent,L2,60191102,XR3,269.0
Platelets fluorescent,L2,60191102,XR3,261.0
Platelets fluorescent,L2,60191102,XR3,262.0
Platelets fluorescent,L2,60191102,XR3,270.0
Platelets fluorescent,L2,60191102,XR3,268.0
Platelets fluorescent,L2,60191102,XR3,286.0
Platelets fluorescent,L2,60751102,XR3,269.0
Platelets fluorescent,L2,60751102,XR3,266.0
Platelets fluorescent,L2,60751102,XR3,266.0
Platelets fluorescent,L2,60751102,XR3,255.0
Platelets fluorescent,L2,60751102,XR3,269.0
Platelets fluorescent,L2,60751102,XR3,267.0
Platelets fluorescent,L2,60751102,XR3,260.0
Platelets fluorescent,L2,60751102,XR3,271.0
Platelets fluorescent,L2,60751102,XR3,265.0
Platelets fluorescent,L2,60751102,XR3,257.0
Platelets fluorescent,L2,60751102,XR3,258.0
Platelets fluorescent,L2,60751102,XR3,269.0
Platelets fluorescent,L2,60751102,XR3,261.0
Platelets fluorescent,L2,60751102,XR3,261.0
Platelets fluorescent,L2,60751102,XR3,267.0
Platelets fluorescent,L2,60751102,XR3,258.0
Platelets fluorescent,L2,60751102,XR3,278.0
Platelets fluorescent,L2,60751102,XR3,274.0
Platelets fluorescent,L2,60751102,XR3,261.0
Platelets fluorescent,L2,60751102,XR3,287.0
Platelets fluorescent,L2,60751102,XR3,266.0
Platelets fluorescent,L2,60751102,XR3,267.0
Platelets fluorescent,L2,60751102,XR3,260.0
Platelets fluorescent,L2,60751102,XR3,266.0
Platelets fluorescent,L2,60751102,XR3,263.0
Platelets fluorescent,L2,60751102,XR3,265.0
Platelets fluorescent,L2,60751102,XR3,271.0
Platelets fluorescent,L2,60751102,XR3,268.0
Platelets fluorescent,L2,60751102,XR3,270.0
Platelets fluorescent,L2,60751102,XR3,263.0
Platelets fluorescent,L2,60751102,XR3,267.0
Platelets fluorescent,L2,60751102,XR3,258.0
Platelets fluorescent,L2,60751102,XR3,267.0
Platelets fluorescent,L2,60751102,XR3,265.0
Platelets fluorescent,L2,60751102,XR3,274.0
Platelets fluorescent,L2,60751102,XR3,264.0
Platelets fluorescent,L2,60751102,XR3,283.0
Platelets fluorescent,L2,60751102,XR3,301.0
Platelets fluorescent,L2,60751102,XR3,279.0
Platelets fluorescent,L2,60751102,XR3,283.0
Platelets fluorescent,L2,60751102,XR3,293.0
Platelets fluorescent,L2,60751102,XR3,272.0
Platelets fluorescent,L2,60751102,XR3,271.0
Platelets fluorescent,L2,60751102,XR3,272.0
Platelets fluorescent,L2,60751102,XR3,265.0
Platelets fluorescent,L2,60751102,XR3,272.0
Platelets fluorescent,L2,60751102,XR3,266.0
Platelets fluorescent,L2,60751102,XR3,282.0
Platelets fluorescent,L2,60751102,XR3,278.0
Platelets fluorescent,L2,60751102,XR3,275.0
Platelets fluorescent,L2,60751102,XR3,275.0
Platelets fluorescent,L2,60751102,XR3,272.0
Platelets fluorescent,L2,60751102,XR3,280.0
Platelets fluorescent,L2,60751102,XR3,284.0
Platelets fluorescent,L2,60751102,XR3,265.0
Platelets fluorescent,L2,60751102,XR3,271.0
Platelets fluorescent,L2,60751102,XR3,287.0
Platelets fluorescent,L2,60751102,XR3,277.0
Platelets fluorescent,L2,60751102,XR3,282.0
Platelets fluorescent,L2,60751102,XR3,276.0
Platelets fluorescent,L2,60751102,XR3,300.0
Platelets fluorescent,L2,60751102,XR3,293.0
Platelets fluorescent,L2,60751102,XR3,273.0
Platelets fluorescent,L2,60751102,XR3,278.0
Platelets fluorescent,L2,60751102,XR3,273.0
Platelets fluorescent,L2,60751102,XR3,272.0
Platelets fluorescent,L2,60751102,XR3,265.0
Platelets fluorescent,L2,60751102,XR3,270.0
Platelets fluorescent,L2,60751102,XR3,274.0
Platelets fluorescent,L2,60751102,XR3,273.0
Platelets fluorescent,L2,60751102,XR3,278.0
Platelets fluorescent,L2,60751102,XR3,278.0
Platelets fluorescent,L2,60751102,XR3,272.0
Platelets fluorescent,L2,60751102,XR3,284.0
Platelets fluorescent,L2,60751102,XR3,274.0
Platelets fluorescent,L2,60751102,XR3,279.0
Platelets fluorescent,L2,60751102,XR3,277.0
Platelets fluorescent,L2,60751102,XR3,276.0
Platelets fluorescent,L2,60751102,XR3,274.0
Platelets fluorescent,L2,60751102,XR3,293.0
Platelets fluorescent,L2,60751102,XR3,282.0
Platelets fluorescent,L2,60751102,XR3,282.0
Platelets fluorescent,L2,60751102,XR3,279.0
Platelets fluorescent,L2,60751102,XR3,275.0
Platelets fluorescent,L2,60751102,XR3,279.0
Platelets fluorescent,L2,60751102,XR3,272.0
Platelets fluorescent,L2,60751102,XR3,272.0
Platelets fluorescent,L2,60751102,XR3,275.0
Platelets fluorescent,L2,60751102,XR3,268.0
Platelets fluorescent,L2,60751102,XR3,273.0
Platelets fluorescent,L2,60751102,XR3,276.0
Platelets fluorescent,L2,60751102,XR3,274.0
Platelets fluorescent,L2,60751102,XR3,278.0
Platelets fluorescent,L2,60751102,XR3,278.0
Platelets fluorescent,L2,60751102,XR3,278.0
Platelets fluorescent,L2,60751102,XR3,278.0
Platelets fluorescent,L2,60751102,XR3,268.0
Platelets fluorescent,L2,60751102,XR3,276.0
Platelets fluorescent,L2,60751102,XR3,276.0
Platelets fluorescent,L2,60751102,XR3,273.0
Platelets fluorescent,L2,60751102,XR3,282.0
Platelets fluorescent,L2,60751102,XR3,286.0
Platelets fluorescent,L2,60751102,XR3,292.0
Platelets fluorescent,L2,60751102,XR3,294.0
Platelets fluorescent,L2,60751102,XR3,281.0
Platelets fluorescent,L2,60751102,XR3,292.0
Platelets fluorescent,L2,60751102,XR3,297.0
Platelets fluorescent,L2,60751102,XR3,307.0
Platelets fluorescent,L2,60751102,XR3,278.0
Platelets fluorescent,L2,60751102,XR3,298.0
Platelets fluorescent,L2,60751102,XR3,280.0
Platelets fluorescent,L2,60751102,XR3,278.0
Platelets fluorescent,L2,60751102,XR3,279.0
Platelets fluorescent,L2,60751102,XR3,274.0
Platelets fluorescent,L2,60751102,XR3,278.0
Platelets fluorescent,L2,60751102,XR3,278.0
Platelets fluorescent,L2,60751102,XR3,278.0
Platelets fluorescent,L2,60751102,XR3,271.0
Platelets fluorescent,L2,60751102,XR3,277.0
Platelets fluorescent,L2,60751102,XR3,278.0
Platelets fluorescent,L2,60751102,XR3,281.0
Platelets fluorescent,L2,60751102,XR3,271.0
Platelets fluorescent,L2,60751102,XR3,291.0
Platelets fluorescent,L2,60751102,XR3,282.0
Platelets fluorescent,L2,60751102,XR3,288.0
Platelets fluorescent,L2,60751102,XR3,298.0
Platelets fluorescent,L2,60751102,XR3,286.0
Platelets fluorescent,L2,60751102,XR3,289.0
Platelets fluorescent,L2,60751102,XR3,290.0
Platelets fluorescent,L2,60751102,XR3,287.0
Platelets fluorescent,L2,60751102,XR3,275.0
Platelets fluorescent,L2,60751102,XR3,287.0
Platelets fluorescent,L2,60751102,XR3,277.0
Platelets fluorescent,L2,60751102,XR3,278.0
Platelets fluorescent,L2,60751102,XR3,280.0
Platelets fluorescent,L2,60751102,XR3,282.0
Platelets fluorescent,L2,60751102,XR3,273.0
Platelets fluorescent,L2,60751102,XR3,280.0
Platelets fluorescent,L2,60751102,XR3,281.0
Platelets fluorescent,L2,60751102,XR3,273.0
Platelets fluorescent,L2,60751102,XR3,282.0
Platelets fluorescent,L2,60751102,XR3,280.0
Platelets fluorescent,L2,60751102,XR3,271.0
Platelets fluorescent,L2,60751102,XR3,290.0
Platelets fluorescent,L2,60751102,XR3,281.0
Platelets fluorescent,L2,60751102,XR3,281.0
Platelets fluorescent,L2,60751102,XR3,292.0
Platelets fluorescent,L2,60751102,XR3,292.0
Platelets fluorescent,L2,60751102,XR3,285.0
Platelets fluorescent,L2,60751102,XR3,289.0
Platelets fluorescent,L2,60751102,XR3,282.0
Platelets fluorescent,L2,60751102,XR3,271.0
Platelets fluorescent,L2,60751102,XR3,287.0
Platelets fluorescent,L2,60751102,XR3,287.0
Platelets fluorescent,L2,60751102,XR3,278.0
Platelets fluorescent,L2,60751102,XR3,280.0
Platelets fluorescent,L2,60751102,XR3,281.0
Platelets fluorescent,L2,60751102,XR3,271.0
Platelets fluorescent,L2,61311102,XR3,280.0
Platelets fluorescent,L2,60751102,XR3,281.0
Platelets fluorescent,L2,60751102,XR3,294.0
Platelets fluorescent,L2,60751102,XR3,298.0
Platelets fluorescent,L2,60751102,XR3,279.0
Platelets fluorescent,L2,60751102,XR3,291.0
Platelets fluorescent,L2,60751102,XR3,275.0
Platelets fluorescent,L2,60751102,XR3,286.0
Platelets fluorescent,L2,60751102,XR3,279.0
Platelets fluorescent,L2,60751102,XR3,294.0
Platelets fluorescent,L2,60751102,XR3,303.0
Platelets fluorescent,L2,61311102,XR3,262.0
Platelets fluorescent,L2,61311102,XR3,268.0
Platelets fluorescent,L2,61311102,XR3,267.0
Platelets fluorescent,L2,61311102,XR3,262.0
Platelets fluorescent,L2,61311102,XR3,252.0
Platelets fluorescent,L2,61311102,XR3,258.0
Platelets fluorescent,L2,61311102,XR3,254.0
Platelets fluorescent,L2,61311102,XR3,261.0
Platelets fluorescent,L2,61311102,XR3,263.0
Platelets fluorescent,L2,61311102,XR3,264.0
Platelets fluorescent,L2,61311102,XR3,258.0
Platelets fluorescent,L2,61311102,XR3,257.0
Platelets fluorescent,L2,61311102,XR3,259.0
Platelets fluorescent,L2,61311102,XR3,258.0
Platelets fluorescent,L2,61311102,XR3,267.0
Platelets fluorescent,L2,61311102,XR3,270.0
Platelets fluorescent,L2,61311102,XR3,254.0
Platelets fluorescent,L2,61311102,XR3,263.0
Platelets fluorescent,L2,61311102,XR3,261.0
Platelets fluorescent,L2,61311102,XR3,263.0
Platelets fluorescent,L2,61311102,XR3,268.0
Platelets fluorescent,L2,61311102,XR3,257.0
Platelets fluorescent,L2,61311102,XR3,264.0
Platelets fluorescent,L2,61311102,XR3,259.0
Platelets fluorescent,L2,61311102,XR3,267.0
Platelets fluorescent,L2,61311102,XR3,255.0
Platelets fluorescent,L2,61311102,XR3,257.0
Platelets fluorescent,L2,61311102,XR3,260.0
Platelets fluorescent,L2,61311102,XR3,264.0
Platelets fluorescent,L2,61311102,XR3,260.0
Platelets fluorescent,L2,61311102,XR3,259.0
Platelets fluorescent,L2,61311102,XR3,258.0
Platelets fluorescent,L2,61311102,XR3,258.0
Platelets fluorescent,L2,61311102,XR3,264.0
Platelets fluorescent,L2,61311102,XR3,252.0
Platelets fluorescent,L2,61311102,XR3,258.0
Platelets fluorescent,L2,61311102,XR3,273.0
Platelets fluorescent,L2,61311102,XR3,267.0
Platelets fluorescent,L2,61311102,XR3,268.0
Platelets fluorescent,L2,61311102,XR3,269.0
Platelets fluorescent,L2,61311102,XR3,260.0
Platelets fluorescent,L2,61311102,XR3,281.0
Platelets fluorescent,L2,61311102,XR3,270.0
Platelets fluorescent,L2,61311102,XR3,265.0
Platelets fluorescent,L2,61311102,XR3,270.0
Platelets fluorescent,L2,61311102,XR3,267.0
Platelets fluorescent,L2,61311102,XR3,260.0
Platelets fluorescent,L2,61311102,XR3,249.0
Platelets fluorescent,L2,61311102,XR3,269.0
Platelets fluorescent,L2,61311102,XR3,266.0
Platelets fluorescent,L2,61311102,XR3,259.0
Platelets fluorescent,L2,61311102,XR3,271.0
Platelets fluorescent,L2,61311102,XR3,260.0
Platelets fluorescent,L2,61311102,XR3,276.0
Platelets fluorescent,L2,61311102,XR3,275.0
Platelets fluorescent,L2,61311102,XR3,268.0
Platelets fluorescent,L2,61311102,XR3,280.0
Platelets fluorescent,L2,61311102,XR3,277.0
Platelets fluorescent,L2,61311102,XR3,271.0
Platelets fluorescent,L2,61311102,XR3,265.0
Platelets fluorescent,L2,61311102,XR3,271.0
Platelets fluorescent,L2,61311102,XR3,271.0
Platelets fluorescent,L2,61311102,XR3,272.0
Platelets fluorescent,L2,61311102,XR3,286.0
Platelets fluorescent,L2,61311102,XR3,273.0
Platelets fluorescent,L2,61311102,XR3,262.0
Platelets fluorescent,L2,61311102,XR3,266.0
Platelets fluorescent,L2,61311102,XR3,260.0
Platelets fluorescent,L2,61311102,XR3,277.0
Platelets fluorescent,L2,61311102,XR3,276.0
Platelets fluorescent,L2,61311102,XR3,277.0
Platelets fluorescent,L2,61311102,XR3,272.0
Platelets fluorescent,L2,61311102,XR3,267.0
Platelets fluorescent,L2,61311102,XR3,266.0
Platelets fluorescent,L2,61311102,XR3,277.0
Platelets fluorescent,L2,61311102,XR3,267.0
Platelets fluorescent,L2,61311102,XR3,271.0
Platelets fluorescent,L2,61311102,XR3,271.0
Platelets fluorescent,L2,61311102,XR3,266.0
Platelets fluorescent,L2,61311102,XR3,263.0
Platelets fluorescent,L2,61311102,XR3,267.0
Platelets fluorescent,L2,61311102,XR3,265.0
Platelets fluorescent,L2,61311102,XR3,265.0
Platelets fluorescent,L2,61311102,XR3,286.0
Platelets fluorescent,L2,61311102,XR3,277.0
Platelets fluorescent,L2,61311102,XR3,279.0
Platelets fluorescent,L2,61311102,XR3,285.0
Platelets fluorescent,L2,61311102,XR3,271.0
Platelets fluorescent,L2,61311102,XR3,272.0
Platelets fluorescent,L2,61311102,XR3,276.0
Platelets fluorescent,L2,61311102,XR3,275.0
Platelets fluorescent,L2,61311102,XR3,269.0
Platelets fluorescent,L2,61311102,XR3,273.0
Platelets fluorescent,L2,61311102,XR3,272.0
Platelets fluorescent,L2,61311102,XR3,273.0
Platelets fluorescent,L2,61311102,XR3,268.0
Platelets fluorescent,L2,61311102,XR3,280.0
Platelets fluorescent,L2,61311102,XR3,270.0
Platelets fluorescent,L2,61311102,XR3,273.0
Platelets fluorescent,L2,61311102,XR3,279.0
Platelets fluorescent,L2,61311102,XR3,272.0
Platelets fluorescent,L2,61311102,XR3,287.0
Platelets fluorescent,L2,61311102,XR3,273.0
Platelets fluorescent,L2,61311102,XR3,273.0
Platelets fluorescent,L2,61311102,XR3,284.0
Platelets fluorescent,L2,61311102,XR3,270.0
Platelets fluorescent,L2,61311102,XR3,274.0
Platelets fluorescent,L2,61311102,XR3,269.0
Platelets fluorescent,L2,61311102,XR3,264.0
Platelets fluorescent,L2,61311102,XR3,252.0
Platelets fluorescent,L2,61311102,XR3,265.0
Platelets fluorescent,L2,61311102,XR3,266.0
Platelets fluorescent,L2,61311102,XR3,268.0
Platelets fluorescent,L2,61311102,XR3,270.0
Platelets fluorescent,L2,61311102,XR3,269.0
Platelets fluorescent,L2,61311102,XR3,272.0
Platelets fluorescent,L2,61311102,XR3,277.0
Platelets fluorescent,L2,61311102,XR3,257.0
Platelets fluorescent,L2,61311102,XR3,286.0
Platelets fluorescent,L2,61311102,XR3,266.0
Platelets fluorescent,L2,61311102,XR3,265.0
Platelets fluorescent,L2,61311102,XR3,290.0
Platelets fluorescent,L2,61311102,XR3,277.0
Platelets fluorescent,L2,61311102,XR3,279.0
Platelets fluorescent,L2,61311102,XR3,279.0
Platelets fluorescent,L2,61311102,XR3,267.0
Platelets fluorescent,L2,61311102,XR3,283.0
Platelets fluorescent,L2,61311102,XR3,279.0
Platelets fluorescent,L2,61311102,XR3,269.0
Platelets fluorescent,L2,61311102,XR3,269.0
Platelets fluorescent,L2,61311102,XR3,273.0
Platelets fluorescent,L2,61311102,XR3,276.0
Platelets fluorescent,L2,61311102,XR3,265.0
Platelets fluorescent,L2,61311102,XR3,275.0
Platelets fluorescent,L2,61311102,XR3,272.0
Platelets fluorescent,L2,61311102,XR3,265.0
Platelets fluorescent,L2,61311102,XR3,269.0
Platelets fluorescent,L2,61311102,XR3,273.0
Platelets fluorescent,L2,61311102,XR3,271.0
Platelets fluorescent,L2,61311102,XR3,276.0
Platelets fluorescent,L3,53281103,XR3,544.0
Platelets fluorescent,L3,53281103,XR3,547.0
Platelets fluorescent,L3,53281103,XR3,546.0
Platelets fluorescent,L3,53281103,XR3,541.0
Platelets fluorescent,L3,53281103,XR3,540.0
Platelets fluorescent,L3,53281103,XR3,536.0
Platelets fluorescent,L3,53281103,XR3,547.0
Platelets fluorescent,L3,53281103,XR3,545.0
Platelets fluorescent,L3,53281103,XR3,542.0
Platelets fluorescent,L3,53281103,XR3,536.0
Platelets fluorescent,L3,53281103,XR3,544.0
Platelets fluorescent,L3,53281103,XR3,546.0
Platelets fluorescent,L3,53281103,XR3,550.0
Platelets fluorescent,L3,53281103,XR3,559.0
Platelets fluorescent,L3,53281103,XR3,549.0
Platelets fluorescent,L3,53281103,XR3,549.0
Platelets fluorescent,L3,53281103,XR3,552.0
Platelets fluorescent,L3,53281103,XR3,546.0
Platelets fluorescent,L3,53281103,XR3,556.0
Platelets fluorescent,L3,53281103,XR3,558.0
Platelets fluorescent,L3,53281103,XR3,551.0
Platelets fluorescent,L3,53281103,XR3,551.0
Platelets fluorescent,L3,53281103,XR3,551.0
Platelets fluorescent,L3,53281103,XR3,550.0
Platelets fluorescent,L3,53281103,XR3,550.0
Platelets fluorescent,L3,53281103,XR3,548.0
Platelets fluorescent,L3,53281103,XR3,556.0
Platelets fluorescent,L3,53281103,XR3,560.0
Platelets fluorescent,L3,53281103,XR3,546.0
Platelets fluorescent,L3,53281103,XR3,555.0
Platelets fluorescent,L3,53281103,XR3,552.0
Platelets fluorescent,L3,53281103,XR3,548.0
Platelets fluorescent,L3,53281103,XR3,556.0
Platelets fluorescent,L3,53281103,XR3,566.0
Platelets fluorescent,L3,53281103,XR3,556.0
Platelets fluorescent,L3,53281103,XR3,557.0
Platelets fluorescent,L3,53281103,XR3,557.0
Platelets fluorescent,L3,53281103,XR3,565.0
Platelets fluorescent,L3,53281103,XR3,561.0
Platelets fluorescent,L3,53281103,XR3,570.0
Platelets fluorescent,L3,53281103,XR3,571.0
Platelets fluorescent,L3,53281103,XR3,560.0
Platelets fluorescent,L3,53281103,XR3,579.0
Platelets fluorescent,L3,53281103,XR3,575.0
Platelets fluorescent,L3,53281103,XR3,582.0
Platelets fluorescent,L3,53281103,XR3,559.0
Platelets fluorescent,L3,53281103,XR3,570.0
Platelets fluorescent,L3,53281103,XR3,579.0
Platelets fluorescent,L3,53281103,XR3,561.0
Platelets fluorescent,L3,53281103,XR3,564.0
Platelets fluorescent,L3,53281103,XR3,566.0
Platelets fluorescent,L3,53281103,XR3,567.0
Platelets fluorescent,L3,53281103,XR3,581.0
Platelets fluorescent,L3,53281103,XR3,573.0
Platelets fluorescent,L3,60191103,XR3,558.0
Platelets fluorescent,L3,60191103,XR3,555.0
Platelets fluorescent,L3,60191103,XR3,543.0
Platelets fluorescent,L3,60191103,XR3,556.0
Platelets fluorescent,L3,60191103,XR3,554.0
Platelets fluorescent,L3,60191103,XR3,558.0
Platelets fluorescent,L3,60191103,XR3,546.0
Platelets fluorescent,L3,60191103,XR3,561.0
Platelets fluorescent,L3,60191103,XR3,556.0
Platelets fluorescent,L3,60191103,XR3,556.0
Platelets fluorescent,L3,60191103,XR3,543.0
Platelets fluorescent,L3,60191103,XR3,550.0
Platelets fluorescent,L3,60191103,XR3,552.0
Platelets fluorescent,L3,60191103,XR3,557.0
Platelets fluorescent,L3,60191103,XR3,561.0
Platelets fluorescent,L3,60191103,XR3,547.0
Platelets fluorescent,L3,60191103,XR3,547.0
Platelets fluorescent,L3,60191103,XR3,554.0
Platelets fluorescent,L3,60191103,XR3,555.0
Platelets fluorescent,L3,60191103,XR3,553.0
Platelets fluorescent,L3,60191103,XR3,556.0
Platelets fluorescent,L3,60191103,XR3,548.0
Platelets fluorescent,L3,60191103,XR3,560.0
Platelets fluorescent,L3,60191103,XR3,549.0
Platelets fluorescent,L3,60191103,XR3,544.0
Platelets fluorescent,L3,60191103,XR3,560.0
Platelets fluorescent,L3,60191103,XR3,552.0
Platelets fluorescent,L3,60191103,XR3,562.0
Platelets fluorescent,L3,60191103,XR3,554.0
Platelets fluorescent,L3,60191103,XR3,555.0
Platelets fluorescent,L3,60191103,XR3,561.0
Platelets fluorescent,L3,60191103,XR3,561.0
Platelets fluorescent,L3,60191103,XR3,545.0
Platelets fluorescent,L3,60191103,XR3,560.0
Platelets fluorescent,L3,60191103,XR3,546.0
Platelets fluorescent,L3,60191103,XR3,563.0
Platelets fluorescent,L3,60191103,XR3,553.0
Platelets fluorescent,L3,60191103,XR3,564.0
Platelets fluorescent,L3,60191103,XR3,558.0
Platelets fluorescent,L3,60191103,XR3,562.0
Platelets fluorescent,L3,60191103,XR3,551.0
Platelets fluorescent,L3,60191103,XR3,556.0
Platelets fluorescent,L3,60191103,XR3,568.0
Platelets fluorescent,L3,60191103,XR3,556.0
Platelets fluorescent,L3,60191103,XR3,564.0
Platelets fluorescent,L3,60191103,XR3,573.0
Platelets fluorescent,L3,60191103,XR3,564.0
Platelets fluorescent,L3,60191103,XR3,554.0
Platelets fluorescent,L3,60191103,XR3,558.0
Platelets fluorescent,L3,60191103,XR3,563.0
Platelets fluorescent,L3,60191103,XR3,555.0
Platelets fluorescent,L3,60191103,XR3,554.0
Platelets fluorescent,L3,60191103,XR3,561.0
Platelets fluorescent,L3,60191103,XR3,557.0
Platelets fluorescent,L3,60191103,XR3,566.0
Platelets fluorescent,L3,60191103,XR3,569.0
Platelets fluorescent,L3,60191103,XR3,583.0
Platelets fluorescent,L3,60191103,XR3,572.0
Platelets fluorescent,L3,60191103,XR3,528.0
Platelets fluorescent,L3,60191103,XR3,531.0
Platelets fluorescent,L3,60191103,XR3,526.0
Platelets fluorescent,L3,60191103,XR3,531.0
Platelets fluorescent,L3,60191103,XR3,530.0
Platelets fluorescent,L3,60191103,XR3,534.0
Platelets fluorescent,L3,60191103,XR3,526.0
Platelets fluorescent,L3,60191103,XR3,530.0
Platelets fluorescent,L3,60191103,XR3,524.0
Platelets fluorescent,L3,60191103,XR3,527.0
Platelets fluorescent,L3,60191103,XR3,527.0
Platelets fluorescent,L3,60191103,XR3,532.0
Platelets fluorescent,L3,60191103,XR3,528.0
Platelets fluorescent,L3,60191103,XR3,534.0
Platelets fluorescent,L3,60191103,XR3,526.0
Platelets fluorescent,L3,60191103,XR3,528.0
Platelets fluorescent,L3,60191103,XR3,528.0
Platelets fluorescent,L3,60191103,XR3,533.0
Platelets fluorescent,L3,60191103,XR3,531.0
Platelets fluorescent,L3,60191103,XR3,537.0
Platelets fluorescent,L3,60191103,XR3,539.0
Platelets fluorescent,L3,60191103,XR3,537.0
Platelets fluorescent,L3,60191103,XR3,534.0
Platelets fluorescent,L3,60191103,XR3,538.0
Platelets fluorescent,L3,60191103,XR3,534.0
Platelets fluorescent,L3,60191103,XR3,543.0
Platelets fluorescent,L3,60191103,XR3,529.0
Platelets fluorescent,L3,60191103,XR3,539.0
Platelets fluorescent,L3,60191103,XR3,538.0
Platelets fluorescent,L3,60191103,XR3,531.0
Platelets fluorescent,L3,60191103,XR3,539.0
Platelets fluorescent,L3,60191103,XR3,536.0
Platelets fluorescent,L3,60191103,XR3,541.0
Platelets fluorescent,L3,60191103,XR3,538.0
Platelets fluorescent,L3,60191103,XR3,539.0
Platelets fluorescent,L3,60191103,XR3,531.0
Platelets fluorescent,L3,60191103,XR3,527.0
Platelets fluorescent,L3,60191103,XR3,531.0
Platelets fluorescent,L3,60191103,XR3,532.0
Platelets fluorescent,L3,60191103,XR3,529.0
Platelets fluorescent,L3,60191103,XR3,542.0
Platelets fluorescent,L3,60191103,XR3,542.0
Platelets fluorescent,L3,60191103,XR3,528.0
Platelets fluorescent,L3,60191103,XR3,533.0
Platelets fluorescent,L3,60191103,XR3,545.0
Platelets fluorescent,L3,60191103,XR3,529.0
Platelets fluorescent,L3,60191103,XR3,538.0
Platelets fluorescent,L3,60191103,XR3,540.0
Platelets fluorescent,L3,60191103,XR3,534.0
Platelets fluorescent,L3,60191103,XR3,540.0
Platelets fluorescent,L3,60191103,XR3,539.0
Platelets fluorescent,L3,60191103,XR3,530.0
Platelets fluorescent,L3,60191103,XR3,525.0
Platelets fluorescent,L3,60191103,XR3,529.0
Platelets fluorescent,L3,60191103,XR3,529.0
Platelets fluorescent,L3,60191103,XR3,540.0
Platelets fluorescent,L3,60191103,XR3,541.0
Platelets fluorescent,L3,60191103,XR3,544.0
Platelets fluorescent,L3,60191103,XR3,550.0
Platelets fluorescent,L3,60751103,XR3,534.0
Platelets fluorescent,L3,60751103,XR3,540.0
Platelets fluorescent,L3,60751103,XR3,538.0
Platelets fluorescent,L3,60751103,XR3,542.0
Platelets fluorescent,L3,60751103,XR3,533.0
Platelets fluorescent,L3,60751103,XR3,541.0
Platelets fluorescent,L3,60751103,XR3,533.0
Platelets fluorescent,L3,60751103,XR3,537.0
Platelets fluorescent,L3,60751103,XR3,532.0
Platelets fluorescent,L3,60751103,XR3,547.0
Platelets fluorescent,L3,60751103,XR3,531.0
Platelets fluorescent,L3,60751103,XR3,544.0
Platelets fluorescent,L3,60751103,XR3,543.0
Platelets fluorescent,L3,60751103,XR3,536.0
Platelets fluorescent,L3,60751103,XR3,546.0
Platelets fluorescent,L3,60751103,XR3,544.0
Platelets fluorescent,L3,60751103,XR3,544.0
Platelets fluorescent,L3,60751103,XR3,544.0
Platelets fluorescent,L3,60751103,XR3,540.0
Platelets fluorescent,L3,60751103,XR3,534.0
Platelets fluorescent,L3,60751103,XR3,538.0
Platelets fluorescent,L3,60751103,XR3,549.0
Platelets fluorescent,L3,60751103,XR3,548.0
Platelets fluorescent,L3,60751103,XR3,545.0
Platelets fluorescent,L3,60751103,XR3,564.0
Platelets fluorescent,L3,60751103,XR3,554.0
Platelets fluorescent,L3,60751103,XR3,555.0
Platelets fluorescent,L3,60751103,XR3,549.0
Platelets fluorescent,L3,60751103,XR3,542.0
Platelets fluorescent,L3,60751103,XR3,553.0
Platelets fluorescent,L3,60751103,XR3,543.0
Platelets fluorescent,L3,60751103,XR3,558.0
Platelets fluorescent,L3,60751103,XR3,550.0
Platelets fluorescent,L3,60751103,XR3,549.0
Platelets fluorescent,L3,60751103,XR3,541.0
Platelets fluorescent,L3,60751103,XR3,548.0
Platelets fluorescent,L3,60751103,XR3,540.0
Platelets fluorescent,L3,60751103,XR3,547.0
Platelets fluorescent,L3,60751103,XR3,545.0
Platelets fluorescent,L3,60751103,XR3,551.0
Platelets fluorescent,L3,60751103,XR3,561.0
Platelets fluorescent,L3,60751103,XR3,549.0
Platelets fluorescent,L3,60751103,XR3,552.0
Platelets fluorescent,L3,60751103,XR3,544.0
Platelets fluorescent,L3,60751103,XR3,546.0
Platelets fluorescent,L3,60751103,XR3,542.0
Platelets fluorescent,L3,60751103,XR3,547.0
Platelets fluorescent,L3,60751103,XR3,549.0
Platelets fluorescent,L3,60751103,XR3,539.0
Platelets fluorescent,L3,60751103,XR3,545.0
Platelets fluorescent,L3,60751103,XR3,554.0
Platelets fluorescent,L3,60751103,XR3,546.0
Platelets fluorescent,L3,60751103,XR3,534.0
Platelets fluorescent,L3,60751103,XR3,553.0
Platelets fluorescent,L3,60751103,XR3,543.0
Platelets fluorescent,L3,60751103,XR3,538.0
Platelets fluorescent,L3,60751103,XR3,543.0
Platelets fluorescent,L3,60751103,XR3,540.0
Platelets fluorescent,L3,60751103,XR3,541.0
Platelets fluorescent,L3,60751103,XR3,554.0
Platelets fluorescent,L3,60751103,XR3,544.0
Platelets fluorescent,L3,60751103,XR3,552.0
Platelets fluorescent,L3,60751103,XR3,547.0
Platelets fluorescent,L3,60751103,XR3,546.0
Platelets fluorescent,L3,60751103,XR3,549.0
Platelets fluorescent,L3,60751103,XR3,540.0
Platelets fluorescent,L3,60751103,XR3,549.0
Platelets fluorescent,L3,60751103,XR3,550.0
Platelets fluorescent,L3,60751103,XR3,554.0
Platelets fluorescent,L3,60751103,XR3,567.0
Platelets fluorescent,L3,60751103,XR3,556.0
Platelets fluorescent,L3,60751103,XR3,571.0
Platelets fluorescent,L3,60751103,XR3,551.0
Platelets fluorescent,L3,60751103,XR3,565.0
Platelets fluorescent,L3,60751103,XR3,548.0
Platelets fluorescent,L3,60751103,XR3,550.0
Platelets fluorescent,L3,60751103,XR3,555.0
Platelets fluorescent,L3,60751103,XR3,551.0
Platelets fluorescent,L3,60751103,XR3,548.0
Platelets fluorescent,L3,60751103,XR3,546.0
Platelets fluorescent,L3,60751103,XR3,548.0
Platelets fluorescent,L3,60751103,XR3,550.0
Platelets fluorescent,L3,60751103,XR3,554.0
Platelets fluorescent,L3,60751103,XR3,562.0
Platelets fluorescent,L3,60751103,XR3,563.0
Platelets fluorescent,L3,60751103,XR3,560.0
Platelets fluorescent,L3,60751103,XR3,567.0
Platelets fluorescent,L3,60751103,XR3,553.0
Platelets fluorescent,L3,60751103,XR3,564.0
Platelets fluorescent,L3,60751103,XR3,560.0
Platelets fluorescent,L3,60751103,XR3,560.0
Platelets fluorescent,L3,60751103,XR3,553.0
Platelets fluorescent,L3,60751103,XR3,563.0
Platelets fluorescent,L3,60751103,XR3,552.0
Platelets fluorescent,L3,60751103,XR3,563.0
Platelets fluorescent,L3,60751103,XR3,552.0
Platelets fluorescent,L3,60751103,XR3,552.0
Platelets fluorescent,L3,60751103,XR3,562.0
Platelets fluorescent,L3,60751103,XR3,557.0
Platelets fluorescent,L3,60751103,XR3,546.0
Platelets fluorescent,L3,60751103,XR3,556.0
Platelets fluorescent,L3,60751103,XR3,552.0
Platelets fluorescent,L3,60751103,XR3,556.0
Platelets fluorescent,L3,60751103,XR3,544.0
Platelets fluorescent,L3,60751103,XR3,545.0
Platelets fluorescent,L3,60751103,XR3,535.0
Platelets fluorescent,L3,61311103,XR3,550.0
Platelets fluorescent,L3,60751103,XR3,565.0
Platelets fluorescent,L3,60751103,XR3,561.0
Platelets fluorescent,L3,60751103,XR3,569.0
Platelets fluorescent,L3,60751103,XR3,551.0
Platelets fluorescent,L3,60751103,XR3,560.0
Platelets fluorescent,L3,60751103,XR3,563.0
Platelets fluorescent,L3,61311103,XR3,537.0
Platelets fluorescent,L3,61311103,XR3,540.0
Platelets fluorescent,L3,61311103,XR3,530.0
Platelets fluorescent,L3,61311103,XR3,531.0
Platelets fluorescent,L3,61311103,XR3,535.0
Platelets fluorescent,L3,61311103,XR3,531.0
Platelets fluorescent,L3,61311103,XR3,538.0
Platelets fluorescent,L3,61311103,XR3,524.0
Platelets fluorescent,L3,61311103,XR3,532.0
Platelets fluorescent,L3,61311103,XR3,533.0
Platelets fluorescent,L3,61311103,XR3,540.0
Platelets fluorescent,L3,61311103,XR3,532.0
Platelets fluorescent,L3,61311103,XR3,542.0
Platelets fluorescent,L3,61311103,XR3,539.0
Platelets fluorescent,L3,61311103,XR3,539.0
Platelets fluorescent,L3,61311103,XR3,546.0
Platelets fluorescent,L3,61311103,XR3,544.0
Platelets fluorescent,L3,61311103,XR3,530.0
Platelets fluorescent,L3,61311103,XR3,540.0
Platelets fluorescent,L3,61311103,XR3,539.0
Platelets fluorescent,L3,61311103,XR3,541.0
Platelets fluorescent,L3,61311103,XR3,533.0
Platelets fluorescent,L3,61311103,XR3,540.0
Platelets fluorescent,L3,61311103,XR3,530.0
Platelets fluorescent,L3,61311103,XR3,541.0
Platelets fluorescent,L3,61311103,XR3,535.0
Platelets fluorescent,L3,61311103,XR3,545.0
Platelets fluorescent,L3,61311103,XR3,527.0
Platelets fluorescent,L3,61311103,XR3,538.0
Platelets fluorescent,L3,61311103,XR3,529.0
Platelets fluorescent,L3,61311103,XR3,537.0
Platelets fluorescent,L3,61311103,XR3,536.0
Platelets fluorescent,L3,61311103,XR3,548.0
Platelets fluorescent,L3,61311103,XR3,538.0
Platelets fluorescent,L3,61311103,XR3,544.0
Platelets fluorescent,L3,61311103,XR3,544.0
Platelets fluorescent,L3,61311103,XR3,547.0
Platelets fluorescent,L3,61311103,XR3,542.0
Platelets fluorescent,L3,61311103,XR3,548.0
Platelets fluorescent,L3,61311103,XR3,541.0
Platelets fluorescent,L3,61311103,XR3,547.0
Platelets fluorescent,L3,61311103,XR3,546.0
Platelets fluorescent,L3,61311103,XR3,547.0
Platelets fluorescent,L3,61311103,XR3,546.0
Platelets fluorescent,L3,61311103,XR3,536.0
Platelets fluorescent,L3,61311103,XR3,536.0
Platelets fluorescent,L3,61311103,XR3,544.0
Platelets fluorescent,L3,61311103,XR3,543.0
Platelets fluorescent,L3,61311103,XR3,544.0
Platelets fluorescent,L3,61311103,XR3,540.0
Platelets fluorescent,L3,61311103,XR3,543.0
Platelets fluorescent,L3,61311103,XR3,539.0
Platelets fluorescent,L3,61311103,XR3,547.0
Platelets fluorescent,L3,61311103,XR3,536.0
Platelets fluorescent,L3,61311103,XR3,540.0
Platelets fluorescent,L3,61311103,XR3,539.0
Platelets fluorescent,L3,61311103,XR3,545.0
Platelets fluorescent,L3,61311103,XR3,544.0
Platelets fluorescent,L3,61311103,XR3,541.0
Platelets fluorescent,L3,61311103,XR3,534.0
Platelets fluorescent,L3,61311103,XR3,546.0
Platelets fluorescent,L3,61311103,XR3,543.0
Platelets fluorescent,L3,61311103,XR3,552.0
Platelets fluorescent,L3,61311103,XR3,546.0
Platelets fluorescent,L3,61311103,XR3,545.0
Platelets fluorescent,L3,61311103,XR3,544.0
Platelets fluorescent,L3,61311103,XR3,547.0
Platelets fluorescent,L3,61311103,XR3,529.0
Platelets fluorescent,L3,61311103,XR3,542.0
Platelets fluorescent,L3,61311103,XR3,544.0
Platelets fluorescent,L3,61311103,XR3,539.0
Platelets fluorescent,L3,61311103,XR3,541.0
Platelets fluorescent,L3,61311103,XR3,539.0
Platelets fluorescent,L3,61311103,XR3,534.0
Platelets fluorescent,L3,61311103,XR3,543.0
Platelets fluorescent,L3,61311103,XR3,545.0
Platelets fluorescent,L3,61311103,XR3,547.0
Platelets fluorescent,L3,61311103,XR3,544.0
Platelets fluorescent,L3,61311103,XR3,550.0
Platelets fluorescent,L3,61311103,XR3,536.0
Platelets fluorescent,L3,61311103,XR3,548.0
Platelets fluorescent,L3,61311103,XR3,545.0
Platelets fluorescent,L3,61311103,XR3,546.0
Platelets fluorescent,L3,61311103,XR3,552.0
Platelets fluorescent,L3,61311103,XR3,547.0
Platelets fluorescent,L3,61311103,XR3,556.0
Platelets fluorescent,L3,61311103,XR3,555.0
Platelets fluorescent,L3,61311103,XR3,545.0
Platelets fluorescent,L3,61311103,XR3,555.0
Platelets fluorescent,L3,61311103,XR3,542.0
Platelets fluorescent,L3,61311103,XR3,520.0
Platelets fluorescent,L3,61311103,XR3,549.0
Platelets fluorescent,L3,61311103,XR3,557.0
Platelets fluorescent,L3,61311103,XR3,561.0
